{
"type": "FeatureCollection",
"name": "Railway_network",
"crs": { "type": "name", "properties": { "name": "urn:ogc:def:crs:OGC:1.3:CRS84" } },
"features": [
{"type":"Feature","properties":{"name":"Tirunelveli - Tiruchendur","bridge":"F","tunnel":"F"},"geometry":{"type":"MultiLineString","coordinates":[[[78.1155303,8.5096105],[78.1134727,8.5173973],[78.1127453,8.5203193],[78.1126267,8.5207087],[78.112352,8.5216863],[78.1102324,8.5298001],[78.1046024,8.5512256],[78.1023836,8.5596395],[78.1021132,8.5606742],[78.102092,8.5607554],[78.1020619,8.5608702],[78.101966,8.561236],[78.1018216,8.5617871],[78.1017478,8.5620687],[78.1015772,8.562719],[78.1009675,8.5650432],[78.1007575,8.5658437],[78.1002676,8.5677466],[78.1000327,8.5686588],[78.0996334,8.5701242],[78.099613,8.570199],[78.0993112,8.5713513],[78.0992428,8.5716123],[78.0991154,8.5720989],[78.099058,8.572318],[78.0987588,8.5734671],[78.0983275,8.5751234],[78.0981106,8.5759572],[78.0980235,8.576274],[78.0979172,8.5765971],[78.0978218,8.5768365],[78.0977136,8.577076],[78.0975871,8.5772981],[78.0974503,8.5775015],[78.0970469,8.5779961],[78.0968434,8.5781932],[78.0965949,8.5784127],[78.0963209,8.5785975],[78.0959488,8.5788105],[78.0955667,8.578981],[78.0951849,8.5791045],[78.0947594,8.5791823],[78.0920805,8.5794159],[78.0887585,8.5796819],[78.0877357,8.579774],[78.0847478,8.5800279],[78.0830898,8.5801684],[78.0795842,8.5804461],[78.073076,8.581017]]]}},
{"type":"Feature","properties":{"name":null,"bridge":"F","tunnel":"F"},"geometry":{"type":"MultiLineString","coordinates":[[[78.2197132,8.7457258],[78.2171222,8.7444123],[78.2169276,8.7443337],[78.216723,8.7442881],[78.2165365,8.744277],[78.2163771,8.7442846],[78.2162087,8.7443029],[78.216066,8.7443412],[78.2159088,8.7444003],[78.2154557,8.7445898],[78.2127506,8.7458549],[78.2117501,8.7463227],[78.2116378,8.7463753],[78.2102191,8.7470347],[78.195931,8.7536372],[78.194599,8.754257],[78.1943425,8.7543456],[78.1939664,8.7544482],[78.1925797,8.7546653],[78.1865929,8.7556357],[78.1815587,8.7564367]]]}},
{"type":"Feature","properties":{"name":"Line 2: Chennai Egmore - Nagercoil","bridge":"F","tunnel":"F"},"geometry":{"type":"MultiLineString","coordinates":[[[77.706203,8.7265895],[77.7055004,8.7261527],[77.7051825,8.7259474],[77.7051027,8.7258882],[77.7049843,8.7258003],[77.7047949,8.7256211],[77.7046126,8.7254425],[77.7044442,8.7252476],[77.7042961,8.725023],[77.7041892,8.7247673],[77.7040923,8.7245148],[77.7040299,8.7242543],[77.7040043,8.7240518],[77.7039972,8.7238679],[77.7040007,8.7237166],[77.7040009,8.7235741],[77.7040089,8.7234319],[77.7040247,8.7232903],[77.7040483,8.7231497],[77.7040797,8.7230106],[77.7041186,8.7228735],[77.7041651,8.7227386],[77.7042189,8.7226064],[77.7042847,8.722468],[77.7043585,8.7223337],[77.7044401,8.7222038],[77.7045293,8.7220789],[77.7046257,8.7219594],[77.704729,8.7218456],[77.7050763,8.7214323]]]}},
{"type":"Feature","properties":{"name":"Tirunelveli - Tiruchendur","bridge":"F","tunnel":"F"},"geometry":{"type":"MultiLineString","coordinates":[[[77.8128212,8.6695268],[77.8099246,8.6711994],[77.8040921,8.6745782],[77.8019184,8.675845],[77.7971848,8.6785795],[77.7875427,8.6841518],[77.7829326,8.6868298],[77.7654684,8.6970073],[77.7607106,8.6997005],[77.7587795,8.7008136],[77.7569744,8.7018496],[77.7555699,8.7026482],[77.7544384,8.7033209],[77.753436,8.7038845],[77.7529805,8.7041655],[77.7515839,8.704926],[77.7505148,8.7054175],[77.7495255,8.7058207],[77.7390956,8.709101],[77.7314125,8.7115191],[77.7289152,8.7123028]]]}},
{"type":"Feature","properties":{"name":null,"bridge":"F","tunnel":"F"},"geometry":{"type":"MultiLineString","coordinates":[[[78.1704237,8.7581938],[78.1694251,8.7582041],[78.1688006,8.7582105],[78.1682525,8.7581078],[78.1676797,8.7578629],[78.1675265,8.7577256],[78.1671706,8.7574067],[78.1666848,8.7566607],[78.1637538,8.7522367],[78.1633109,8.7517604],[78.1626923,8.7512905],[78.1619434,8.7509301],[78.1608103,8.7505761],[78.1604057,8.7505146],[78.1600484,8.7504603],[78.1593061,8.7504731],[78.1544286,8.7512262],[78.1539271,8.7511683],[78.1533462,8.7508654],[78.1529353,8.7504853],[78.1526531,8.7500839],[78.1524868,8.7496741],[78.1523951,8.7490193],[78.1520405,8.745345],[78.1517865,8.7424177],[78.1516653,8.7420396],[78.1514764,8.7416657],[78.1512976,8.7414292],[78.1509121,8.7411791],[78.1504628,8.7409153],[78.150072,8.7408058],[78.1495967,8.740838],[78.1491213,8.7409603],[78.1487892,8.7411148],[78.1482617,8.7413722],[78.147858,8.7414945],[78.1457305,8.7418263],[78.137357,8.7431036],[78.1347542,8.7434978]]]}},
{"type":"Feature","properties":{"name":null,"bridge":"F","tunnel":"F"},"geometry":{"type":"MultiLineString","coordinates":[[[78.1076752,8.8019252],[78.1073223,8.8045693],[78.107125,8.8052962],[78.1068051,8.8060862],[78.106335,8.8068111],[78.1059651,8.8072353],[78.1055446,8.807605],[78.1051465,8.8078859],[78.1044192,8.8083382]]]}},
{"type":"Feature","properties":{"name":"Tambiraparani Bridge","bridge":"T","tunnel":"F"},"geometry":{"type":"MultiLineString","coordinates":[[[77.7050763,8.7214323],[77.7066466,8.7194977]]]}},
{"type":"Feature","properties":{"name":null,"bridge":"F","tunnel":"F"},"geometry":{"type":"MultiLineString","coordinates":[[[77.7084452,8.7420926],[77.7083132,8.7417093],[77.7082476,8.741409],[77.7081951,8.7410148],[77.708171,8.7407066],[77.7079755,8.7368398],[77.7079251,8.7358009],[77.7078747,8.7347982],[77.7078753,8.7346492],[77.7078862,8.7340783]]]}},
{"type":"Feature","properties":{"name":"Line 1: Nagercoil - Chennai Egmore","bridge":"F","tunnel":"F"},"geometry":{"type":"MultiLineString","coordinates":[[[77.7080285,8.7299286],[77.7079853,8.7302288],[77.7079715,8.730387],[77.7079126,8.7308048],[77.7079241,8.7312886],[77.7080758,8.7344275],[77.7081328,8.7357667],[77.7082425,8.7375321],[77.7083024,8.7382697],[77.7083214,8.7384503],[77.7084444,8.7391562],[77.7085663,8.7415349],[77.7085825,8.7416993],[77.708621,8.7420766],[77.7086493,8.742311],[77.7086907,8.7425995]]]}},
{"type":"Feature","properties":{"name":null,"bridge":"F","tunnel":"F"},"geometry":{"type":"MultiLineString","coordinates":[[[77.7077224,8.7315555],[77.7077878,8.7320208],[77.7078862,8.7340783],[77.7080182,8.7368379],[77.7082002,8.7405116],[77.7082244,8.7409809],[77.7082887,8.7414117],[77.7083478,8.7416848],[77.7084452,8.7420926],[77.7084963,8.7423565]]]}},
{"type":"Feature","properties":{"name":null,"bridge":"F","tunnel":"F"},"geometry":{"type":"MultiLineString","coordinates":[[[78.1165227,8.5054634],[78.1166056,8.5051763],[78.116639,8.5049359],[78.1167338,8.504374],[78.1167687,8.5042109],[78.1170884,8.5029816],[78.1174164,8.5017201],[78.1175049,8.5014295],[78.1176699,8.5010316],[78.1177249,8.5008843],[78.1178224,8.500564],[78.117943,8.5001065]]]}},
{"type":"Feature","properties":{"name":null,"bridge":"F","tunnel":"F"},"geometry":{"type":"MultiLineString","coordinates":[[[78.1179063,8.5005973],[78.1177758,8.5009878],[78.1176736,8.5012911]]]}},
{"type":"Feature","properties":{"name":null,"bridge":"F","tunnel":"F"},"geometry":{"type":"MultiLineString","coordinates":[[[77.898484,8.8717148],[77.897693,8.872132],[77.8972239,8.8724635],[77.8967936,8.872738],[77.8962581,8.873004],[77.8959491,8.873132],[77.8956371,8.8732202],[77.8953858,8.8732603],[77.8950345,8.8732929],[77.8948213,8.8732919],[77.8944265,8.8732875],[77.8939971,8.8732355],[77.8936305,8.8731414],[77.8932521,8.8730008],[77.8929247,8.8728578],[77.8925994,8.8726585],[77.8921832,8.8723397],[77.8919683,8.8721584],[77.891851,8.872029],[77.8916566,8.8717929],[77.891488,8.8715685],[77.8913832,8.8714247],[77.8909903,8.8709104]]]}},
{"type":"Feature","properties":{"name":"Line 2: Chennai Egmore - Nagercoil","bridge":"F","tunnel":"F"},"geometry":{"type":"MultiLineString","coordinates":[[[77.6634034,8.4903466],[77.6633926,8.4900393],[77.6633234,8.4885568],[77.6633118,8.4883071],[77.6630691,8.4830704],[77.6629917,8.4810388],[77.6628501,8.4782104],[77.6627419,8.4760819],[77.6625785,8.4747285],[77.6624493,8.4741075],[77.6623078,8.4734926],[77.6620969,8.4727497],[77.6612302,8.4702037],[77.6607808,8.4689065],[77.6599309,8.4664642],[77.6595541,8.4655818],[77.6592009,8.4645649],[77.6587029,8.4631733],[77.6582572,8.4618815],[77.6577622,8.4605226],[77.6574806,8.4596846],[77.6571866,8.4588496],[77.6565926,8.457204],[77.6561148,8.45583],[77.6556217,8.4544651],[77.6553044,8.4536014],[77.6550148,8.4527439],[77.6548097,8.4522477],[77.6545799,8.4517575],[77.6540129,8.4509151],[77.6536388,8.4504556],[77.6532225,8.4500466],[77.6527475,8.4496102],[77.6516298,8.4486768],[77.6503637,8.4476027],[77.6492464,8.4466837],[77.648986,8.4464429],[77.6486592,8.4461309],[77.6481011,8.4455494],[77.6476067,8.4449862],[77.6471122,8.4443712],[77.6458414,8.4425514]]]}},
{"type":"Feature","properties":{"name":null,"bridge":"F","tunnel":"F"},"geometry":{"type":"MultiLineString","coordinates":[[[77.7084259,8.7379974],[77.7083962,8.7373759],[77.70827,8.7347429],[77.7082137,8.7334836],[77.7081761,8.7325796],[77.7080802,8.7307839],[77.7080746,8.730678],[77.7080425,8.7301774]]]}},
{"type":"Feature","properties":{"name":null,"bridge":"F","tunnel":"F"},"geometry":{"type":"MultiLineString","coordinates":[[[77.7080194,8.7305463],[77.7080095,8.7308321],[77.7080068,8.731101],[77.7079935,8.7316913],[77.7081037,8.733929],[77.7082029,8.7359677],[77.7082954,8.7375928],[77.7083115,8.7378208],[77.7084444,8.7391562]]]}},
{"type":"Feature","properties":{"name":null,"bridge":"F","tunnel":"F"},"geometry":{"type":"MultiLineString","coordinates":[[[77.7088697,8.7467609],[77.7088373,8.7458582],[77.7087032,8.7434988],[77.7086768,8.7432586],[77.7085781,8.7428709],[77.7084806,8.7425179],[77.7084343,8.7423448],[77.7083666,8.7421188],[77.7082169,8.7416411],[77.7081405,8.7413781],[77.7080469,8.7409179],[77.7079992,8.7405275],[77.7079597,8.7400732],[77.7079526,8.7398967],[77.7078731,8.7394848],[77.707812,8.7391614],[77.707775,8.7386585],[77.7077389,8.7380117],[77.7076719,8.7367206],[77.7076343,8.7361877],[77.7075985,8.7356233],[77.7075909,8.7349353],[77.7075432,8.7343448],[77.7074582,8.7337072],[77.7073292,8.732257]]]}},
{"type":"Feature","properties":{"name":null,"bridge":"F","tunnel":"F"},"geometry":{"type":"MultiLineString","coordinates":[[[77.7083024,8.7382697],[77.7082727,8.7388494],[77.7082512,8.739308],[77.7082271,8.7396898],[77.7082114,8.739918]]]}},
{"type":"Feature","properties":{"name":null,"bridge":"F","tunnel":"F"},"geometry":{"type":"MultiLineString","coordinates":[[[77.7085262,8.7354308],[77.7086184,8.7368644],[77.7086961,8.7382454],[77.70879,8.7399846],[77.7088503,8.7410584],[77.7088745,8.7416529],[77.7088764,8.7418353],[77.7088642,8.7422293]]]}},
{"type":"Feature","properties":{"name":null,"bridge":"F","tunnel":"F"},"geometry":{"type":"MultiLineString","coordinates":[[[77.7083214,8.7384503],[77.7083951,8.7391844],[77.7085073,8.7414092],[77.7085331,8.7417111],[77.7085728,8.7419182],[77.7086493,8.742311]]]}},
{"type":"Feature","properties":{"name":null,"bridge":"F","tunnel":"F"},"geometry":{"type":"MultiLineString","coordinates":[[[77.7079126,8.7308048],[77.7078344,8.7313197],[77.707822,8.7314807],[77.707814,8.7317246],[77.7078181,8.7319513],[77.707932,8.7342922],[77.7080621,8.7368399],[77.7082114,8.739918],[77.70828,8.7409555],[77.7083355,8.7413517],[77.708392,8.74169],[77.7085784,8.7425476],[77.7086716,8.7430093],[77.7087532,8.7434136]]]}},
{"type":"Feature","properties":{"name":null,"bridge":"F","tunnel":"F"},"geometry":{"type":"MultiLineString","coordinates":[[[77.7076494,8.7356929],[77.7077104,8.7367153],[77.7077389,8.7371236],[77.7077872,8.7382052],[77.7078323,8.7387858],[77.7078731,8.7394848]]]}},
{"type":"Feature","properties":{"name":"Line 2: Chennai Egmore - Nagercoil","bridge":"F","tunnel":"F"},"geometry":{"type":"MultiLineString","coordinates":[[[77.7089733,8.7468674],[77.7089642,8.7467208],[77.7089435,8.7463857],[77.7087852,8.7430057],[77.7087604,8.7425837],[77.7086819,8.7420443],[77.7086507,8.7417424],[77.7085216,8.739032],[77.7084777,8.7383175],[77.7084717,8.7379857],[77.7084396,8.737274],[77.7084141,8.7368063],[77.7083899,8.7363586],[77.708371,8.7359139],[77.7083499,8.7354987],[77.7082608,8.7335435],[77.708208,8.7324146],[77.7081805,8.7319049],[77.7081285,8.7306751],[77.708097,8.7300637],[77.7080572,8.7292804]]]}},
{"type":"Feature","properties":{"name":null,"bridge":"F","tunnel":"F"},"geometry":{"type":"MultiLineString","coordinates":[[[77.7085915,8.7354447],[77.708675,8.7368611],[77.7087528,8.7382423],[77.7088467,8.7399814],[77.708907,8.7410498],[77.7089218,8.7415986],[77.7089211,8.741929]]]}},
{"type":"Feature","properties":{"name":null,"bridge":"F","tunnel":"F"},"geometry":{"type":"MultiLineString","coordinates":[[[77.7086527,8.7354408],[77.7086991,8.7362302],[77.708785,8.7377227],[77.708852,8.7388945],[77.7089298,8.7403075],[77.7089754,8.7410525],[77.7089862,8.74147],[77.708977,8.7415953],[77.7089211,8.741929],[77.7088642,8.7422293],[77.7087986,8.7425802],[77.7087852,8.7430057]]]}},
{"type":"Feature","properties":{"name":null,"bridge":"F","tunnel":"F"},"geometry":{"type":"MultiLineString","coordinates":[[[77.7078747,8.7347982],[77.7078677,8.7352718],[77.7078286,8.7344923],[77.7079361,8.7368399],[77.7081265,8.7407158],[77.7081469,8.7410161],[77.7082056,8.741421],[77.708265,8.7416568],[77.7084121,8.7421105],[77.7084963,8.7423565],[77.7085651,8.7426396],[77.7086768,8.7432586]]]}},
{"type":"Feature","properties":{"name":null,"bridge":"F","tunnel":"F"},"geometry":{"type":"MultiLineString","coordinates":[[[77.7077209,8.735692],[77.7078033,8.7369459],[77.7078274,8.7374019],[77.7078945,8.7386585],[77.7079186,8.7390986],[77.7079526,8.7398967]]]}},
{"type":"Feature","properties":{"name":null,"bridge":"F","tunnel":"F"},"geometry":{"type":"MultiLineString","coordinates":[[[77.7292509,8.783851],[77.7294756,8.7841524],[77.7296211,8.7843825],[77.7297493,8.7846527],[77.729796,8.7848077],[77.7298312,8.784945],[77.7298565,8.7852281],[77.729843,8.7855572],[77.7297811,8.7859583],[77.7295352,8.7893907],[77.7293794,8.7911236]]]}},
{"type":"Feature","properties":{"name":null,"bridge":"F","tunnel":"F"},"geometry":{"type":"MultiLineString","coordinates":[[[78.152594,8.8067517],[78.1529671,8.8066995],[78.153128,8.806673],[78.1532767,8.8066472],[78.1535706,8.8065961],[78.1541098,8.8064915],[78.1553173,8.8061784],[78.1571726,8.8057059],[78.1586547,8.8052501],[78.1590772,8.8050853]]]}},
{"type":"Feature","properties":{"name":null,"bridge":"F","tunnel":"F"},"geometry":{"type":"MultiLineString","coordinates":[[[78.1586547,8.8052501],[78.1582894,8.8054609],[78.158143,8.8055288],[78.1579358,8.8056056],[78.1574956,8.8057299],[78.1553688,8.8063124],[78.1542312,8.8066061],[78.1538988,8.8066923],[78.1535172,8.8067285],[78.1532869,8.806726],[78.1528389,8.8067739],[78.152093,8.8068804]]]}},
{"type":"Feature","properties":{"name":null,"bridge":"F","tunnel":"F"},"geometry":{"type":"MultiLineString","coordinates":[[[77.7045961,8.7259588],[77.7053063,8.7261761],[77.705483,8.7262431],[77.7057061,8.7263278],[77.706203,8.7265895]]]}},
{"type":"Feature","properties":{"name":"Tirunelveli - Tiruchendur","bridge":"F","tunnel":"F"},"geometry":{"type":"MultiLineString","coordinates":[[[78.0321577,8.5827292],[78.0317219,8.5825485],[78.0309832,8.5822739],[78.0298988,8.5819272],[78.0290968,8.5816377],[78.0274053,8.5809964],[78.0218319,8.5788901],[78.0205817,8.5784131],[78.0105923,8.5746465],[78.0047642,8.572424],[78.0005267,8.5708214],[77.9931554,8.568027],[77.9922725,8.5676803],[77.9893014,8.5665462],[77.9888197,8.566383],[77.9873906,8.5658354],[77.9860653,8.5653476],[77.9846344,8.56479],[77.9840123,8.5645482],[77.9822495,8.5638923],[77.9819037,8.5637869],[77.9815883,8.5637115],[77.9813128,8.5636702]]]}},
{"type":"Feature","properties":{"name":"Tirunelveli - Tiruchendur","bridge":"T","tunnel":"F"},"geometry":{"type":"MultiLineString","coordinates":[[[78.043208,8.5868894],[78.0430086,8.5868474]]]}},
{"type":"Feature","properties":{"name":"Tirunelveli - Tiruchendur","bridge":"T","tunnel":"F"},"geometry":{"type":"MultiLineString","coordinates":[[[78.1157469,8.5087683],[78.1155303,8.5096105]]]}},
{"type":"Feature","properties":{"name":"Tirunelveli - Tiruchendur","bridge":"T","tunnel":"F"},"geometry":{"type":"MultiLineString","coordinates":[[[78.1166185,8.5054722],[78.116485,8.5059835]]]}},
{"type":"Feature","properties":{"name":null,"bridge":"T","tunnel":"F"},"geometry":{"type":"MultiLineString","coordinates":[[[78.1163905,8.5059617],[78.1165227,8.5054634]]]}},
{"type":"Feature","properties":{"name":"Tirunelveli - Tiruchendur","bridge":"F","tunnel":"F"},"geometry":{"type":"MultiLineString","coordinates":[[[78.116485,8.5059835],[78.1158492,8.5083963],[78.1157469,8.5087683]]]}},
{"type":"Feature","properties":{"name":null,"bridge":"F","tunnel":"F"},"geometry":{"type":"MultiLineString","coordinates":[[[78.1158492,8.5083963],[78.1159694,8.5076528],[78.116027,8.507353],[78.1163905,8.5059617]]]}},
{"type":"Feature","properties":{"name":null,"bridge":"F","tunnel":"F"},"geometry":{"type":"MultiLineString","coordinates":[[[78.1178224,8.500564],[78.1176736,8.5012911],[78.1172253,8.5029873],[78.1168639,8.5043568],[78.1168102,8.5045425],[78.1167217,8.5048165],[78.1166056,8.5051763]]]}},
{"type":"Feature","properties":{"name":null,"bridge":"F","tunnel":"F"},"geometry":{"type":"MultiLineString","coordinates":[[[78.116639,8.5049359],[78.1167003,8.5043369],[78.1167271,8.5041684],[78.1167593,8.5040106],[78.1172448,8.5021829]]]}},
{"type":"Feature","properties":{"name":null,"bridge":"F","tunnel":"F"},"geometry":{"type":"MultiLineString","coordinates":[[[77.7079853,8.7302288],[77.7078884,8.7305646],[77.7078127,8.7308292],[77.7077679,8.731025],[77.7077388,8.7311871],[77.7077165,8.7314174]]]}},
{"type":"Feature","properties":{"name":null,"bridge":"F","tunnel":"F"},"geometry":{"type":"MultiLineString","coordinates":[[[77.7081151,8.7294251],[77.7081263,8.7296291],[77.7081482,8.7300167],[77.7081442,8.7302301],[77.7081285,8.7306751]]]}},
{"type":"Feature","properties":{"name":null,"bridge":"F","tunnel":"F"},"geometry":{"type":"MultiLineString","coordinates":[[[77.708621,8.7420766],[77.708624,8.7416967],[77.7086187,8.7415283],[77.7085114,8.7396209],[77.7084814,8.7390094],[77.7084107,8.7384112],[77.7083558,8.7375518]]]}},
{"type":"Feature","properties":{"name":null,"bridge":"F","tunnel":"F"},"geometry":{"type":"MultiLineString","coordinates":[[[78.0941253,8.8099241],[78.0948061,8.8098357],[78.0953195,8.8098145],[78.0957599,8.8097529],[78.096756,8.8095648]]]}},
{"type":"Feature","properties":{"name":null,"bridge":"F","tunnel":"F"},"geometry":{"type":"MultiLineString","coordinates":[[[78.083613,8.8121156],[78.0844859,8.8119274],[78.0845649,8.8119104],[78.0848645,8.8117641],[78.0851335,8.811675],[78.0857221,8.8115161],[78.0927232,8.8101573],[78.0930881,8.8101008],[78.0934569,8.810026],[78.0941253,8.8099241],[78.0950029,8.8098998],[78.0953409,8.8098966],[78.095814,8.8098203]]]}},
{"type":"Feature","properties":{"name":null,"bridge":"F","tunnel":"F"},"geometry":{"type":"MultiLineString","coordinates":[[[78.0834603,8.8130131],[78.0838304,8.8129412],[78.0914214,8.8114664],[78.0921507,8.8113247],[78.0924913,8.8112399],[78.0930729,8.8110287],[78.0937992,8.810617],[78.094259,8.810396],[78.0948852,8.810239],[78.0964947,8.8099399],[78.0981679,8.8096798]]]}},
{"type":"Feature","properties":{"name":null,"bridge":"F","tunnel":"F"},"geometry":{"type":"MultiLineString","coordinates":[[[78.0857262,8.8095967],[78.0888811,8.8089949],[78.08927,8.8089498],[78.0896026,8.8089472],[78.0899674,8.8089922],[78.0904046,8.8090877],[78.0907586,8.8092228],[78.0916491,8.8096151]]]}},
{"type":"Feature","properties":{"name":"Tenkasi - Tirunelveli","bridge":"F","tunnel":"F"},"geometry":{"type":"MultiLineString","coordinates":[[[77.6991237,8.7241206],[77.701426,8.7248986],[77.7037884,8.7257011],[77.7045961,8.7259588],[77.7050913,8.7261395],[77.7053579,8.7262342],[77.7057387,8.7263823]]]}},
{"type":"Feature","properties":{"name":"Line 2: Chennai Egmore - Nagercoil","bridge":"T","tunnel":"F"},"geometry":{"type":"MultiLineString","coordinates":[[[77.6458414,8.4425514],[77.6453373,8.4418363]]]}},
{"type":"Feature","properties":{"name":"Line 2: Chennai Egmore - Nagercoil","bridge":"F","tunnel":"F"},"geometry":{"type":"MultiLineString","coordinates":[[[77.6453373,8.4418363],[77.6436884,8.4395489],[77.6427496,8.438194],[77.6415756,8.436512],[77.6409906,8.435712],[77.6405071,8.4350379],[77.6400483,8.4343426],[77.6396759,8.4336937],[77.6393141,8.4329821],[77.6386321,8.4315988],[77.6384972,8.431307],[77.6378792,8.4299288],[77.6360854,8.4261649],[77.6354379,8.4249086],[77.633565,8.4208472],[77.6327062,8.41903],[77.6318827,8.4173197],[77.6308853,8.4152232],[77.6299055,8.4131232],[77.629101,8.4114625],[77.6285533,8.4102762],[77.6281457,8.4091758],[77.6278713,8.4083425],[77.627638,8.407363],[77.6274519,8.4062336],[77.6273622,8.4055869],[77.6273186,8.4049298],[77.6272593,8.4031296],[77.6272267,8.4021641],[77.627158,8.4008868],[77.6270998,8.3996235],[77.6270128,8.398398],[77.626928,8.3975932],[77.6268502,8.3970264],[77.6267222,8.3964313],[77.6265977,8.3958852],[77.6263699,8.3951151],[77.6261686,8.3945061],[77.625946,8.3939041],[77.6254655,8.3927947],[77.6242553,8.3899842],[77.6231157,8.3873887],[77.6223611,8.3856038],[77.6215994,8.3838224],[77.621302,8.3832327],[77.6209452,8.3826207],[77.6205826,8.3821373],[77.620224,8.381706],[77.6198263,8.3812983],[77.6196051,8.3811114],[77.6184228,8.3800901],[77.6128205,8.3753094],[77.6123638,8.3749297],[77.6121542,8.3747496],[77.6094222,8.3724089],[77.6088988,8.3719473],[77.608481,8.3715536],[77.6080201,8.3710603],[77.6075741,8.3705016],[77.6070883,8.3697234],[77.6067606,8.3690109],[77.6064519,8.3681441],[77.6048916,8.3625494],[77.6046534,8.3617016],[77.6043774,8.3609703],[77.604089,8.360271],[77.6038084,8.3596844],[77.6035423,8.3591583],[77.6011446,8.3549447],[77.600135,8.3530912],[77.600005,8.3527986],[77.5998384,8.3524215],[77.5967677,8.3447608],[77.5963819,8.3437646],[77.5943378,8.3385094],[77.5936018,8.3366644],[77.5922633,8.3332499],[77.5920683,8.3327497],[77.5918672,8.3322739],[77.5916066,8.3317734],[77.5914007,8.3314264],[77.5911516,8.3310185],[77.5907981,8.330535],[77.5904631,8.3301673],[77.5901131,8.3298093],[77.589646,8.3293354],[77.5887242,8.3284364],[77.5879794,8.3277345],[77.586842,8.3265496],[77.586006,8.3257306],[77.5851885,8.32493],[77.584692,8.3243147],[77.5844139,8.3238854],[77.5841359,8.3234255],[77.5838785,8.3229519],[77.583658,8.3224356],[77.5834966,8.3219285],[77.5830954,8.3204745]]]}},
{"type":"Feature","properties":{"name":null,"bridge":"T","tunnel":"F"},"geometry":{"type":"MultiLineString","coordinates":[[[77.9781219,8.8536649],[77.9778685,8.8537206]]]}},
{"type":"Feature","properties":{"name":null,"bridge":"F","tunnel":"F"},"geometry":{"type":"MultiLineString","coordinates":[[[78.0382752,8.8212825],[78.0371858,8.8216419],[78.0363769,8.8219465],[78.0355871,8.8222473],[78.034165,8.8228396],[78.0328834,8.8234421],[78.0310436,8.8243053],[78.0283234,8.8255789],[78.0271787,8.8261333],[78.025701,8.8268152],[78.0245097,8.8273652],[78.0233194,8.8279334],[78.0219529,8.8285555],[78.0214445,8.8287845],[78.0202728,8.8293325],[78.0198466,8.8295318],[78.0189595,8.8299513]]]}},
{"type":"Feature","properties":{"name":null,"bridge":"F","tunnel":"F"},"geometry":{"type":"MultiLineString","coordinates":[[[77.7080572,8.7292804],[77.7080285,8.7299286]]]}},
{"type":"Feature","properties":{"name":"Tenkasi - Tirunelveli","bridge":"T","tunnel":"F"},"geometry":{"type":"MultiLineString","coordinates":[[[77.6795369,8.7182225],[77.6799976,8.7182091]]]}},
{"type":"Feature","properties":{"name":"Tenkasi - Tirunelveli","bridge":"F","tunnel":"F"},"geometry":{"type":"MultiLineString","coordinates":[[[77.6780478,8.718197],[77.6795369,8.7182225]]]}},
{"type":"Feature","properties":{"name":"Tenkasi - Tirunelveli","bridge":"T","tunnel":"F"},"geometry":{"type":"MultiLineString","coordinates":[[[77.6776939,8.7181872],[77.6780478,8.718197]]]}},
{"type":"Feature","properties":{"name":"Tenkasi - Tirunelveli","bridge":"F","tunnel":"F"},"geometry":{"type":"MultiLineString","coordinates":[[[77.6653442,8.7179525],[77.6659686,8.7179612],[77.6697367,8.7180291],[77.6736441,8.718107],[77.6776939,8.7181872]]]}},
{"type":"Feature","properties":{"name":"Tenkasi - Tirunelveli","bridge":"T","tunnel":"F"},"geometry":{"type":"MultiLineString","coordinates":[[[77.6651912,8.7179552],[77.6653442,8.7179525]]]}},
{"type":"Feature","properties":{"name":"Tenkasi - Tirunelveli","bridge":"F","tunnel":"F"},"geometry":{"type":"MultiLineString","coordinates":[[[77.662074,8.7180613],[77.6621063,8.7180604],[77.6631018,8.7179605],[77.6638261,8.7179366],[77.6645073,8.7179313],[77.6651912,8.7179552]]]}},
{"type":"Feature","properties":{"name":"Tenkasi - Tirunelveli","bridge":"T","tunnel":"F"},"geometry":{"type":"MultiLineString","coordinates":[[[77.6619029,8.7180709],[77.662074,8.7180613]]]}},
{"type":"Feature","properties":{"name":"Tenkasi - Tirunelveli","bridge":"F","tunnel":"F"},"geometry":{"type":"MultiLineString","coordinates":[[[77.6223707,8.719014],[77.6226084,8.7190209],[77.6259425,8.719128],[77.6320803,8.7193776],[77.6384071,8.719619],[77.6423338,8.7197679],[77.643024,8.7197764],[77.6435261,8.719751],[77.6439731,8.7197078],[77.6446322,8.719644],[77.6467176,8.7194546],[77.6486722,8.7192638],[77.6501307,8.7191535],[77.6605396,8.7182132],[77.6619029,8.7180709]]]}},
{"type":"Feature","properties":{"name":"Tenkasi - Tirunelveli","bridge":"T","tunnel":"F"},"geometry":{"type":"MultiLineString","coordinates":[[[77.6220285,8.7190011],[77.62214,8.7190041]]]}},
{"type":"Feature","properties":{"name":"Tenkasi - Tirunelveli","bridge":"F","tunnel":"F"},"geometry":{"type":"MultiLineString","coordinates":[[[77.62214,8.7190041],[77.6223707,8.719014]]]}},
{"type":"Feature","properties":{"name":"Tenkasi - Tirunelveli","bridge":"F","tunnel":"F"},"geometry":{"type":"MultiLineString","coordinates":[[[77.6160602,8.7187769],[77.6194805,8.7188982],[77.6220285,8.7190011]]]}},
{"type":"Feature","properties":{"name":"Tenkasi - Tirunelveli","bridge":"T","tunnel":"F"},"geometry":{"type":"MultiLineString","coordinates":[[[77.6096897,8.7185316],[77.6098182,8.7185262]]]}},
{"type":"Feature","properties":{"name":"Tenkasi - Tirunelveli","bridge":"F","tunnel":"F"},"geometry":{"type":"MultiLineString","coordinates":[[[77.6098182,8.7185262],[77.6112027,8.7185865]]]}},
{"type":"Feature","properties":{"name":"Tenkasi - Tirunelveli","bridge":"T","tunnel":"F"},"geometry":{"type":"MultiLineString","coordinates":[[[77.6112027,8.7185865],[77.6113059,8.7185959]]]}},
{"type":"Feature","properties":{"name":"Tenkasi - Tirunelveli","bridge":"F","tunnel":"F"},"geometry":{"type":"MultiLineString","coordinates":[[[77.6113059,8.7185959],[77.6141087,8.718696]]]}},
{"type":"Feature","properties":{"name":"Tenkasi - Tirunelveli","bridge":"F","tunnel":"F"},"geometry":{"type":"MultiLineString","coordinates":[[[77.614223,8.7187012],[77.6158996,8.7187718]]]}},
{"type":"Feature","properties":{"name":"Tenkasi - Tirunelveli","bridge":"T","tunnel":"F"},"geometry":{"type":"MultiLineString","coordinates":[[[77.6141087,8.718696],[77.614223,8.7187012]]]}},
{"type":"Feature","properties":{"name":"Tenkasi - Tirunelveli","bridge":"T","tunnel":"F"},"geometry":{"type":"MultiLineString","coordinates":[[[77.6158996,8.7187718],[77.6160602,8.7187769]]]}},
{"type":"Feature","properties":{"name":"Tenkasi - Tirunelveli","bridge":"F","tunnel":"F"},"geometry":{"type":"MultiLineString","coordinates":[[[77.6069785,8.7183195],[77.6075641,8.718404],[77.6079278,8.718433],[77.6085592,8.7184834],[77.6091312,8.7185028],[77.6096897,8.7185316]]]}},
{"type":"Feature","properties":{"name":"Line 1: Nagercoil - Chennai Egmore","bridge":"T","tunnel":"F"},"geometry":{"type":"MultiLineString","coordinates":[[[77.801021,8.839674],[77.8025955,8.8410839]]]}},
{"type":"Feature","properties":{"name":"Line 1: Nagercoil - Chennai Egmore","bridge":"F","tunnel":"F"},"geometry":{"type":"MultiLineString","coordinates":[[[77.7093598,8.7558139],[77.70944,8.7575002],[77.7095094,8.7582727],[77.7096355,8.7590203],[77.7098393,8.7599799],[77.7101425,8.7610272],[77.7110618,8.7636603],[77.7113374,8.7644623],[77.7113637,8.7645387],[77.7117276,8.7656449],[77.7124266,8.767556],[77.7128085,8.768431],[77.7132082,8.7692474],[77.7136454,8.7700135],[77.7140978,8.7706941],[77.7146861,8.7714742],[77.715303,8.7721581],[77.7159736,8.7728287],[77.7166459,8.7734134],[77.7251437,8.7803396],[77.7254955,8.7807014],[77.7267599,8.7817086],[77.7273013,8.7821731],[77.7279718,8.7826916],[77.728653,8.7832644],[77.7286866,8.7832907],[77.7287246,8.7833205],[77.7291424,8.7836612],[77.7297301,8.7841368],[77.7308211,8.7850365],[77.7318698,8.7859006],[77.7331439,8.7869265],[77.7343696,8.7879258],[77.7349463,8.788395],[77.7354738,8.7887727],[77.7368119,8.7898882],[77.7408189,8.7931627],[77.7503887,8.8009816],[77.7547446,8.8045434],[77.7606598,8.8093574],[77.7623317,8.8107083],[77.7700479,8.8170184],[77.7723796,8.8189405],[77.7754117,8.821494],[77.7757763,8.8217929],[77.7760377,8.8220071],[77.7765694,8.8224327],[77.7769516,8.822827],[77.7830579,8.8280366],[77.7841994,8.8290156],[77.78435,8.829137],[77.7852309,8.8297274],[77.7855355,8.8299772],[77.7866954,8.8308866],[77.787707,8.8315774],[77.7892375,8.8324682],[77.7948766,8.8354553],[77.7974989,8.8368839],[77.7980442,8.837221],[77.7984824,8.8375263],[77.7989815,8.8378759],[77.7998891,8.8385953],[77.801021,8.839674]]]}},
{"type":"Feature","properties":{"name":"Tirunelveli - Tiruchendur","bridge":"T","tunnel":"F"},"geometry":{"type":"MultiLineString","coordinates":[[[77.7289152,8.7123028],[77.7285156,8.7124301]]]}},
{"type":"Feature","properties":{"name":"Tirunelveli - Tiruchendur","bridge":"F","tunnel":"F"},"geometry":{"type":"MultiLineString","coordinates":[[[77.7285156,8.7124301],[77.727783,8.7126306],[77.7267346,8.7129523],[77.725653,8.7132349],[77.7232813,8.7137818],[77.7205903,8.7144129],[77.7180002,8.7150284],[77.7149842,8.7157251],[77.7142527,8.7159009],[77.7135581,8.7160827],[77.7129958,8.7162385],[77.7118835,8.7164587],[77.7111628,8.7166331],[77.7105938,8.7167694],[77.7100589,8.7168938],[77.7096029,8.7170475],[77.7092961,8.7171565],[77.7090126,8.7172936],[77.7087515,8.7174338],[77.7087089,8.7174567],[77.7084284,8.7176348],[77.7080408,8.7179542],[77.7078269,8.7181806],[77.707613,8.718407],[77.7073874,8.7186893]]]}},
{"type":"Feature","properties":{"name":"Line 2: Chennai Egmore - Nagercoil","bridge":"T","tunnel":"F"},"geometry":{"type":"MultiLineString","coordinates":[[[77.6992431,8.7037019],[77.6990612,8.7035272]]]}},
{"type":"Feature","properties":{"name":"Line 2: Chennai Egmore - Nagercoil","bridge":"F","tunnel":"F"},"geometry":{"type":"MultiLineString","coordinates":[[[77.6990612,8.7035272],[77.697704,8.7019494],[77.6959894,8.7000468],[77.695538,8.6994765],[77.6951925,8.6989323],[77.6949483,8.698481],[77.6947371,8.6980035],[77.6945074,8.6973954],[77.694291,8.6966564],[77.6934714,8.6923069],[77.6931598,8.690579],[77.692894,8.6892754],[77.6920346,8.6846249],[77.6916333,8.6825313]]]}},
{"type":"Feature","properties":{"name":"Line 2: Chennai Egmore - Nagercoil","bridge":"T","tunnel":"F"},"geometry":{"type":"MultiLineString","coordinates":[[[77.6916333,8.6825313],[77.6915967,8.6823371]]]}},
{"type":"Feature","properties":{"name":"Line 2: Chennai Egmore - Nagercoil","bridge":"F","tunnel":"F"},"geometry":{"type":"MultiLineString","coordinates":[[[77.6915967,8.6823371],[77.691433,8.6813208],[77.6910478,8.6792573],[77.689991,8.6734807],[77.6892366,8.6692599],[77.688635,8.6659654],[77.6878138,8.6613244],[77.6873005,8.6585286],[77.6871228,8.6575705],[77.6865312,8.6542316],[77.686136,8.6520188],[77.6857474,8.649806],[77.6852065,8.6467966],[77.6848734,8.6448381],[77.683864,8.6393597],[77.683261,8.6361401],[77.6832264,8.6359553],[77.6831483,8.6353969],[77.6830834,8.6348255],[77.6830285,8.6342966],[77.6830068,8.6337873],[77.6830027,8.6323429],[77.6829913,8.6313203],[77.682953,8.62357]]]}},
{"type":"Feature","properties":{"name":"Line 2: Chennai Egmore - Nagercoil","bridge":"T","tunnel":"F"},"geometry":{"type":"MultiLineString","coordinates":[[[77.6828663,8.6133579],[77.6828658,8.6131892]]]}},
{"type":"Feature","properties":{"name":"Line 2: Chennai Egmore - Nagercoil","bridge":"F","tunnel":"F"},"geometry":{"type":"MultiLineString","coordinates":[[[77.6828658,8.6131892],[77.6828459,8.6085036],[77.6828349,8.606789],[77.6828016,8.6023345],[77.6827899,8.599512],[77.6827544,8.5943668],[77.6827271,8.5890951],[77.6827215,8.5866775],[77.6826658,8.5788178],[77.6826535,8.5777593],[77.6826189,8.576822],[77.6825023,8.5759104],[77.6823357,8.575006],[77.682167,8.5743324],[77.681958,8.573633],[77.6817834,8.5730938],[77.6815086,8.5723571],[77.681245,8.5717525],[77.6811856,8.5716122]]]}},
{"type":"Feature","properties":{"name":"Line 2: Chennai Egmore - Nagercoil","bridge":"T","tunnel":"F"},"geometry":{"type":"MultiLineString","coordinates":[[[77.6745909,8.5560977],[77.6745223,8.5559224]]]}},
{"type":"Feature","properties":{"name":"Line 2: Chennai Egmore - Nagercoil","bridge":"F","tunnel":"F"},"geometry":{"type":"MultiLineString","coordinates":[[[77.7066466,8.7194977],[77.7069698,8.7190943],[77.7072111,8.7188018],[77.7073704,8.718582],[77.7075959,8.7182414],[77.707775,8.7178616],[77.7079722,8.7173676],[77.7081063,8.7167806],[77.7081559,8.7162488],[77.7081624,8.7160619],[77.7081733,8.7157452],[77.708151,8.7153005],[77.7080908,8.714828],[77.707971,8.714349],[77.7078197,8.7138919],[77.7076287,8.7134544],[77.7074139,8.7130565],[77.7071594,8.7126718],[77.7068226,8.7122688],[77.706277,8.7116497],[77.7054136,8.7106772],[77.703806,8.7088762],[77.7018008,8.7065514],[77.7013553,8.7060902],[77.7002424,8.704846],[77.6992431,8.7037019]]]}},
{"type":"Feature","properties":{"name":"Line 1: Nagercoil - Chennai Egmore","bridge":"T","tunnel":"F"},"geometry":{"type":"MultiLineString","coordinates":[[[77.709352,8.7556151],[77.7093598,8.7558139]]]}},
{"type":"Feature","properties":{"name":"Line 1: Nagercoil - Chennai Egmore","bridge":"F","tunnel":"F"},"geometry":{"type":"MultiLineString","coordinates":[[[77.7089264,8.7470619],[77.7089676,8.7480294],[77.7093429,8.7551379],[77.709352,8.7556151]]]}},
{"type":"Feature","properties":{"name":"Line 1: Nagercoil - Chennai Egmore","bridge":"T","tunnel":"F"},"geometry":{"type":"MultiLineString","coordinates":[[[77.7089182,8.7468679],[77.7089264,8.7470619]]]}},
{"type":"Feature","properties":{"name":"Tenkasi - Tirunelveli","bridge":"T","tunnel":"F"},"geometry":{"type":"MultiLineString","coordinates":[[[77.698958,8.7240672],[77.6991237,8.7241206]]]}},
{"type":"Feature","properties":{"name":"Tenkasi - Tirunelveli","bridge":"F","tunnel":"F"},"geometry":{"type":"MultiLineString","coordinates":[[[77.6799976,8.7182091],[77.680561,8.7182435],[77.6811819,8.718294],[77.6816991,8.7183579],[77.6822887,8.7184756],[77.6827266,8.7185895],[77.6832658,8.7187282],[77.6850577,8.7193708],[77.6872122,8.7200416],[77.6931085,8.7221059],[77.696177,8.7231127],[77.6976941,8.7236296],[77.698958,8.7240672]]]}},
{"type":"Feature","properties":{"name":null,"bridge":"F","tunnel":"F"},"geometry":{"type":"MultiLineString","coordinates":[[[77.8641225,8.9948099],[77.8641894,8.9956108],[77.8641942,8.996275],[77.864183,8.9965785],[77.8641664,8.9969956],[77.8641023,8.9977809],[77.8639693,8.9987234],[77.8638785,8.9992048],[77.8637002,9.0000297],[77.8634752,9.0011134],[77.8632549,9.0020961],[77.8629983,9.0034071],[77.8629439,9.0036508],[77.8627844,9.0043656],[77.8627268,9.0046451],[77.8626291,9.0051193]]]}},
{"type":"Feature","properties":{"name":null,"bridge":"F","tunnel":"F"},"geometry":{"type":"MultiLineString","coordinates":[[[77.8887902,8.8897532],[77.8890972,8.8887945],[77.8895913,8.8873602],[77.8897563,8.8869598],[77.8898931,8.8865747],[77.8901902,8.8858077],[77.8904728,8.8850133],[77.8908294,8.8839361],[77.8909381,8.8836565],[77.8912371,8.8827158],[77.8915028,8.8819056],[77.891603,8.8815504],[77.8918323,8.8808166],[77.892088,8.8799223],[77.8923092,8.8790358],[77.8925055,8.8784783],[77.8926707,8.8780749],[77.8929107,8.8775982],[77.8933035,8.8769159],[77.8935246,8.8765816],[77.8940427,8.8758262],[77.894436,8.8753123],[77.8948568,8.8747827],[77.8950216,8.8746089],[77.8955176,8.874095],[77.8961687,8.8734781],[77.8966807,8.8730396],[77.8974939,8.8724466],[77.897846,8.8721886],[77.8985774,8.8717362],[77.8994193,8.8713],[77.9002449,8.870933],[77.9010446,8.8706191],[77.9015278,8.8704577],[77.9024657,8.8701963],[77.903018,8.8700688],[77.9061281,8.8694047],[77.9074855,8.8691028],[77.9234594,8.8656482],[77.9301269,8.8641954],[77.9319646,8.8637851],[77.936007,8.8629259],[77.9389858,8.8622675],[77.9454656,8.860861],[77.9456726,8.8608124],[77.9541242,8.8590157],[77.9631659,8.8570201],[77.9677761,8.8560401]]]}},
{"type":"Feature","properties":{"name":null,"bridge":"F","tunnel":"F"},"geometry":{"type":"MultiLineString","coordinates":[[[77.9631445,8.8569697],[77.9540786,8.8589428],[77.9455644,8.860768],[77.9389574,8.8622256],[77.9359327,8.862881],[77.9341578,8.863257],[77.9301296,8.8641373],[77.9028421,8.8700473],[77.9021364,8.8702214],[77.9015138,8.8704002],[77.9010126,8.8705558],[77.9004081,8.870787],[77.8994268,8.8712337],[77.898484,8.8717148],[77.8977916,8.8721423],[77.8975203,8.8723337],[77.8964996,8.8730881],[77.8954691,8.874051],[77.8949963,8.8745443],[77.8943624,8.8752785],[77.8939538,8.8758243],[77.8937993,8.8760476],[77.8932594,8.8768488],[77.8928606,8.8775362],[77.8926113,8.878027],[77.8925354,8.8782103],[77.8923112,8.878852],[77.8922283,8.8791704],[77.8921306,8.8795739],[77.8917421,8.8809244],[77.8916504,8.8812532],[77.8915385,8.8815693],[77.8911929,8.8826972],[77.8908187,8.8838222],[77.8903559,8.8852166],[77.889711,8.8869341],[77.8894451,8.8876237],[77.8892414,8.888138],[77.8888619,8.8892719],[77.8887085,8.8897936],[77.8884357,8.890654],[77.8878416,8.8924559],[77.8875629,8.8933047]]]}},
{"type":"Feature","properties":{"name":null,"bridge":"F","tunnel":"F"},"geometry":{"type":"MultiLineString","coordinates":[[[77.8920963,8.8791259],[77.8920364,8.8796046]]]}},
{"type":"Feature","properties":{"name":null,"bridge":"F","tunnel":"F"},"geometry":{"type":"MultiLineString","coordinates":[[[77.8937993,8.8760476],[77.893348,8.876618],[77.8930584,8.8770341],[77.8927526,8.8774793],[77.8924483,8.878068]]]}},
{"type":"Feature","properties":{"name":"Line 1: Nagercoil - Chennai Egmore","bridge":"F","tunnel":"F"},"geometry":{"type":"MultiLineString","coordinates":[[[77.8830215,8.866906],[77.8858741,8.8680144],[77.8869701,8.8684321],[77.8880198,8.8688419],[77.8885685,8.8691251],[77.8887836,8.8692361],[77.88931,8.869568],[77.8897767,8.8699092],[77.8901723,8.8702478],[77.89035,8.8704101],[77.8907966,8.8708871],[77.8911868,8.8713522],[77.8914591,8.8717438],[77.8916194,8.871973],[77.8916904,8.8720981],[77.8918172,8.8723222],[77.8920369,8.8727504],[77.8922057,8.8731422],[77.8923951,8.8736661],[77.8925456,8.8742358]]]}},
{"type":"Feature","properties":{"name":"Line 1: Nagercoil - Chennai Egmore","bridge":"T","tunnel":"F"},"geometry":{"type":"MultiLineString","coordinates":[[[77.8926757,8.8766059],[77.8926603,8.8767639]]]}},
{"type":"Feature","properties":{"name":"Line 1: Nagercoil - Chennai Egmore","bridge":"F","tunnel":"F"},"geometry":{"type":"MultiLineString","coordinates":[[[77.8543722,8.862726],[77.8578927,8.8627365],[77.8684717,8.8628082],[77.8703444,8.8628279],[77.871254,8.8628907],[77.8717317,8.862941],[77.8722487,8.8630565],[77.8731272,8.8632214],[77.8741936,8.863528],[77.8750537,8.863841],[77.8769509,8.8645586],[77.88084,8.8660458],[77.8829542,8.8668788]]]}},
{"type":"Feature","properties":{"name":null,"bridge":"T","tunnel":"F"},"geometry":{"type":"MultiLineString","coordinates":[[[78.0383592,8.8212509],[78.0382752,8.8212825]]]}},
{"type":"Feature","properties":{"name":null,"bridge":"F","tunnel":"F"},"geometry":{"type":"MultiLineString","coordinates":[[[78.0946467,8.8100214],[78.0934104,8.8102641],[78.0927712,8.8103896],[78.0921537,8.8105037],[78.0902544,8.8108037],[78.0877189,8.8112937],[78.0859913,8.8116689],[78.0853117,8.8118261],[78.0836728,8.8121579],[78.0834729,8.8121968],[78.082739,8.8123397],[78.0825742,8.812371],[78.0817309,8.8125311],[78.0776424,8.813269],[78.0764925,8.8134873],[78.0761618,8.8135501],[78.0713551,8.8144944],[78.0685234,8.8150271],[78.0656406,8.8155907],[78.0598104,8.8167174],[78.0576331,8.8171361],[78.0484881,8.8189493],[78.0426302,8.8200612],[78.0412317,8.8203869],[78.0398404,8.8207719],[78.0383592,8.8212509]]]}},
{"type":"Feature","properties":{"name":null,"bridge":"T","tunnel":"F"},"geometry":{"type":"MultiLineString","coordinates":[[[78.0189595,8.8299513],[78.0188516,8.8300062]]]}},
{"type":"Feature","properties":{"name":null,"bridge":"F","tunnel":"F"},"geometry":{"type":"MultiLineString","coordinates":[[[78.0188516,8.8300062],[78.0184169,8.830241],[78.0179245,8.8305258],[78.0172801,8.8309342],[78.0167433,8.831316],[78.0130026,8.8340085],[78.0078234,8.8378488]]]}},
{"type":"Feature","properties":{"name":null,"bridge":"T","tunnel":"F"},"geometry":{"type":"MultiLineString","coordinates":[[[77.9939163,8.8480828],[77.9940218,8.8480072]]]}},
{"type":"Feature","properties":{"name":null,"bridge":"F","tunnel":"F"},"geometry":{"type":"MultiLineString","coordinates":[[[78.007731,8.8379167],[78.0053542,8.8396458],[78.0021824,8.8419696]]]}},
{"type":"Feature","properties":{"name":null,"bridge":"T","tunnel":"F"},"geometry":{"type":"MultiLineString","coordinates":[[[78.0078234,8.8378488],[78.007731,8.8379167]]]}},
{"type":"Feature","properties":{"name":null,"bridge":"F","tunnel":"F"},"geometry":{"type":"MultiLineString","coordinates":[[[78.104041,8.8090493],[78.1039203,8.8090517],[78.1030854,8.8090767],[78.1010331,8.8091747],[78.098722,8.8094021],[78.0969876,8.8096533],[78.0952558,8.8099758],[78.0951573,8.809995],[78.0944969,8.8101261],[78.0928699,8.810449],[78.0912955,8.810739],[78.0908617,8.8108298],[78.089323,8.8111349],[78.086881,8.8116107],[78.0859934,8.8117771],[78.0852997,8.8119242],[78.0834104,8.8122572],[78.082487,8.8124384],[78.0821873,8.8124973],[78.0816667,8.8125994],[78.0815901,8.8126144],[78.0799861,8.8129035],[78.0776367,8.8133399],[78.0762041,8.8136173],[78.0745038,8.8139321],[78.0712282,8.8145579],[78.0693324,8.814932],[78.0684092,8.8151199],[78.065688,8.8156286],[78.0630093,8.8161496],[78.05999,8.8167455],[78.0575362,8.8172302],[78.0485198,8.8190106],[78.0426586,8.8201192],[78.0412477,8.8204584],[78.0398422,8.8208348],[78.0384884,8.8212702],[78.0382622,8.8213448],[78.0372566,8.8216922],[78.036423,8.8219947],[78.0356827,8.8222866],[78.0342578,8.8228776],[78.0324231,8.8237227],[78.0316833,8.824065],[78.0302308,8.8247461],[78.0300612,8.8248264],[78.0279205,8.8258327],[78.0270995,8.8262142],[78.0254955,8.8269595],[78.0238733,8.8277084],[78.0228683,8.8281791],[78.0217962,8.8286805],[78.0214544,8.8288422],[78.0207533,8.8291716],[78.0197123,8.8296518],[78.0190107,8.8300003],[78.0188656,8.83007],[78.0181105,8.8304965],[78.017593,8.830806],[78.0168004,8.831344],[78.0130738,8.8340446],[78.0078769,8.8378843],[78.0077669,8.8379619],[78.0054039,8.8396955],[78.0026606,8.841699],[78.002231,8.8420102]]]}},
{"type":"Feature","properties":{"name":null,"bridge":"T","tunnel":"F"},"geometry":{"type":"MultiLineString","coordinates":[[[78.0021237,8.8420856],[78.002231,8.8420102]]]}},
{"type":"Feature","properties":{"name":null,"bridge":"F","tunnel":"F"},"geometry":{"type":"MultiLineString","coordinates":[[[78.0020599,8.8420628],[77.9995901,8.8438639],[77.9970132,8.8457521]]]}},
{"type":"Feature","properties":{"name":null,"bridge":"T","tunnel":"F"},"geometry":{"type":"MultiLineString","coordinates":[[[78.0021824,8.8419696],[78.0020599,8.8420628]]]}},
{"type":"Feature","properties":{"name":null,"bridge":"F","tunnel":"F"},"geometry":{"type":"MultiLineString","coordinates":[[[77.9940218,8.8480072],[77.995873,8.8466473],[77.996943,8.8458627]]]}},
{"type":"Feature","properties":{"name":null,"bridge":"F","tunnel":"F"},"geometry":{"type":"MultiLineString","coordinates":[[[77.9970612,8.8457799],[77.9973198,8.8455876],[77.9989463,8.8443909],[77.9997224,8.8438353],[78.0009092,8.8429603],[78.0021237,8.8420856]]]}},
{"type":"Feature","properties":{"name":null,"bridge":"T","tunnel":"F"},"geometry":{"type":"MultiLineString","coordinates":[[[77.996943,8.8458627],[77.9970612,8.8457799]]]}},
{"type":"Feature","properties":{"name":null,"bridge":"F","tunnel":"F"},"geometry":{"type":"MultiLineString","coordinates":[[[77.9969099,8.8458245],[77.9939809,8.8479597]]]}},
{"type":"Feature","properties":{"name":null,"bridge":"T","tunnel":"F"},"geometry":{"type":"MultiLineString","coordinates":[[[77.9970132,8.8457521],[77.9969099,8.8458245]]]}},
{"type":"Feature","properties":{"name":null,"bridge":"F","tunnel":"F"},"geometry":{"type":"MultiLineString","coordinates":[[[77.9865693,8.8519533],[77.9870869,8.851818],[77.9878051,8.8515819],[77.9885477,8.8513304],[77.9891408,8.8510838],[77.9892399,8.8510388],[77.990232,8.8505618],[77.9907797,8.8502603],[77.9912679,8.8499749],[77.9917829,8.8496285],[77.992557,8.849078],[77.992948,8.848789],[77.9934221,8.8484408],[77.9939163,8.8480828]]]}},
{"type":"Feature","properties":{"name":null,"bridge":"F","tunnel":"F"},"geometry":{"type":"MultiLineString","coordinates":[[[77.993898,8.8480239],[77.9929068,8.8487488],[77.9916072,8.8496878],[77.9912676,8.849899],[77.9903372,8.8504233],[77.9897299,8.8507214],[77.9891837,8.8509634]]]}},
{"type":"Feature","properties":{"name":null,"bridge":"T","tunnel":"F"},"geometry":{"type":"MultiLineString","coordinates":[[[77.9939809,8.8479597],[77.993898,8.8480239]]]}},
{"type":"Feature","properties":{"name":null,"bridge":"T","tunnel":"F"},"geometry":{"type":"MultiLineString","coordinates":[[[77.9865473,8.8518558],[77.9857511,8.8520429]]]}},
{"type":"Feature","properties":{"name":null,"bridge":"T","tunnel":"F"},"geometry":{"type":"MultiLineString","coordinates":[[[77.9891837,8.8509634],[77.9890887,8.8510014]]]}},
{"type":"Feature","properties":{"name":null,"bridge":"F","tunnel":"F"},"geometry":{"type":"MultiLineString","coordinates":[[[77.9890887,8.8510014],[77.988494,8.8512293],[77.9877028,8.8515129],[77.9869413,8.8517525],[77.9865473,8.8518558]]]}},
{"type":"Feature","properties":{"name":null,"bridge":"F","tunnel":"F"},"geometry":{"type":"MultiLineString","coordinates":[[[77.9857511,8.8520429],[77.9838297,8.8524193],[77.9811334,8.8529995],[77.9781219,8.8536649]]]}},
{"type":"Feature","properties":{"name":null,"bridge":"F","tunnel":"F"},"geometry":{"type":"MultiLineString","coordinates":[[[77.967925,8.8559152],[77.9631445,8.8569697]]]}},
{"type":"Feature","properties":{"name":null,"bridge":"T","tunnel":"F"},"geometry":{"type":"MultiLineString","coordinates":[[[77.9684772,8.8557924],[77.967925,8.8559152]]]}},
{"type":"Feature","properties":{"name":null,"bridge":"F","tunnel":"F"},"geometry":{"type":"MultiLineString","coordinates":[[[77.9778685,8.8537206],[77.9722667,8.854945],[77.9684772,8.8557924]]]}},
{"type":"Feature","properties":{"name":null,"bridge":"T","tunnel":"F"},"geometry":{"type":"MultiLineString","coordinates":[[[78.1655141,8.7589093],[78.1640893,8.7591346],[78.1630204,8.7592964]]]}},
{"type":"Feature","properties":{"name":null,"bridge":"F","tunnel":"F"},"geometry":{"type":"MultiLineString","coordinates":[[[78.1815587,8.7564367],[78.1810401,8.7565115],[78.1802151,8.756642],[78.172887,8.7578023],[78.1722845,8.7578943],[78.1717012,8.7579838],[78.1713918,8.7580313],[78.1707501,8.7581299],[78.1704237,8.7581938]]]}},
{"type":"Feature","properties":{"name":null,"bridge":"T","tunnel":"F"},"geometry":{"type":"MultiLineString","coordinates":[[[78.1423997,8.8092421],[78.1422751,8.8092602]]]}},
{"type":"Feature","properties":{"name":null,"bridge":"F","tunnel":"F"},"geometry":{"type":"MultiLineString","coordinates":[[[78.1593947,8.8049769],[78.1590772,8.8050853],[78.1571698,8.8056666],[78.1553023,8.8061388],[78.1540565,8.8064593],[78.1534773,8.8065563],[78.1532697,8.8065934],[78.152594,8.8067517],[78.152093,8.8068804],[78.1480689,8.8078628],[78.1471065,8.8081043],[78.1461426,8.808336],[78.143413,8.8090096],[78.1428026,8.8091579],[78.1423997,8.8092421]]]}},
{"type":"Feature","properties":{"name":null,"bridge":"T","tunnel":"F"},"geometry":{"type":"MultiLineString","coordinates":[[[78.112091,8.788454],[78.1120102,8.7885147]]]}},
{"type":"Feature","properties":{"name":null,"bridge":"F","tunnel":"F"},"geometry":{"type":"MultiLineString","coordinates":[[[78.1478735,8.7632638],[78.1464494,8.7645393],[78.1441746,8.7665944],[78.1431873,8.7674863],[78.1399707,8.7704495],[78.1389163,8.7713912]]]}},
{"type":"Feature","properties":{"name":null,"bridge":"F","tunnel":"F"},"geometry":{"type":"MultiLineString","coordinates":[[[78.1578318,8.8056832],[78.1560342,8.8061575],[78.1542417,8.8066432],[78.1538988,8.8066923]]]}},
{"type":"Feature","properties":{"name":null,"bridge":"F","tunnel":"F"},"geometry":{"type":"MultiLineString","coordinates":[[[78.1541165,8.8067078],[78.1543175,8.8066616],[78.1561754,8.8061873],[78.1576605,8.8058152],[78.1585396,8.8055678]]]}},
{"type":"Feature","properties":{"name":null,"bridge":"F","tunnel":"F"},"geometry":{"type":"MultiLineString","coordinates":[[[78.1535172,8.8067285],[78.1541011,8.8067062]]]}},
{"type":"Feature","properties":{"name":null,"bridge":"F","tunnel":"F"},"geometry":{"type":"MultiLineString","coordinates":[[[78.156818,8.8061178],[78.1572671,8.8060031]]]}},
{"type":"Feature","properties":{"name":null,"bridge":"F","tunnel":"T"},"geometry":{"type":"MultiLineString","coordinates":[[[78.1568366,8.8061895],[78.1562069,8.8063627]]]}},
{"type":"Feature","properties":{"name":null,"bridge":"F","tunnel":"T"},"geometry":{"type":"MultiLineString","coordinates":[[[78.1561873,8.8062871],[78.156818,8.8061178]]]}},
{"type":"Feature","properties":{"name":null,"bridge":"F","tunnel":"F"},"geometry":{"type":"MultiLineString","coordinates":[[[78.157205,8.806085],[78.1568366,8.8061895]]]}},
{"type":"Feature","properties":{"name":null,"bridge":"F","tunnel":"F"},"geometry":{"type":"MultiLineString","coordinates":[[[78.1562069,8.8063627],[78.1558366,8.8064533],[78.1551006,8.8066579],[78.1549763,8.8066783],[78.1545886,8.8067118]]]}},
{"type":"Feature","properties":{"name":null,"bridge":"F","tunnel":"F"},"geometry":{"type":"MultiLineString","coordinates":[[[78.1541011,8.8067062],[78.1541165,8.8067078],[78.1543834,8.8067341],[78.1545886,8.8067118],[78.1549556,8.80663],[78.1553264,8.8065277],[78.1559646,8.8063379],[78.1561873,8.8062871]]]}},
{"type":"Feature","properties":{"name":null,"bridge":"F","tunnel":"F"},"geometry":{"type":"MultiLineString","coordinates":[[[78.1534773,8.8065563],[78.1538206,8.8064402],[78.1539411,8.8063919],[78.1541142,8.8063175],[78.1542705,8.806258],[78.1543985,8.8062282],[78.1545133,8.8062059]]]}},
{"type":"Feature","properties":{"name":null,"bridge":"T","tunnel":"F"},"geometry":{"type":"MultiLineString","coordinates":[[[78.1596348,8.7598128],[78.1595522,8.7598254]]]}},
{"type":"Feature","properties":{"name":null,"bridge":"F","tunnel":"F"},"geometry":{"type":"MultiLineString","coordinates":[[[78.1630204,8.7592964],[78.1596348,8.7598128]]]}},
{"type":"Feature","properties":{"name":null,"bridge":"F","tunnel":"F"},"geometry":{"type":"MultiLineString","coordinates":[[[78.1595522,8.7598254],[78.1559487,8.7603936],[78.1514748,8.761079],[78.1510366,8.7611556],[78.1505773,8.7612914],[78.1501651,8.7614718],[78.1497854,8.7616958],[78.1493255,8.7620169],[78.148759,8.7624746],[78.1478735,8.7632638]]]}},
{"type":"Feature","properties":{"name":null,"bridge":"F","tunnel":"F"},"geometry":{"type":"MultiLineString","coordinates":[[[78.1389163,8.7713912],[78.1378834,8.7722544],[78.1373634,8.7726009],[78.1369148,8.7728847],[78.1343794,8.7744696]]]}},
{"type":"Feature","properties":{"name":null,"bridge":"F","tunnel":"F"},"geometry":{"type":"MultiLineString","coordinates":[[[78.1343794,8.7744696],[78.1342201,8.774565],[78.1336477,8.7749077],[78.1311469,8.7764974],[78.130354,8.7770103],[78.1260181,8.7797506],[78.1226111,8.7818852],[78.1163445,8.7858024],[78.1146993,8.7868308],[78.1128226,8.7879926]]]}},
{"type":"Feature","properties":{"name":null,"bridge":"F","tunnel":"F"},"geometry":{"type":"MultiLineString","coordinates":[[[78.1128226,8.7879926],[78.112091,8.788454]]]}},
{"type":"Feature","properties":{"name":null,"bridge":"F","tunnel":"F"},"geometry":{"type":"MultiLineString","coordinates":[[[78.0997032,8.8090797],[78.0967314,8.8096522],[78.0959611,8.8097927]]]}},
{"type":"Feature","properties":{"name":null,"bridge":"T","tunnel":"F"},"geometry":{"type":"MultiLineString","coordinates":[[[78.1076841,8.8018395],[78.1076752,8.8019252]]]}},
{"type":"Feature","properties":{"name":null,"bridge":"F","tunnel":"F"},"geometry":{"type":"MultiLineString","coordinates":[[[78.1120102,8.7885147],[78.1107654,8.7893267],[78.1103545,8.7897591],[78.109965,8.7902187],[78.1095953,8.7907423],[78.1093223,8.7912987],[78.1091321,8.7917282],[78.1090087,8.7921968],[78.1088429,8.793171],[78.108388,8.7965714],[78.1081096,8.7986524],[78.1079124,8.8002602],[78.1076841,8.8018395]]]}},
{"type":"Feature","properties":{"name":null,"bridge":"T","tunnel":"F"},"geometry":{"type":"MultiLineString","coordinates":[[[78.1040944,8.8090498],[78.104041,8.8090493]]]}},
{"type":"Feature","properties":{"name":null,"bridge":"F","tunnel":"F"},"geometry":{"type":"MultiLineString","coordinates":[[[78.1422751,8.8092602],[78.1410864,8.8094052],[78.1400842,8.8094728],[78.1356896,8.8093894],[78.1335594,8.8093825],[78.1188601,8.8092137],[78.1101836,8.8091582],[78.1040944,8.8090498]]]}},
{"type":"Feature","properties":{"name":null,"bridge":"T","tunnel":"F"},"geometry":{"type":"MultiLineString","coordinates":[[[78.1044192,8.8083382],[78.1043148,8.808374]]]}},
{"type":"Feature","properties":{"name":null,"bridge":"F","tunnel":"F"},"geometry":{"type":"MultiLineString","coordinates":[[[78.1043148,8.808374],[78.1038614,8.8085641],[78.1033747,8.8087131],[78.1029378,8.8088038],[78.1021194,8.8088566],[78.1011762,8.8088838],[78.1005975,8.808943],[78.0997032,8.8090797]]]}},
{"type":"Feature","properties":{"name":null,"bridge":"F","tunnel":"F"},"geometry":{"type":"MultiLineString","coordinates":[[[78.0916491,8.8096151],[78.0919468,8.8097079],[78.0923787,8.8098086],[78.0928373,8.809859],[78.0933201,8.8098616],[78.0948061,8.8098357]]]}},
{"type":"Feature","properties":{"name":null,"bridge":"F","tunnel":"F"},"geometry":{"type":"MultiLineString","coordinates":[[[78.0868823,8.8098185],[78.0892805,8.8093607],[78.0895518,8.8093553]]]}},
{"type":"Feature","properties":{"name":null,"bridge":"F","tunnel":"F"},"geometry":{"type":"MultiLineString","coordinates":[[[78.0879265,8.8098672],[78.0892723,8.809637],[78.0897163,8.8096343],[78.0900123,8.8096289]]]}},
{"type":"Feature","properties":{"name":null,"bridge":"F","tunnel":"F"},"geometry":{"type":"MultiLineString","coordinates":[[[78.0879348,8.8099512],[78.0897163,8.8096343]]]}},
{"type":"Feature","properties":{"name":null,"bridge":"F","tunnel":"F"},"geometry":{"type":"MultiLineString","coordinates":[[[78.0869316,8.8098645],[78.0895518,8.8093553],[78.0899164,8.8092984],[78.0901685,8.8092822],[78.0904727,8.809312],[78.0907358,8.8093472],[78.0911059,8.809461],[78.0916491,8.8096151]]]}},
{"type":"Feature","properties":{"name":null,"bridge":"F","tunnel":"F"},"geometry":{"type":"MultiLineString","coordinates":[[[78.0872752,8.8101439],[78.0876525,8.8100704],[78.0890393,8.8098103],[78.0900123,8.8096289],[78.0903412,8.8095828],[78.0906043,8.8095612],[78.0908482,8.809572],[78.0912045,8.809618],[78.0915691,8.8097047],[78.0918459,8.8097481],[78.0920706,8.8097806],[78.0923787,8.8098086]]]}},
{"type":"Feature","properties":{"name":null,"bridge":"F","tunnel":"F"},"geometry":{"type":"MultiLineString","coordinates":[[[78.0904735,8.8118222],[78.090164,8.8119303]]]}},
{"type":"Feature","properties":{"name":null,"bridge":"F","tunnel":"F"},"geometry":{"type":"MultiLineString","coordinates":[[[78.0914214,8.8114664],[78.0910325,8.8114872],[78.0905122,8.8115948],[78.0842914,8.8127864],[78.0838304,8.8129412]]]}},
{"type":"Feature","properties":{"name":null,"bridge":"F","tunnel":"F"},"geometry":{"type":"MultiLineString","coordinates":[[[78.0918095,8.811513],[78.0921643,8.8115001]]]}},
{"type":"Feature","properties":{"name":null,"bridge":"F","tunnel":"F"},"geometry":{"type":"MultiLineString","coordinates":[[[78.0901487,8.811883],[78.0904735,8.8118222],[78.0906777,8.811784],[78.0912936,8.8116657],[78.0921643,8.8115001],[78.093294,8.8113044],[78.0948873,8.8109796]]]}},
{"type":"Feature","properties":{"name":null,"bridge":"F","tunnel":"F"},"geometry":{"type":"MultiLineString","coordinates":[[[78.0911152,8.8116507],[78.0906777,8.811784]]]}},
{"type":"Feature","properties":{"name":null,"bridge":"F","tunnel":"F"},"geometry":{"type":"MultiLineString","coordinates":[[[78.0930729,8.8110287],[78.0927716,8.811199],[78.0923341,8.8113883],[78.0921208,8.8114592],[78.0918095,8.811513],[78.0911152,8.8116507],[78.0907038,8.8117217],[78.0901139,8.8118464]]]}},
{"type":"Feature","properties":{"name":null,"bridge":"F","tunnel":"F"},"geometry":{"type":"MultiLineString","coordinates":[[[78.1005573,8.8088858],[78.0997031,8.8090303],[78.099087,8.8091336],[78.0985438,8.8092094],[78.096756,8.8095648],[78.0959611,8.8097927],[78.095814,8.8098203],[78.0952558,8.8099758]]]}},
{"type":"Feature","properties":{"name":null,"bridge":"F","tunnel":"F"},"geometry":{"type":"MultiLineString","coordinates":[[[78.0848061,8.81157],[78.0853884,8.8113452],[78.0855582,8.8113001],[78.0857615,8.8112688],[78.0885163,8.8107279],[78.0911108,8.8102225],[78.0913546,8.8102009],[78.091705,8.8101859],[78.092284,8.8101966]]]}},
{"type":"Feature","properties":{"name":null,"bridge":"F","tunnel":"F"},"geometry":{"type":"MultiLineString","coordinates":[[[78.0818154,8.812442],[78.0828406,8.8122451],[78.0831216,8.8121778],[78.0837058,8.8120095],[78.0838284,8.8119623],[78.0843308,8.8117641],[78.0848061,8.81157],[78.0852992,8.8112936],[78.0856366,8.8111194],[78.0857407,8.8110748],[78.0858934,8.8110248],[78.0884749,8.81053],[78.0910368,8.8100375],[78.0914743,8.8099901],[78.0918726,8.8099837],[78.0922579,8.809988],[78.0927825,8.8100224],[78.0930458,8.8100439],[78.0934569,8.810026]]]}},
{"type":"Feature","properties":{"name":null,"bridge":"F","tunnel":"F"},"geometry":{"type":"MultiLineString","coordinates":[[[78.0927232,8.8101573],[78.092284,8.8101966],[78.0857181,8.8114632],[78.0851463,8.811616],[78.0848645,8.8117641]]]}},
{"type":"Feature","properties":{"name":null,"bridge":"F","tunnel":"F"},"geometry":{"type":"MultiLineString","coordinates":[[[78.0845649,8.8119104],[78.0849652,8.8117736],[78.0853384,8.8116582],[78.0857366,8.811561],[78.0927324,8.810216],[78.0930881,8.8101008]]]}},
{"type":"Feature","properties":{"name":"Madurai - Aruppukottai - Thoothukudi Line","bridge":"F","tunnel":"F"},"geometry":{"type":"MultiLineString","coordinates":[[[78.091011,8.8108927],[78.090418,8.8109637],[78.0877626,8.8114689],[78.0835772,8.812275],[78.0829939,8.8123915],[78.0823569,8.812516],[78.0808722,8.8128109],[78.0793101,8.8130832],[78.0776308,8.8133979],[78.0756195,8.8137867],[78.0735042,8.8142007],[78.0710461,8.8146524],[78.0683648,8.8151702],[78.0662975,8.8155674],[78.0616615,8.8164665],[78.0590959,8.816978],[78.0586618,8.8170733],[78.0584276,8.8171471],[78.0568206,8.8177231],[78.0559712,8.8182017],[78.0551362,8.8187303],[78.0546294,8.8190989],[78.0541442,8.819496],[78.0536517,8.8199752],[78.0531882,8.82049],[78.0526191,8.8212005],[78.0521294,8.8219145],[78.0516207,8.8228455],[78.0512202,8.823745],[78.0508724,8.8248778]]]}},
{"type":"Feature","properties":{"name":null,"bridge":"F","tunnel":"F"},"geometry":{"type":"MultiLineString","coordinates":[[[78.0200419,8.8293789],[78.0210637,8.8289105],[78.0214286,8.8287355],[78.0224312,8.8282838],[78.023252,8.8279011],[78.0246448,8.8272603],[78.0256837,8.8267736],[78.0272228,8.8260568],[78.0277572,8.8258051],[78.0283234,8.8255789]]]}},
{"type":"Feature","properties":{"name":null,"bridge":"F","tunnel":"F"},"geometry":{"type":"MultiLineString","coordinates":[[[78.172887,8.7578023],[78.1734802,8.7575669],[78.1737438,8.7574413],[78.1739259,8.7573813],[78.1741914,8.7573401],[78.1774915,8.7568377],[78.179426,8.7565378],[78.1797067,8.7564928],[78.1800367,8.7564853],[78.180655,8.7565078],[78.1810401,8.7565115]]]}},
{"type":"Feature","properties":{"name":null,"bridge":"F","tunnel":"F"},"geometry":{"type":"MultiLineString","coordinates":[[[78.1722845,8.7578943],[78.172654,8.7578763],[78.173502,8.7577604],[78.175462,8.7574461],[78.1768672,8.7572142],[78.1785475,8.756949],[78.17977,8.7567639],[78.1802151,8.756642]]]}},
{"type":"Feature","properties":{"name":null,"bridge":"F","tunnel":"F"},"geometry":{"type":"MultiLineString","coordinates":[[[78.1713918,8.7580313],[78.1721758,8.7580301],[78.1725645,8.7579932],[78.1730464,8.7579365],[78.1738313,8.7578117],[78.1747267,8.7576913],[78.17608,8.7574684],[78.1781731,8.7571384],[78.1795106,8.7569178],[78.1804821,8.7567562],[78.1809045,8.7566859],[78.1827607,8.7563337],[78.1834464,8.7562356]]]}},
{"type":"Feature","properties":{"name":null,"bridge":"F","tunnel":"F"},"geometry":{"type":"MultiLineString","coordinates":[[[78.1804821,8.7567562],[78.1815587,8.7564367]]]}},
{"type":"Feature","properties":{"name":null,"bridge":"F","tunnel":"F"},"geometry":{"type":"MultiLineString","coordinates":[[[78.179885,8.7569111],[78.181148,8.7566993],[78.1823863,8.7564652],[78.1834464,8.7562356],[78.1843598,8.7560755],[78.1866192,8.7557082],[78.190104,8.7551533]]]}},
{"type":"Feature","properties":{"name":null,"bridge":"F","tunnel":"F"},"geometry":{"type":"MultiLineString","coordinates":[[[77.7849369,8.8291346],[77.7844244,8.8286995],[77.7839959,8.8283426],[77.783474,8.827908],[77.7822918,8.8269584],[77.7810205,8.8260121],[77.7799461,8.8251209],[77.7793306,8.8245894],[77.7777027,8.8232023],[77.7773681,8.8229316],[77.77681,8.8224659]]]}},
{"type":"Feature","properties":{"name":"Line 2: Chennai Egmore - Nagercoil","bridge":"F","tunnel":"F"},"geometry":{"type":"MultiLineString","coordinates":[[[77.8010855,8.8394985],[77.7998254,8.8383659],[77.798802,8.8375901],[77.7980196,8.8371122],[77.7963759,8.8362033],[77.7937495,8.8348249],[77.7892887,8.8324185],[77.787897,8.8316233],[77.7870931,8.8310862],[77.7866985,8.8308089],[77.785568,8.8299222],[77.7854291,8.8298067],[77.7851803,8.8296057],[77.784529,8.8290601],[77.7843151,8.8288881],[77.7838481,8.8285124],[77.7827906,8.8276082],[77.7820368,8.8269864],[77.7810393,8.8261268],[77.7801976,8.8253909],[77.7790783,8.8244365],[77.7784706,8.8239136],[77.7768491,8.8225757],[77.7761789,8.8220207],[77.7747173,8.8208344],[77.7724223,8.8188871],[77.7700987,8.8169524],[77.7642279,8.8121696],[77.7528685,8.8029054],[77.7385533,8.7911775],[77.7371079,8.7900079],[77.7360549,8.7891408],[77.7349856,8.788374],[77.7301842,8.7844524],[77.7287745,8.7832878],[77.7271142,8.7819572],[77.7264438,8.7813993],[77.7254903,8.7806221],[77.7252425,8.780347],[77.7251559,8.7802508],[77.7246382,8.7798341],[77.7166994,8.7733006],[77.7160581,8.7727318],[77.7153839,8.7720817],[77.7148084,8.7714155],[77.7142164,8.7706517],[77.713756,8.7699529],[77.7132956,8.7691728],[77.7128845,8.7683115],[77.7125392,8.7675152],[77.711865,8.7656138],[77.7116447,8.7649712],[77.7115042,8.7645612],[77.7111909,8.7636474],[77.7102701,8.760966],[77.7099741,8.7599421],[77.7097603,8.7590158],[77.7096452,8.7583982],[77.709563,8.7574882],[77.7094808,8.755863],[77.7094805,8.7558579]]]}},
{"type":"Feature","properties":{"name":null,"bridge":"F","tunnel":"F"},"geometry":{"type":"MultiLineString","coordinates":[[[77.7361478,8.7894716],[77.7365433,8.7897112],[77.7368119,8.7898882]]]}},
{"type":"Feature","properties":{"name":null,"bridge":"F","tunnel":"F"},"geometry":{"type":"MultiLineString","coordinates":[[[77.7359428,8.7893565],[77.7355992,8.7891122],[77.7303027,8.784781],[77.7300602,8.7846313],[77.7298043,8.7844251]]]}},
{"type":"Feature","properties":{"name":null,"bridge":"F","tunnel":"F"},"geometry":{"type":"MultiLineString","coordinates":[[[77.7300602,8.7846313],[77.7304542,8.7849434],[77.7313457,8.7856684],[77.7324302,8.7865605],[77.7354173,8.7890129],[77.7355963,8.7891543]]]}},
{"type":"Feature","properties":{"name":null,"bridge":"F","tunnel":"F"},"geometry":{"type":"MultiLineString","coordinates":[[[77.7299629,8.7846029],[77.7300171,8.7846785],[77.7300782,8.7847639],[77.7306911,8.7852582],[77.7348227,8.788644],[77.7351954,8.7889101],[77.7353966,8.7890366]]]}},
{"type":"Feature","properties":{"name":null,"bridge":"F","tunnel":"F"},"geometry":{"type":"MultiLineString","coordinates":[[[77.7300171,8.7846785],[77.7301091,8.7847526],[77.7310555,8.7855166],[77.7330236,8.7871243],[77.7348485,8.7886185],[77.7351954,8.7889101]]]}},
{"type":"Feature","properties":{"name":null,"bridge":"F","tunnel":"F"},"geometry":{"type":"MultiLineString","coordinates":[[[77.7273013,8.7821731],[77.7286759,8.7833525],[77.7289765,8.7835897],[77.7292509,8.783851],[77.7295769,8.7841559],[77.7298043,8.7844251],[77.7299629,8.7846029],[77.730124,8.7847385],[77.7307301,8.7852239],[77.7318417,8.786116],[77.7353966,8.7890366],[77.7355963,8.7891543],[77.7358671,8.789314],[77.7359428,8.7893565],[77.7361478,8.7894716],[77.7363231,8.7896076],[77.7369069,8.7900989]]]}},
{"type":"Feature","properties":{"name":"Tirunelveli - Tiruchendur","bridge":"F","tunnel":"F"},"geometry":{"type":"MultiLineString","coordinates":[[[77.7069698,8.7190943],[77.7073874,8.7186893]]]}},
{"type":"Feature","properties":{"name":null,"bridge":"F","tunnel":"F"},"geometry":{"type":"MultiLineString","coordinates":[[[77.8212105,8.6646331],[77.8215196,8.6644721],[77.8218907,8.6642788],[77.8228018,8.6637463],[77.8245694,8.6627263],[77.826026,8.6618863],[77.8263352,8.6617044],[77.8264612,8.661629],[77.8266274,8.6615185],[77.8269006,8.6613323],[77.8271656,8.6611232],[77.8273808,8.6609235],[77.8275926,8.6606882],[77.8277641,8.6604623],[77.8279339,8.6602039],[77.8280788,8.6599393],[77.8282287,8.6595782],[77.8283551,8.6591788],[77.8284271,8.6589519],[77.8286699,8.6581194]]]}},
{"type":"Feature","properties":{"name":null,"bridge":"F","tunnel":"F"},"geometry":{"type":"MultiLineString","coordinates":[[[77.8284271,8.6589519],[77.8286562,8.6583576]]]}},
{"type":"Feature","properties":{"name":null,"bridge":"F","tunnel":"F"},"geometry":{"type":"MultiLineString","coordinates":[[[77.8266274,8.6615185],[77.8264537,8.6616109],[77.8261797,8.6617325],[77.8258515,8.66189],[77.8253395,8.6621863],[77.8234258,8.6632831]]]}},
{"type":"Feature","properties":{"name":null,"bridge":"F","tunnel":"F"},"geometry":{"type":"MultiLineString","coordinates":[[[77.8211458,8.6647669],[77.8215365,8.6645049],[77.8218907,8.6642788]]]}},
{"type":"Feature","properties":{"name":null,"bridge":"F","tunnel":"F"},"geometry":{"type":"MultiLineString","coordinates":[[[77.8988134,8.6264294],[77.8996931,8.6263415],[77.9002006,8.6263192],[77.9006043,8.6262902],[77.9009426,8.6262411],[77.901299,8.6261653],[77.9016914,8.6260538],[77.9020297,8.625929],[77.9023432,8.6257907],[77.9026861,8.6256078],[77.9030312,8.6253804],[77.9033469,8.6251373],[77.9036086,8.6249099],[77.9040055,8.6245174],[77.9044859,8.6240402],[77.9050814,8.6234247],[77.9055911,8.6229274],[77.9062204,8.622303],[77.9068362,8.6216608],[77.9071003,8.6214304],[77.9074802,8.6210989]]]}},
{"type":"Feature","properties":{"name":null,"bridge":"F","tunnel":"F"},"geometry":{"type":"MultiLineString","coordinates":[[[77.9749417,8.564574],[77.975258,8.5645247],[77.9761291,8.5643691],[77.9767669,8.5642548],[77.9779,8.5640551],[77.9782248,8.5639979],[77.9789422,8.563808]]]}},
{"type":"Feature","properties":{"name":null,"bridge":"F","tunnel":"F"},"geometry":{"type":"MultiLineString","coordinates":[[[78.0967942,8.5783068],[78.0963831,8.5786552],[78.0961869,8.5787859],[78.0959334,8.5789296],[78.0957101,8.5790226],[78.0953879,8.5791362],[78.0951168,8.5792087],[78.094699,8.579297],[78.0941439,8.5793917],[78.093876,8.5794248],[78.0931551,8.5794863],[78.0919446,8.5795919],[78.0910643,8.5796582],[78.090672,8.5796771],[78.0902477,8.5796724],[78.0900053,8.5796818],[78.0896193,8.5797118],[78.0893211,8.5797386],[78.0888903,8.5797295]]]}},
{"type":"Feature","properties":{"name":null,"bridge":"F","tunnel":"F"},"geometry":{"type":"MultiLineString","coordinates":[[[78.0877357,8.579774],[78.0886028,8.5797485],[78.0887153,8.5797391],[78.0888903,8.5797295],[78.089767,8.5796547],[78.0910188,8.5795544],[78.0920582,8.5794684],[78.0932359,8.5793648],[78.0944877,8.5792622],[78.0948666,8.5792087],[78.0951056,8.5791646],[78.0953576,8.5790968],[78.0955937,8.5790132],[78.0957484,8.5789564],[78.0960227,8.5788255],[78.0963034,8.5786631],[78.0967942,8.5783068],[78.0969764,8.5781442],[78.0971136,8.5779802],[78.0974503,8.5775015]]]}},
{"type":"Feature","properties":{"name":null,"bridge":"F","tunnel":"F"},"geometry":{"type":"MultiLineString","coordinates":[[[78.1180235,8.5001292],[78.1179063,8.5005973],[78.1177025,8.5013383],[78.1172711,8.5029953]]]}},
{"type":"Feature","properties":{"name":"Line 2: Chennai Egmore - Nagercoil","bridge":"F","tunnel":"F"},"geometry":{"type":"MultiLineString","coordinates":[[[77.8360933,8.862552],[77.8336361,8.8625378],[77.8319219,8.8624799],[77.831035,8.8624597]]]}},
{"type":"Feature","properties":{"name":null,"bridge":"F","tunnel":"F"},"geometry":{"type":"MultiLineString","coordinates":[[[77.708977,8.7415953],[77.7090343,8.7412973],[77.7090455,8.7411123],[77.7090546,8.7408203],[77.7090343,8.740098],[77.7089328,8.7385197]]]}},
{"type":"Feature","properties":{"name":null,"bridge":"F","tunnel":"F"},"geometry":{"type":"MultiLineString","coordinates":[[[77.7090343,8.7412973],[77.7090951,8.7409652],[77.7091154,8.740798],[77.7091132,8.7405037],[77.7090681,8.7397391],[77.7090004,8.7385264]]]}},
{"type":"Feature","properties":{"name":null,"bridge":"F","tunnel":"F"},"geometry":{"type":"MultiLineString","coordinates":[[[77.7087986,8.7425802],[77.7088177,8.742198],[77.7088065,8.7418859],[77.7087207,8.7409228],[77.7086666,8.7397859],[77.7086283,8.7389365],[77.7085899,8.7380337],[77.7085358,8.736598]]]}},
{"type":"Feature","properties":{"name":null,"bridge":"F","tunnel":"F"},"geometry":{"type":"MultiLineString","coordinates":[[[77.7089642,8.7467208],[77.7088775,8.7459119]]]}},
{"type":"Feature","properties":{"name":null,"bridge":"F","tunnel":"F"},"geometry":{"type":"MultiLineString","coordinates":[[[77.7083962,8.7373759],[77.7084717,8.7379857]]]}},
{"type":"Feature","properties":{"name":null,"bridge":"F","tunnel":"F"},"geometry":{"type":"MultiLineString","coordinates":[[[77.7080802,8.7307839],[77.708097,8.7300637]]]}},
{"type":"Feature","properties":{"name":null,"bridge":"F","tunnel":"F"},"geometry":{"type":"MultiLineString","coordinates":[[[77.7081263,8.7296291],[77.7081794,8.7298967],[77.70822,8.7302177],[77.7082381,8.7305678]]]}},
{"type":"Feature","properties":{"name":null,"bridge":"F","tunnel":"F"},"geometry":{"type":"MultiLineString","coordinates":[[[77.7079935,8.7316913],[77.7079535,8.730995],[77.7079715,8.730387]]]}},
{"type":"Feature","properties":{"name":null,"bridge":"F","tunnel":"F"},"geometry":{"type":"MultiLineString","coordinates":[[[77.7078296,8.7343186],[77.7077495,8.7321165],[77.7077327,8.7317964],[77.7077224,8.7315555],[77.7077165,8.7314174],[77.7077086,8.7312857],[77.7077148,8.7311358],[77.7077486,8.7308856],[77.7077849,8.7306992],[77.7078346,8.7304866],[77.7078572,8.7302712],[77.7078739,8.7300301],[77.7078931,8.7296412],[77.7079006,8.7292405]]]}},
{"type":"Feature","properties":{"name":null,"bridge":"F","tunnel":"F"},"geometry":{"type":"MultiLineString","coordinates":[[[77.7085651,8.7426396],[77.7086716,8.7430093]]]}},
{"type":"Feature","properties":{"name":null,"bridge":"F","tunnel":"F"},"geometry":{"type":"MultiLineString","coordinates":[[[77.7084121,8.7421105],[77.7082169,8.7416411]]]}},
{"type":"Feature","properties":{"name":"Line 1: Nagercoil - Chennai Egmore","bridge":"F","tunnel":"F"},"geometry":{"type":"MultiLineString","coordinates":[[[77.6636266,8.4969151],[77.6635904,8.4959237],[77.6635375,8.4947066],[77.6634735,8.4934013],[77.6634066,8.4917215],[77.6633593,8.490426]]]}},
{"type":"Feature","properties":{"name":null,"bridge":"F","tunnel":"F"},"geometry":{"type":"MultiLineString","coordinates":[[[77.6633118,8.4883071],[77.6633028,8.4890886]]]}},
{"type":"Feature","properties":{"name":null,"bridge":"F","tunnel":"F"},"geometry":{"type":"MultiLineString","coordinates":[[[77.6636729,8.4966965],[77.6635904,8.4959237]]]}},
{"type":"Feature","properties":{"name":"Line 2: Chennai Egmore - Nagercoil","bridge":"F","tunnel":"F"},"geometry":{"type":"MultiLineString","coordinates":[[[77.8619978,8.9758864],[77.8621209,8.9730598],[77.8623323,8.9716217],[77.8626325,8.9700109],[77.8628273,8.9690142],[77.8631237,8.9678859],[77.8638067,8.9657486],[77.8651105,8.9617723],[77.8664249,8.9577828],[77.8675975,8.9541987],[77.8681844,8.9524216],[77.8688954,8.9502604],[77.8701496,8.946489],[77.870782,8.9444961],[77.8720687,8.9406107],[77.8732665,8.936905],[77.8745884,8.9328733],[77.8757453,8.9293307],[77.8778167,8.923006],[77.8779719,8.9225149]]]}},
{"type":"Feature","properties":{"name":"Tirunelveli -Tiruchedur","bridge":"F","tunnel":"F"},"geometry":{"type":"MultiLineString","coordinates":[[[77.7073874,8.7186893],[77.7070762,8.7190681],[77.7069394,8.7192574]]]}},
{"type":"Feature","properties":{"name":"Line 2: Chennai Egmore - Nagercoil","bridge":"F","tunnel":"F"},"geometry":{"type":"MultiLineString","coordinates":[[[77.7080572,8.7292804],[77.7080474,8.7291816],[77.7080241,8.7289909],[77.7079932,8.728846],[77.7079493,8.7286589],[77.7078891,8.7285095],[77.7078046,8.7283177],[77.707593,8.7279162],[77.7074939,8.727758],[77.7073239,8.7275274],[77.7071137,8.727292],[77.706902,8.7270777],[77.7067258,8.7269354],[77.7064322,8.7267262],[77.706288,8.7266374],[77.706203,8.7265895]]]}},
{"type":"Feature","properties":{"name":"Line 1: Nagercoil - Chennai Egmore","bridge":"F","tunnel":"F"},"geometry":{"type":"MultiLineString","coordinates":[[[77.8926603,8.8767639],[77.8926081,8.8771055],[77.8925619,8.8773901],[77.8924737,8.8777159],[77.892273,8.8783304],[77.8921841,8.8786152],[77.8920132,8.8791145],[77.8917036,8.8798353],[77.8914995,8.8803506],[77.8914056,8.8805638],[77.8913355,8.8807741],[77.8912397,8.8810606],[77.8907139,8.8825922],[77.8904593,8.8834605],[77.8897731,8.8857805],[77.8894728,8.8868122],[77.8887859,8.8889947],[77.8887141,8.8892227],[77.8882222,8.8907531],[77.8876815,8.8923236],[77.887614,8.892585],[77.8872795,8.8936071],[77.8866204,8.8956694],[77.8851083,8.900278],[77.8837916,8.9044919]]]}},
{"type":"Feature","properties":{"name":"Line 2: Chennai Egmore - Nagercoil","bridge":"F","tunnel":"F"},"geometry":{"type":"MultiLineString","coordinates":[[[77.8619854,8.9760256],[77.8620487,8.978061],[77.8622603,8.980016],[77.8624043,8.981032],[77.8627954,8.9840755],[77.8629736,8.9856386],[77.8635082,8.9896799],[77.8640002,8.993618],[77.8641669,8.9947163],[77.8642306,8.9952999],[77.864241,8.9957605],[77.8642347,8.9964901],[77.8642396,8.9965762],[77.8642365,8.9967159],[77.8642056,8.9977505],[77.864078,8.9988464],[77.8638422,8.9999643],[77.8635498,9.0013704],[77.8631801,9.0031452],[77.8628724,9.0043866],[77.8626857,9.0050948],[77.8626682,9.0051415]]]}},
{"type":"Feature","properties":{"name":"Line 1: Nagercoil - Chennai Egmore","bridge":"T","tunnel":"F"},"geometry":{"type":"MultiLineString","coordinates":[[[77.8625835,9.0051181],[77.8625396,9.0053159]]]}},
{"type":"Feature","properties":{"name":"Line 1: Nagercoil - Chennai Egmore","bridge":"F","tunnel":"F"},"geometry":{"type":"MultiLineString","coordinates":[[[77.8625396,9.0053159],[77.8611619,9.0118683],[77.8609818,9.0126268],[77.8593039,9.0206048],[77.8586088,9.0238827]]]}},
{"type":"Feature","properties":{"name":"Line 1: Nagercoil - Chennai Egmore","bridge":"T","tunnel":"F"},"geometry":{"type":"MultiLineString","coordinates":[[[77.8586088,9.0238827],[77.8585677,9.0240764]]]}},
{"type":"Feature","properties":{"name":"Line 1: Nagercoil - Chennai Egmore","bridge":"F","tunnel":"F"},"geometry":{"type":"MultiLineString","coordinates":[[[77.8585677,9.0240764],[77.8578723,9.0273335]]]}},
{"type":"Feature","properties":{"name":"Line 1: Nagercoil - Chennai Egmore","bridge":"T","tunnel":"F"},"geometry":{"type":"MultiLineString","coordinates":[[[77.8578723,9.0273335],[77.857849,9.0274428]]]}},
{"type":"Feature","properties":{"name":"Line 1: Nagercoil - Chennai Egmore","bridge":"F","tunnel":"F"},"geometry":{"type":"MultiLineString","coordinates":[[[77.857849,9.0274428],[77.8571126,9.0308965]]]}},
{"type":"Feature","properties":{"name":"Line 1: Nagercoil - Chennai Egmore","bridge":"F","tunnel":"F"},"geometry":{"type":"MultiLineString","coordinates":[[[77.8570932,9.0309803],[77.8565787,9.0335504],[77.8562093,9.0351797]]]}},
{"type":"Feature","properties":{"name":"Line 1: Nagercoil - Chennai Egmore","bridge":"T","tunnel":"F"},"geometry":{"type":"MultiLineString","coordinates":[[[77.8571126,9.0308965],[77.8570932,9.0309803]]]}},
{"type":"Feature","properties":{"name":"Line 1: Nagercoil - Chennai Egmore","bridge":"T","tunnel":"F"},"geometry":{"type":"MultiLineString","coordinates":[[[77.8562093,9.0351797],[77.8561833,9.0352943]]]}},
{"type":"Feature","properties":{"name":"Line 2: Chennai Egmore - Nagercoil","bridge":"F","tunnel":"F"},"geometry":{"type":"MultiLineString","coordinates":[[[77.8563127,9.0353071],[77.8557399,9.037254],[77.8555802,9.0378038],[77.8554519,9.0381953],[77.8551692,9.0388833],[77.8549932,9.0393078],[77.8547169,9.0398775],[77.8544491,9.0403797],[77.8536799,9.0416424],[77.852667,9.0432834]]]}},
{"type":"Feature","properties":{"name":"Line 2: Chennai Egmore - Nagercoil","bridge":"T","tunnel":"F"},"geometry":{"type":"MultiLineString","coordinates":[[[77.852667,9.0432834],[77.852626,9.0433541]]]}},
{"type":"Feature","properties":{"name":"Line 2: Chennai Egmore - Nagercoil","bridge":"F","tunnel":"F"},"geometry":{"type":"MultiLineString","coordinates":[[[77.852626,9.0433541],[77.8504417,9.0469184],[77.8488109,9.0495744]]]}},
{"type":"Feature","properties":{"name":"Line 2: Chennai Egmore - Nagercoil","bridge":"T","tunnel":"F"},"geometry":{"type":"MultiLineString","coordinates":[[[77.8488109,9.0495744],[77.8486758,9.0497943]]]}},
{"type":"Feature","properties":{"name":"Line 2: Chennai Egmore - Nagercoil","bridge":"F","tunnel":"F"},"geometry":{"type":"MultiLineString","coordinates":[[[77.8486758,9.0497943],[77.8467669,9.0529065],[77.8439593,9.0574908]]]}},
{"type":"Feature","properties":{"name":"Line 2: Chennai Egmore - Nagercoil","bridge":"T","tunnel":"F"},"geometry":{"type":"MultiLineString","coordinates":[[[77.8439593,9.0574908],[77.8438611,9.057651]]]}},
{"type":"Feature","properties":{"name":"Line 2: Chennai Egmore - Nagercoil","bridge":"F","tunnel":"F"},"geometry":{"type":"MultiLineString","coordinates":[[[77.8438611,9.057651],[77.8432499,9.0587796],[77.8428794,9.0595224],[77.8426852,9.0599397]]]}},
{"type":"Feature","properties":{"name":"Line 2: Chennai Egmore - Nagercoil","bridge":"T","tunnel":"F"},"geometry":{"type":"MultiLineString","coordinates":[[[77.8426852,9.0599397],[77.8426233,9.0600752]]]}},
{"type":"Feature","properties":{"name":"Line 2: Chennai Egmore - Nagercoil","bridge":"F","tunnel":"F"},"geometry":{"type":"MultiLineString","coordinates":[[[77.8426233,9.0600752],[77.8421926,9.0610018],[77.8419119,9.0616922],[77.8415309,9.0627507]]]}},
{"type":"Feature","properties":{"name":"Line 2: Chennai Egmore - Nagercoil","bridge":"T","tunnel":"F"},"geometry":{"type":"MultiLineString","coordinates":[[[77.8415309,9.0627507],[77.8414791,9.0629208]]]}},
{"type":"Feature","properties":{"name":"Line 2: Chennai Egmore - Nagercoil","bridge":"T","tunnel":"F"},"geometry":{"type":"MultiLineString","coordinates":[[[77.8927374,8.8767616],[77.8927508,8.8766142]]]}},
{"type":"Feature","properties":{"name":"Line 2: Chennai Egmore - Nagercoil","bridge":"T","tunnel":"F"},"geometry":{"type":"MultiLineString","coordinates":[[[77.892611,8.8743273],[77.8925895,8.8742398]]]}},
{"type":"Feature","properties":{"name":"Line 2: Chennai Egmore - Nagercoil","bridge":"F","tunnel":"F"},"geometry":{"type":"MultiLineString","coordinates":[[[77.8927508,8.8766142],[77.8927674,8.876416],[77.8927814,8.8758652],[77.8927849,8.8756532],[77.8927703,8.8754003],[77.8927369,8.874985],[77.892611,8.8743273]]]}},
{"type":"Feature","properties":{"name":"Line 1: Nagercoil - Chennai Egmore","bridge":"T","tunnel":"F"},"geometry":{"type":"MultiLineString","coordinates":[[[77.8829542,8.8668788],[77.8830215,8.866906]]]}},
{"type":"Feature","properties":{"name":"Line 2: Chennai Egmore - Nagercoil","bridge":"F","tunnel":"F"},"geometry":{"type":"MultiLineString","coordinates":[[[77.8925895,8.8742398],[77.8924323,8.8736364],[77.8922269,8.8730542],[77.892049,8.8726507],[77.8919146,8.8723927],[77.8916802,8.8719538],[77.8913599,8.8714854],[77.8908482,8.8708514],[77.8902083,8.8701992],[77.8898224,8.8698671],[77.8893634,8.8695345],[77.8888323,8.8691962],[77.8886075,8.8690667],[77.8880632,8.8687983],[77.886993,8.868367],[77.8858918,8.8679406],[77.8830424,8.8668498]]]}},
{"type":"Feature","properties":{"name":"Line 2: Chennai Egmore - Nagercoil","bridge":"T","tunnel":"F"},"geometry":{"type":"MultiLineString","coordinates":[[[77.8830424,8.8668498],[77.8829669,8.8668205]]]}},
{"type":"Feature","properties":{"name":"Line 2: Chennai Egmore - Nagercoil","bridge":"T","tunnel":"F"},"geometry":{"type":"MultiLineString","coordinates":[[[77.8543894,8.8626677],[77.8542127,8.8626613]]]}},
{"type":"Feature","properties":{"name":"Line 2: Chennai Egmore - Nagercoil","bridge":"F","tunnel":"F"},"geometry":{"type":"MultiLineString","coordinates":[[[77.8542127,8.8626613],[77.8524903,8.8626436]]]}},
{"type":"Feature","properties":{"name":"Line 1: Nagercoil - Chennai Egmore","bridge":"F","tunnel":"F"},"geometry":{"type":"MultiLineString","coordinates":[[[77.8524701,8.8627096],[77.8542367,8.862726]]]}},
{"type":"Feature","properties":{"name":"Line 1: Nagercoil - Chennai Egmore","bridge":"T","tunnel":"F"},"geometry":{"type":"MultiLineString","coordinates":[[[77.8542367,8.862726],[77.8543722,8.862726]]]}},
{"type":"Feature","properties":{"name":"Line 1: Nagercoil - Chennai Egmore","bridge":"F","tunnel":"F"},"geometry":{"type":"MultiLineString","coordinates":[[[77.8474247,8.8626912],[77.8523351,8.8627122]]]}},
{"type":"Feature","properties":{"name":"Line 1: Nagercoil - Chennai Egmore","bridge":"T","tunnel":"F"},"geometry":{"type":"MultiLineString","coordinates":[[[77.8523351,8.8627122],[77.8524701,8.8627096]]]}},
{"type":"Feature","properties":{"name":"Line 2: Chennai Egmore - Nagercoil","bridge":"T","tunnel":"F"},"geometry":{"type":"MultiLineString","coordinates":[[[77.8524903,8.8626436],[77.8523262,8.8626461]]]}},
{"type":"Feature","properties":{"name":"Line 2: Chennai Egmore - Nagercoil","bridge":"F","tunnel":"F"},"geometry":{"type":"MultiLineString","coordinates":[[[77.8523262,8.8626461],[77.8474337,8.8626136]]]}},
{"type":"Feature","properties":{"name":"Line 1: Nagercoil - Chennai Egmore","bridge":"F","tunnel":"F"},"geometry":{"type":"MultiLineString","coordinates":[[[77.8310112,8.8625739],[77.8318541,8.8626135],[77.833632,8.8626083],[77.8360748,8.8626234]]]}},
{"type":"Feature","properties":{"name":"Line 1: Nagercoil - Chennai Egmore","bridge":"T","tunnel":"F"},"geometry":{"type":"MultiLineString","coordinates":[[[77.8472374,8.8626915],[77.8474247,8.8626912]]]}},
{"type":"Feature","properties":{"name":"Line 2: Chennai Egmore - Nagercoil","bridge":"T","tunnel":"F"},"geometry":{"type":"MultiLineString","coordinates":[[[77.8474337,8.8626136],[77.8472525,8.8626105]]]}},
{"type":"Feature","properties":{"name":"Line 2: Chennai Egmore - Nagercoil","bridge":"T","tunnel":"F"},"geometry":{"type":"MultiLineString","coordinates":[[[77.831035,8.8624597],[77.8307525,8.8624194]]]}},
{"type":"Feature","properties":{"name":"Line 2: Chennai Egmore - Nagercoil","bridge":"F","tunnel":"F"},"geometry":{"type":"MultiLineString","coordinates":[[[77.8181843,8.8550002],[77.8160456,8.8530488],[77.802658,8.840947]]]}},
{"type":"Feature","properties":{"name":"Line 1: Nagercoil - Chennai Egmore","bridge":"F","tunnel":"F"},"geometry":{"type":"MultiLineString","coordinates":[[[77.8025955,8.8410839],[77.8159525,8.8531366],[77.8181062,8.8551006]]]}},
{"type":"Feature","properties":{"name":"Line 1: Nagercoil - Chennai Egmore","bridge":"T","tunnel":"F"},"geometry":{"type":"MultiLineString","coordinates":[[[77.8307912,8.862558],[77.8310112,8.8625739]]]}},
{"type":"Feature","properties":{"name":"Line 2: Chennai Egmore - Nagercoil","bridge":"T","tunnel":"F"},"geometry":{"type":"MultiLineString","coordinates":[[[77.802658,8.840947],[77.8010855,8.8394985]]]}},
{"type":"Feature","properties":{"name":"Line 2: Chennai Egmore - Nagercoil","bridge":"F","tunnel":"F"},"geometry":{"type":"MultiLineString","coordinates":[[[77.8829669,8.8668205],[77.8808681,8.8659921],[77.8769655,8.8644926],[77.8750741,8.8637794],[77.8742273,8.8634697],[77.8731548,8.863168],[77.8722562,8.8629885],[77.871716,8.8628692],[77.8712641,8.8628297],[77.8703472,8.8627629],[77.8684651,8.8627413],[77.8578891,8.8626867],[77.8543894,8.8626677]]]}},
{"type":"Feature","properties":{"name":null,"bridge":"T","tunnel":"F"},"geometry":{"type":"MultiLineString","coordinates":[[[77.9677761,8.8560401],[77.9684375,8.8559066]]]}},
{"type":"Feature","properties":{"name":null,"bridge":"T","tunnel":"F"},"geometry":{"type":"MultiLineString","coordinates":[[[77.977894,8.8538376],[77.9781623,8.853774]]]}},
{"type":"Feature","properties":{"name":null,"bridge":"F","tunnel":"F"},"geometry":{"type":"MultiLineString","coordinates":[[[77.9684375,8.8559066],[77.9723043,8.8550568],[77.977894,8.8538376]]]}},
{"type":"Feature","properties":{"name":null,"bridge":"T","tunnel":"F"},"geometry":{"type":"MultiLineString","coordinates":[[[77.9857176,8.8521441],[77.9865693,8.8519533]]]}},
{"type":"Feature","properties":{"name":null,"bridge":"F","tunnel":"F"},"geometry":{"type":"MultiLineString","coordinates":[[[77.9781623,8.853774],[77.9811744,8.8531248],[77.9838779,8.8525469],[77.9857176,8.8521441]]]}},
{"type":"Feature","properties":{"name":"Madurai - Aruppukottai - Thoothukudi Line","bridge":"F","tunnel":"F"},"geometry":{"type":"MultiLineString","coordinates":[[[78.0775254,8.863977],[78.079044,8.8659899]]]}},
{"type":"Feature","properties":{"name":"Madurai - Aruppukottai - Thoothukudi Line","bridge":"T","tunnel":"F"},"geometry":{"type":"MultiLineString","coordinates":[[[78.0771325,8.8634388],[78.0775254,8.863977]]]}},
{"type":"Feature","properties":{"name":"Madurai - Aruppukottai - Thoothukudi Line","bridge":"F","tunnel":"F"},"geometry":{"type":"MultiLineString","coordinates":[[[78.0828039,8.870954],[78.0874871,8.8771456],[78.0961576,8.8885339],[78.1014006,8.8954253]]]}},
{"type":"Feature","properties":{"name":"Madurai - Aruppukottai - Thoothukudi Line","bridge":"T","tunnel":"F"},"geometry":{"type":"MultiLineString","coordinates":[[[78.0803686,8.8677455],[78.0806563,8.8681076]]]}},
{"type":"Feature","properties":{"name":"Madurai - Aruppukottai - Thoothukudi Line","bridge":"F","tunnel":"F"},"geometry":{"type":"MultiLineString","coordinates":[[[78.0793936,8.8664343],[78.0803686,8.8677455]]]}},
{"type":"Feature","properties":{"name":"Madurai - Aruppukottai - Thoothukudi Line","bridge":"T","tunnel":"F"},"geometry":{"type":"MultiLineString","coordinates":[[[78.079044,8.8659899],[78.0793936,8.8664343]]]}},
{"type":"Feature","properties":{"name":null,"bridge":"F","tunnel":"F"},"geometry":{"type":"MultiLineString","coordinates":[[[78.087549,8.5798559],[78.0886028,8.5797485]]]}},
{"type":"Feature","properties":{"name":"Tirunelveli - Tiruchendur","bridge":"F","tunnel":"F"},"geometry":{"type":"MultiLineString","coordinates":[[[78.1172711,8.5029953],[78.1166373,8.5054009],[78.1166185,8.5054722]]]}},
{"type":"Feature","properties":{"name":"Tirunelveli - Tiruchendur","bridge":"T","tunnel":"F"},"geometry":{"type":"MultiLineString","coordinates":[[[78.073076,8.581017],[78.0729843,8.581025]]]}},
{"type":"Feature","properties":{"name":"Tirunelveli - Tiruchendur","bridge":"F","tunnel":"F"},"geometry":{"type":"MultiLineString","coordinates":[[[78.0729843,8.581025],[78.0702728,8.5812533],[78.0595932,8.5821366],[78.0589699,8.5822292],[78.0584949,8.5823247],[78.0581092,8.5824157],[78.0570813,8.5827891],[78.0544224,8.5837001],[78.0457767,8.5867023],[78.0452047,8.5868548],[78.0446559,8.5869535],[78.044237,8.5869833],[78.04388,8.5869815],[78.0435351,8.5869568],[78.0432564,8.5869041],[78.043208,8.5868894]]]}},
{"type":"Feature","properties":{"name":null,"bridge":"F","tunnel":"F"},"geometry":{"type":"MultiLineString","coordinates":[[[77.9694976,8.5682448],[77.9698855,8.567685],[77.9701291,8.5673304]]]}},
{"type":"Feature","properties":{"name":null,"bridge":"F","tunnel":"F"},"geometry":{"type":"MultiLineString","coordinates":[[[77.9782248,8.5639979],[77.9793359,8.5638043]]]}},
{"type":"Feature","properties":{"name":"Tirunelveli - Tiruchendur","bridge":"T","tunnel":"F"},"geometry":{"type":"MultiLineString","coordinates":[[[78.0324044,8.5828226],[78.0321577,8.5827292]]]}},
{"type":"Feature","properties":{"name":"Tirunelveli - Tiruchendur","bridge":"F","tunnel":"F"},"geometry":{"type":"MultiLineString","coordinates":[[[78.0430086,8.5868474],[78.0424255,8.5866948],[78.0419837,8.5865311],[78.0395462,8.5855738],[78.037226,8.5847333],[78.0348641,8.5838166],[78.0324044,8.5828226]]]}},
{"type":"Feature","properties":{"name":"Tirunelveli - Tiruchendur","bridge":"F","tunnel":"F"},"geometry":{"type":"MultiLineString","coordinates":[[[77.9693211,8.5683899],[77.9691238,8.5686704]]]}},
{"type":"Feature","properties":{"name":"Tirunelveli - Tiruchendur","bridge":"T","tunnel":"F"},"geometry":{"type":"MultiLineString","coordinates":[[[77.9693858,8.5682964],[77.9693211,8.5683899]]]}},
{"type":"Feature","properties":{"name":"Tirunelveli - Tiruchendur","bridge":"F","tunnel":"F"},"geometry":{"type":"MultiLineString","coordinates":[[[77.9725161,8.5650932],[77.9722849,8.5652086],[77.9718672,8.5654475],[77.9715241,8.5656875],[77.9711774,8.5659653],[77.9708319,8.5662976],[77.970505,8.5667139],[77.9703161,8.5669771],[77.9701272,8.5672456],[77.969586,8.5680111],[77.9693858,8.5682964]]]}},
{"type":"Feature","properties":{"name":null,"bridge":"F","tunnel":"F"},"geometry":{"type":"MultiLineString","coordinates":[[[77.969586,8.5680111],[77.9701291,8.5673304],[77.9703565,8.5669907],[77.970517,8.5667795],[77.9706884,8.5665721],[77.9708734,8.5663335],[77.9711012,8.5661171],[77.9713087,8.5659231],[77.9716741,8.5656398],[77.9719335,8.5654614]]]}},
{"type":"Feature","properties":{"name":"Tirunelveli - Tiruchendur","bridge":"F","tunnel":"F"},"geometry":{"type":"MultiLineString","coordinates":[[[77.956252,8.5869679],[77.9559608,8.5873833],[77.9555852,8.5879046],[77.9552319,8.5884227],[77.9547405,8.5891171],[77.9543347,8.5896847],[77.9522108,8.5926964],[77.9515047,8.5936976],[77.9504216,8.5952459],[77.9500198,8.595829],[77.9484604,8.5980481],[77.9480548,8.5986131],[77.9477963,8.5989589],[77.9474939,8.5992798],[77.9471814,8.5995789],[77.946901,8.5998082],[77.9466099,8.6000109],[77.9460772,8.6003153],[77.9456567,8.6005026],[77.9389228,8.6028407],[77.9381283,8.6031446]]]}},
{"type":"Feature","properties":{"name":"Tirunelveli - Tiruchendur","bridge":"F","tunnel":"F"},"geometry":{"type":"MultiLineString","coordinates":[[[77.9594829,8.5823584],[77.956252,8.5869679]]]}},
{"type":"Feature","properties":{"name":"Tirunelveli - Tiruchendur","bridge":"T","tunnel":"F"},"geometry":{"type":"MultiLineString","coordinates":[[[77.9595633,8.5822436],[77.9594829,8.5823584]]]}},
{"type":"Feature","properties":{"name":"Tirunelveli - Tiruchendur","bridge":"F","tunnel":"F"},"geometry":{"type":"MultiLineString","coordinates":[[[77.9621043,8.578655],[77.9612057,8.5799333],[77.9600193,8.5815931],[77.9595633,8.5822436]]]}},
{"type":"Feature","properties":{"name":"Tirunelveli - Tiruchendur","bridge":"F","tunnel":"F"},"geometry":{"type":"MultiLineString","coordinates":[[[77.9670959,8.5715548],[77.9656595,8.5735981]]]}},
{"type":"Feature","properties":{"name":"Tirunelveli - Tiruchendur","bridge":"F","tunnel":"F"},"geometry":{"type":"MultiLineString","coordinates":[[[77.9656595,8.5735981],[77.9623108,8.5783614]]]}},
{"type":"Feature","properties":{"name":"Tirunelveli - Tiruchendur","bridge":"T","tunnel":"F"},"geometry":{"type":"MultiLineString","coordinates":[[[77.9623108,8.5783614],[77.9621043,8.578655]]]}},
{"type":"Feature","properties":{"name":"Tirunelveli - Tiruchendur","bridge":"F","tunnel":"F"},"geometry":{"type":"MultiLineString","coordinates":[[[77.9691238,8.5686704],[77.9670959,8.5715548]]]}},
{"type":"Feature","properties":{"name":null,"bridge":"F","tunnel":"F"},"geometry":{"type":"MultiLineString","coordinates":[[[77.9068362,8.6216608],[77.9070844,8.6214139],[77.9073819,8.62111]]]}},
{"type":"Feature","properties":{"name":null,"bridge":"F","tunnel":"F"},"geometry":{"type":"MultiLineString","coordinates":[[[77.8996931,8.6263415],[77.899242,8.6263638],[77.898615,8.6263928]]]}},
{"type":"Feature","properties":{"name":null,"bridge":"F","tunnel":"F"},"geometry":{"type":"MultiLineString","coordinates":[[[78.1704237,8.7581938],[78.1655141,8.7589093]]]}},
{"type":"Feature","properties":{"name":"Line 1: Nagercoil - Chennai Egmore","bridge":"F","tunnel":"F"},"geometry":{"type":"MultiLineString","coordinates":[[[77.6183866,8.3801179],[77.6197229,8.3812964],[77.6198811,8.3814529],[77.6207247,8.3824396],[77.6211728,8.3832003],[77.6219988,8.3850389],[77.6230269,8.3873948],[77.6239101,8.3894508],[77.6252501,8.3925151],[77.6260058,8.3942973],[77.6263222,8.3953535],[77.6265067,8.395975],[77.626867,8.3977441],[77.6269505,8.3987134],[77.6270383,8.4014256],[77.6270823,8.4021384],[77.6271086,8.4024122],[77.6271357,8.4030991],[77.6272317,8.4055287],[77.6274382,8.4071064],[77.6277281,8.4082322],[77.6281719,8.4096447],[77.6288881,8.411292],[77.6299821,8.4135217],[77.6310322,8.4157427],[77.6324865,8.4188851],[77.6338309,8.4217667],[77.6350172,8.4241789],[77.6353704,8.4249362],[77.6374777,8.4294552],[77.6384017,8.4313402],[77.6385365,8.4316152],[77.6392043,8.4329804],[77.6395251,8.4336362],[77.640102,8.4346113],[77.641673,8.4369422],[77.6426004,8.4382265],[77.6426764,8.4383318],[77.6451246,8.4418424]]]}},
{"type":"Feature","properties":{"name":"Line 1: Nagercoil - Chennai Egmore","bridge":"F","tunnel":"F"},"geometry":{"type":"MultiLineString","coordinates":[[[77.6636266,8.4969151],[77.6636797,8.4988514],[77.6639336,8.5003964],[77.6645975,8.5018352],[77.6679172,8.5062096],[77.668835,8.5077256],[77.6698601,8.510072],[77.6704655,8.5124281],[77.6708365,8.5165223],[77.6710611,8.519535],[77.67152,8.526323],[77.6721644,8.5342793],[77.6726916,8.5413084],[77.6732091,8.5480478],[77.6735313,8.5522382],[77.6739121,8.5544105],[77.6745369,8.5562257],[77.6759309,8.55955],[77.6772447,8.562626],[77.6782376,8.5649852],[77.6790944,8.566988],[77.6801752,8.5695296],[77.6811726,8.5718757],[77.6818492,8.5736049],[77.682148,8.5748083],[77.6824072,8.575977],[77.6825434,8.5777713],[77.6825478,8.5796437],[77.6825742,8.5818681],[77.6825654,8.5847572],[77.6826369,8.5907984],[77.6826815,8.5978895],[77.6827372,8.6056091],[77.6828265,8.6178279],[77.682862,8.6285422],[77.6829493,8.6345572],[77.683261,8.6361401],[77.6846231,8.6443566],[77.6877815,8.6621703],[77.6914734,8.6822579],[77.694177,8.6965836],[77.6944534,8.6975407],[77.6947827,8.6984103],[77.6952223,8.6992254],[77.6957035,8.6998504],[77.696333,8.7005752],[77.6990003,8.7036107],[77.699172,8.7038053],[77.7017391,8.7065965],[77.7018353,8.706701],[77.7033383,8.7084383],[77.7050118,8.7103203],[77.706579,8.7120913],[77.7070587,8.7126444],[77.7074242,8.7131975],[77.7077458,8.7138517],[77.7079685,8.7145134],[77.7080645,8.7151036],[77.708115,8.7156862],[77.7080591,8.7167309],[77.7079348,8.7173094],[77.7078042,8.7176617],[77.7075571,8.7182025],[77.7072905,8.7186045],[77.7065509,8.7194413]]]}},
{"type":"Feature","properties":{"name":"Line 2: Chennai Egmore - Nagercoil","bridge":"F","tunnel":"F"},"geometry":{"type":"MultiLineString","coordinates":[[[77.6829567,8.6230931],[77.6829436,8.6216754],[77.6828993,8.6175244],[77.6828671,8.6135587],[77.6828663,8.6133579]]]}},
{"type":"Feature","properties":{"name":"Line 2: Chennai Egmore - Nagercoil","bridge":"T","tunnel":"F"},"geometry":{"type":"MultiLineString","coordinates":[[[77.682953,8.62357],[77.6829567,8.6230931]]]}},
{"type":"Feature","properties":{"name":"Line 1: Nagercoil - Chennai Egmore","bridge":"F","tunnel":"F"},"geometry":{"type":"MultiLineString","coordinates":[[[77.7057387,8.7263823],[77.7060152,8.7265335],[77.7062503,8.7266743],[77.7064088,8.7267823],[77.706641,8.7269484],[77.7068597,8.7271288],[77.7070627,8.7273182],[77.7071806,8.7274475],[77.7072668,8.7275582],[77.7074215,8.7277649],[77.7075476,8.7279435],[77.7077607,8.7283473],[77.707839,8.7285243],[77.7079005,8.7286735],[77.7079457,8.7288611],[77.7079744,8.7289947],[77.7080021,8.7292328],[77.7080285,8.7299286]]]}},
{"type":"Feature","properties":{"name":"Line 1: Nagercoil - Chennai Egmore","bridge":"F","tunnel":"F"},"geometry":{"type":"MultiLineString","coordinates":[[[77.7086907,8.7425995],[77.7087532,8.7434136],[77.7088775,8.7459119],[77.7089182,8.7468679]]]}},
{"type":"Feature","properties":{"name":null,"bridge":"F","tunnel":"F"},"geometry":{"type":"MultiLineString","coordinates":[[[77.7087604,8.7425837],[77.7087528,8.7424549],[77.7087206,8.7417338],[77.7086723,8.7406893],[77.7084675,8.7366088]]]}},
{"type":"Feature","properties":{"name":null,"bridge":"F","tunnel":"F"},"geometry":{"type":"MultiLineString","coordinates":[[[77.7086907,8.7425995],[77.7086819,8.7420443]]]}},
{"type":"Feature","properties":{"name":"Line 2: Chennai Egmore - Nagercoil","bridge":"F","tunnel":"F"},"geometry":{"type":"MultiLineString","coordinates":[[[77.7094647,8.7555867],[77.7094384,8.755136],[77.7092171,8.7513376],[77.7090308,8.7478979],[77.7090144,8.7475324],[77.708985,8.7470565]]]}},
{"type":"Feature","properties":{"name":"Line 2: Chennai Egmore - Nagercoil","bridge":"T","tunnel":"F"},"geometry":{"type":"MultiLineString","coordinates":[[[77.708985,8.7470565],[77.7089733,8.7468674]]]}},
{"type":"Feature","properties":{"name":null,"bridge":"F","tunnel":"F"},"geometry":{"type":"MultiLineString","coordinates":[[[77.7291424,8.7836612],[77.7294022,8.783949],[77.7295769,8.7841559]]]}},
{"type":"Feature","properties":{"name":null,"bridge":"F","tunnel":"F"},"geometry":{"type":"MultiLineString","coordinates":[[[77.7251827,8.7804522],[77.7254955,8.7807014]]]}},
{"type":"Feature","properties":{"name":null,"bridge":"F","tunnel":"F"},"geometry":{"type":"MultiLineString","coordinates":[[[77.7251437,8.7803396],[77.7254903,8.7806221]]]}},
{"type":"Feature","properties":{"name":null,"bridge":"F","tunnel":"F"},"geometry":{"type":"MultiLineString","coordinates":[[[77.7349856,8.788374],[77.7354738,8.7887727]]]}},
{"type":"Feature","properties":{"name":"Line 1: Nagercoil - Chennai Egmore","bridge":"F","tunnel":"F"},"geometry":{"type":"MultiLineString","coordinates":[[[77.8925692,8.8743426],[77.89265,8.8747759],[77.8926647,8.8749836],[77.8927003,8.8754033],[77.8927165,8.8759216],[77.8926978,8.8764233],[77.8926757,8.8766059]]]}},
{"type":"Feature","properties":{"name":"Line 1: Nagercoil - Chennai Egmore","bridge":"T","tunnel":"F"},"geometry":{"type":"MultiLineString","coordinates":[[[77.8925456,8.8742358],[77.8925692,8.8743426]]]}},
{"type":"Feature","properties":{"name":null,"bridge":"F","tunnel":"F"},"geometry":{"type":"MultiLineString","coordinates":[[[77.8919399,8.8800896],[77.8917421,8.8809244]]]}},
{"type":"Feature","properties":{"name":null,"bridge":"F","tunnel":"F"},"geometry":{"type":"MultiLineString","coordinates":[[[77.8915028,8.8819056],[77.8916504,8.8812532]]]}},
{"type":"Feature","properties":{"name":null,"bridge":"F","tunnel":"F"},"geometry":{"type":"MultiLineString","coordinates":[[[77.8887859,8.8889947],[77.888692,8.8895331]]]}},
{"type":"Feature","properties":{"name":null,"bridge":"F","tunnel":"F"},"geometry":{"type":"MultiLineString","coordinates":[[[77.8887085,8.8897936],[77.8884942,8.8902513]]]}},
{"type":"Feature","properties":{"name":null,"bridge":"F","tunnel":"F"},"geometry":{"type":"MultiLineString","coordinates":[[[77.8872795,8.8936071],[77.8875336,8.8930415]]]}},
{"type":"Feature","properties":{"name":null,"bridge":"F","tunnel":"F"},"geometry":{"type":"MultiLineString","coordinates":[[[77.887614,8.892585],[77.8878631,8.8920509]]]}},
{"type":"Feature","properties":{"name":null,"bridge":"F","tunnel":"F"},"geometry":{"type":"MultiLineString","coordinates":[[[77.8882329,8.8911032],[77.8883232,8.8906613]]]}},
{"type":"Feature","properties":{"name":null,"bridge":"F","tunnel":"F"},"geometry":{"type":"MultiLineString","coordinates":[[[77.89265,8.8747759],[77.8927265,8.8753631],[77.8927814,8.8758652]]]}},
{"type":"Feature","properties":{"name":null,"bridge":"F","tunnel":"F"},"geometry":{"type":"MultiLineString","coordinates":[[[77.8919919,8.8794379],[77.8917745,8.8798822],[77.8914995,8.8803506]]]}},
{"type":"Feature","properties":{"name":null,"bridge":"F","tunnel":"F"},"geometry":{"type":"MultiLineString","coordinates":[[[77.9002449,8.870933],[77.8994268,8.8712337]]]}},
{"type":"Feature","properties":{"name":null,"bridge":"F","tunnel":"F"},"geometry":{"type":"MultiLineString","coordinates":[[[77.897693,8.872132],[77.8985283,8.8715778]]]}},
{"type":"Feature","properties":{"name":null,"bridge":"F","tunnel":"F"},"geometry":{"type":"MultiLineString","coordinates":[[[77.8948568,8.8747827],[77.8943624,8.8752785]]]}},
{"type":"Feature","properties":{"name":null,"bridge":"F","tunnel":"F"},"geometry":{"type":"MultiLineString","coordinates":[[[77.8924221,8.8783169],[77.8922177,8.8789908]]]}},
{"type":"Feature","properties":{"name":null,"bridge":"F","tunnel":"F"},"geometry":{"type":"MultiLineString","coordinates":[[[77.8888884,8.8890688],[77.8891829,8.8881723],[77.8893713,8.8876029],[77.8896878,8.8866468],[77.8898195,8.8863286],[77.890136,8.8855207],[77.8902536,8.8852156],[77.8904218,8.8847238],[77.8905666,8.8843005],[77.8906576,8.8840531],[77.8910717,8.8826933],[77.8918425,8.8804102],[77.8919399,8.8800896],[77.8920364,8.8796046],[77.8922177,8.8789908],[77.8925354,8.8782103]]]}},
{"type":"Feature","properties":{"name":null,"bridge":"F","tunnel":"F"},"geometry":{"type":"MultiLineString","coordinates":[[[77.89035,8.8704101],[77.8908482,8.8708514]]]}},
{"type":"Feature","properties":{"name":null,"bridge":"F","tunnel":"F"},"geometry":{"type":"MultiLineString","coordinates":[[[77.8890972,8.8887945],[77.8888619,8.8892719]]]}},
{"type":"Feature","properties":{"name":null,"bridge":"F","tunnel":"F"},"geometry":{"type":"MultiLineString","coordinates":[[[77.8887263,8.8896059],[77.8885145,8.8900767]]]}},
{"type":"Feature","properties":{"name":null,"bridge":"F","tunnel":"F"},"geometry":{"type":"MultiLineString","coordinates":[[[77.8877396,8.8924452],[77.8879427,8.8919531]]]}},
{"type":"Feature","properties":{"name":null,"bridge":"F","tunnel":"F"},"geometry":{"type":"MultiLineString","coordinates":[[[77.8860172,8.8978617],[77.8873746,8.8937203],[77.8875191,8.8932838],[77.8877428,8.8925887],[77.8879427,8.8919531],[77.8882151,8.8911583],[77.8882329,8.8911032],[77.8884475,8.8904389],[77.8884942,8.8902513],[77.8887263,8.8896059],[77.8888884,8.8890688]]]}},
{"type":"Feature","properties":{"name":"Line 2: Chennai Egmore - Nagercoil","bridge":"F","tunnel":"F"},"geometry":{"type":"MultiLineString","coordinates":[[[77.8472525,8.8626105],[77.8460906,8.8626022],[77.8440515,8.8625823],[77.8435858,8.8625732],[77.8429108,8.8625747],[77.8412844,8.8625642],[77.8408925,8.8625608]]]}},
{"type":"Feature","properties":{"name":"Line 2: Chennai Egmore - Nagercoil","bridge":"T","tunnel":"F"},"geometry":{"type":"MultiLineString","coordinates":[[[77.8408925,8.8625608],[77.8406846,8.8625629]]]}},
{"type":"Feature","properties":{"name":"Line 1: Nagercoil - Chennai Egmore","bridge":"F","tunnel":"F"},"geometry":{"type":"MultiLineString","coordinates":[[[77.8408474,8.8626577],[77.8424831,8.8626641],[77.8435872,8.8626481],[77.8458912,8.8626755],[77.8472374,8.8626915]]]}},
{"type":"Feature","properties":{"name":"Line 1: Nagercoil - Chennai Egmore","bridge":"T","tunnel":"F"},"geometry":{"type":"MultiLineString","coordinates":[[[77.8406938,8.8626564],[77.8408474,8.8626577]]]}},
{"type":"Feature","properties":{"name":"Line 2: Chennai Egmore - Nagercoil","bridge":"F","tunnel":"F"},"geometry":{"type":"MultiLineString","coordinates":[[[77.8406846,8.8625629],[77.8378386,8.8625522],[77.8361722,8.8625527]]]}},
{"type":"Feature","properties":{"name":"Line 2: Chennai Egmore - Nagercoil","bridge":"T","tunnel":"F"},"geometry":{"type":"MultiLineString","coordinates":[[[77.8361722,8.8625527],[77.8360933,8.862552]]]}},
{"type":"Feature","properties":{"name":"Line 1: Nagercoil - Chennai Egmore","bridge":"F","tunnel":"F"},"geometry":{"type":"MultiLineString","coordinates":[[[77.8361676,8.8626242],[77.8380687,8.8626326],[77.8394262,8.8626469],[77.8406938,8.8626564]]]}},
{"type":"Feature","properties":{"name":"Line 1: Nagercoil - Chennai Egmore","bridge":"T","tunnel":"F"},"geometry":{"type":"MultiLineString","coordinates":[[[77.8360748,8.8626234],[77.8361676,8.8626242]]]}},
{"type":"Feature","properties":{"name":"Line 1: Nagercoil - Chennai Egmore","bridge":"F","tunnel":"F"},"geometry":{"type":"MultiLineString","coordinates":[[[77.8182002,8.8552231],[77.8199364,8.8568064],[77.8210932,8.857852],[77.8219467,8.8586383],[77.8228824,8.8594596],[77.8235822,8.8599629],[77.8242974,8.8604326],[77.8249833,8.8608318],[77.8256038,8.8611307],[77.8264874,8.8615228],[77.8273017,8.8618347],[77.8280778,8.8620814],[77.8288273,8.8622681],[77.8294577,8.8623991],[77.830101,8.8625049],[77.8307912,8.862558]]]}},
{"type":"Feature","properties":{"name":"Line 1: Nagercoil - Chennai Egmore","bridge":"T","tunnel":"F"},"geometry":{"type":"MultiLineString","coordinates":[[[77.8181062,8.8551006],[77.8182002,8.8552231]]]}},
{"type":"Feature","properties":{"name":"Line 2: Chennai Egmore - Nagercoil","bridge":"F","tunnel":"F"},"geometry":{"type":"MultiLineString","coordinates":[[[77.8307525,8.8624194],[77.8304857,8.8623994],[77.829865,8.8623066],[77.8292314,8.8622058],[77.8284649,8.8620449],[77.8276796,8.8618284],[77.8268153,8.8615222],[77.8259727,8.8611661],[77.8252192,8.8607764],[77.8240792,8.860135],[77.8232442,8.8595553],[77.8221154,8.8585528],[77.8211354,8.8576917],[77.8200123,8.8567048],[77.8183053,8.8551473]]]}},
{"type":"Feature","properties":{"name":"Line 2: Chennai Egmore - Nagercoil","bridge":"T","tunnel":"F"},"geometry":{"type":"MultiLineString","coordinates":[[[77.8183053,8.8551473],[77.8181843,8.8550002]]]}},
{"type":"Feature","properties":{"name":null,"bridge":"F","tunnel":"F"},"geometry":{"type":"MultiLineString","coordinates":[[[77.78435,8.829137],[77.7852329,8.8299019]]]}},
{"type":"Feature","properties":{"name":null,"bridge":"F","tunnel":"F"},"geometry":{"type":"MultiLineString","coordinates":[[[77.7852309,8.8297274],[77.7839385,8.8286472],[77.7828455,8.8277386],[77.7820919,8.8270801],[77.7809807,8.8261675],[77.7801623,8.8254555],[77.7790418,8.8244819],[77.7765694,8.8224327]]]}},
{"type":"Feature","properties":{"name":null,"bridge":"F","tunnel":"F"},"geometry":{"type":"MultiLineString","coordinates":[[[77.7774172,8.8229132],[77.7782147,8.8235755],[77.7789815,8.8242118],[77.7796624,8.8247995],[77.7800685,8.8251656],[77.7810316,8.8259622],[77.7829715,8.8274112],[77.7833854,8.8277514],[77.7853905,8.8293825],[77.7856205,8.8296091],[77.7858625,8.8298404],[77.7869526,8.8307258]]]}},
{"type":"Feature","properties":{"name":null,"bridge":"F","tunnel":"F"},"geometry":{"type":"MultiLineString","coordinates":[[[77.7844244,8.8286995],[77.7851803,8.8296057]]]}},
{"type":"Feature","properties":{"name":null,"bridge":"F","tunnel":"F"},"geometry":{"type":"MultiLineString","coordinates":[[[77.7833854,8.8277514],[77.7839959,8.8283426]]]}},
{"type":"Feature","properties":{"name":null,"bridge":"F","tunnel":"F"},"geometry":{"type":"MultiLineString","coordinates":[[[77.7777027,8.8232023],[77.7782147,8.8235755]]]}},
{"type":"Feature","properties":{"name":null,"bridge":"F","tunnel":"F"},"geometry":{"type":"MultiLineString","coordinates":[[[77.7754021,8.8215408],[77.7763856,8.8223463],[77.7769516,8.822827]]]}},
{"type":"Feature","properties":{"name":null,"bridge":"F","tunnel":"F"},"geometry":{"type":"MultiLineString","coordinates":[[[77.7773681,8.8229316],[77.7768491,8.8225757],[77.7760377,8.8220071]]]}},
{"type":"Feature","properties":{"name":"Line 2: Chennai Egmore - Nagercoil","bridge":"T","tunnel":"F"},"geometry":{"type":"MultiLineString","coordinates":[[[77.7094805,8.7558579],[77.7094647,8.7555867]]]}},
{"type":"Feature","properties":{"name":"Line 2: Chennai Egmore - Nagercoil","bridge":"F","tunnel":"F"},"geometry":{"type":"MultiLineString","coordinates":[[[77.6734525,8.5494645],[77.6733285,8.5478765],[77.6731831,8.5459154],[77.6729677,8.5431149],[77.6724663,8.5364693]]]}},
{"type":"Feature","properties":{"name":"Line 2: Chennai Egmore - Nagercoil","bridge":"T","tunnel":"F"},"geometry":{"type":"MultiLineString","coordinates":[[[77.6724663,8.5364693],[77.6724463,8.5362045]]]}},
{"type":"Feature","properties":{"name":"Madurai - Aruppukottai - Thoothukudi Line","bridge":"T","tunnel":"F"},"geometry":{"type":"MultiLineString","coordinates":[[[78.1240953,8.9155274],[78.1244968,8.9158428]]]}},
{"type":"Feature","properties":{"name":"Madurai - Aruppukottai - Thoothukudi Line","bridge":"F","tunnel":"F"},"geometry":{"type":"MultiLineString","coordinates":[[[78.1193486,8.9119515],[78.120693,8.9129643],[78.1240953,8.9155274]]]}},
{"type":"Feature","properties":{"name":"Madurai - Aruppukottai - Thoothukudi Line","bridge":"T","tunnel":"F"},"geometry":{"type":"MultiLineString","coordinates":[[[78.1190966,8.9117647],[78.1193486,8.9119515]]]}},
{"type":"Feature","properties":{"name":"Madurai - Aruppukottai - Thoothukudi Line","bridge":"F","tunnel":"F"},"geometry":{"type":"MultiLineString","coordinates":[[[78.1171997,8.910314],[78.1190966,8.9117647]]]}},
{"type":"Feature","properties":{"name":"Madurai - Aruppukottai - Thoothukudi Line","bridge":"T","tunnel":"F"},"geometry":{"type":"MultiLineString","coordinates":[[[78.1169773,8.9101561],[78.1171997,8.910314]]]}},
{"type":"Feature","properties":{"name":"Madurai - Aruppukottai - Thoothukudi Line","bridge":"F","tunnel":"F"},"geometry":{"type":"MultiLineString","coordinates":[[[78.1113463,8.9058792],[78.1135734,8.9075708],[78.1169773,8.9101561]]]}},
{"type":"Feature","properties":{"name":"Madurai - Aruppukottai - Thoothukudi Line","bridge":"T","tunnel":"F"},"geometry":{"type":"MultiLineString","coordinates":[[[78.1111614,8.9057383],[78.1113463,8.9058792]]]}},
{"type":"Feature","properties":{"name":"Madurai - Aruppukottai - Thoothukudi Line","bridge":"F","tunnel":"F"},"geometry":{"type":"MultiLineString","coordinates":[[[78.1056868,8.9011216],[78.1061354,8.9016488],[78.1071869,8.9027087],[78.1111614,8.9057383]]]}},
{"type":"Feature","properties":{"name":"Madurai - Aruppukottai - Thoothukudi Line","bridge":"T","tunnel":"F"},"geometry":{"type":"MultiLineString","coordinates":[[[78.1055093,8.9008878],[78.1056868,8.9011216]]]}},
{"type":"Feature","properties":{"name":"Madurai - Aruppukottai - Thoothukudi Line","bridge":"F","tunnel":"F"},"geometry":{"type":"MultiLineString","coordinates":[[[78.104162,8.8990549],[78.1055093,8.9008878]]]}},
{"type":"Feature","properties":{"name":"Madurai - Aruppukottai - Thoothukudi Line","bridge":"T","tunnel":"F"},"geometry":{"type":"MultiLineString","coordinates":[[[78.1037765,8.8985482],[78.104162,8.8990549]]]}},
{"type":"Feature","properties":{"name":"Madurai - Aruppukottai - Thoothukudi Line","bridge":"F","tunnel":"F"},"geometry":{"type":"MultiLineString","coordinates":[[[78.1028291,8.8973029],[78.1037765,8.8985482]]]}},
{"type":"Feature","properties":{"name":"Madurai - Aruppukottai - Thoothukudi Line","bridge":"T","tunnel":"F"},"geometry":{"type":"MultiLineString","coordinates":[[[78.1024423,8.8967946],[78.1028291,8.8973029]]]}},
{"type":"Feature","properties":{"name":"Madurai - Aruppukottai - Thoothukudi Line","bridge":"F","tunnel":"F"},"geometry":{"type":"MultiLineString","coordinates":[[[78.1016546,8.8957592],[78.1024423,8.8967946]]]}},
{"type":"Feature","properties":{"name":"Madurai - Aruppukottai - Thoothukudi Line","bridge":"T","tunnel":"F"},"geometry":{"type":"MultiLineString","coordinates":[[[78.1014006,8.8954253],[78.1016546,8.8957592]]]}},
{"type":"Feature","properties":{"name":"Madurai - Aruppukottai - Thoothukudi Line","bridge":"F","tunnel":"F"},"geometry":{"type":"MultiLineString","coordinates":[[[78.0806563,8.8681076],[78.0815583,8.8692984],[78.082518,8.8705676]]]}},
{"type":"Feature","properties":{"name":"Madurai - Aruppukottai - Thoothukudi Line","bridge":"T","tunnel":"F"},"geometry":{"type":"MultiLineString","coordinates":[[[78.082518,8.8705676],[78.0828039,8.870954]]]}},
{"type":"Feature","properties":{"name":"Madurai - Aruppukottai - Thoothukudi Line","bridge":"F","tunnel":"F"},"geometry":{"type":"MultiLineString","coordinates":[[[78.0595736,8.8419993],[78.0603788,8.8429039],[78.0604815,8.8430193],[78.0616082,8.8443141],[78.0640197,8.8471108],[78.0674636,8.8510438],[78.0692553,8.8531004],[78.0701419,8.8541779],[78.0717264,8.8562772],[78.072517,8.8573343],[78.0741262,8.8594398],[78.0766149,8.8627489],[78.0771325,8.8634388]]]}},
{"type":"Feature","properties":{"name":"Madurai - Aruppukottai - Thoothukudi Line","bridge":"T","tunnel":"F"},"geometry":{"type":"MultiLineString","coordinates":[[[78.058776,8.8410583],[78.0588639,8.8411752]]]}},
{"type":"Feature","properties":{"name":"Madurai - Aruppukottai - Thoothukudi Line","bridge":"F","tunnel":"F"},"geometry":{"type":"MultiLineString","coordinates":[[[78.0588639,8.8411752],[78.0594738,8.8418741]]]}},
{"type":"Feature","properties":{"name":"Madurai - Aruppukottai - Thoothukudi Line","bridge":"T","tunnel":"F"},"geometry":{"type":"MultiLineString","coordinates":[[[78.0594738,8.8418741],[78.0595736,8.8419993]]]}},
{"type":"Feature","properties":{"name":"Madurai - Aruppukottai - Thoothukudi Line","bridge":"F","tunnel":"F"},"geometry":{"type":"MultiLineString","coordinates":[[[78.0549807,8.8366953],[78.058776,8.8410583]]]}},
{"type":"Feature","properties":{"name":"Madurai - Aruppukottai - Thoothukudi Line","bridge":"T","tunnel":"F"},"geometry":{"type":"MultiLineString","coordinates":[[[78.054881,8.8365786],[78.0549807,8.8366953]]]}},
{"type":"Feature","properties":{"name":"Madurai - Aruppukottai - Thoothukudi Line","bridge":"F","tunnel":"F"},"geometry":{"type":"MultiLineString","coordinates":[[[78.0537081,8.8352856],[78.054881,8.8365786]]]}},
{"type":"Feature","properties":{"name":"Madurai - Aruppukottai - Thoothukudi Line","bridge":"T","tunnel":"F"},"geometry":{"type":"MultiLineString","coordinates":[[[78.0535898,8.8351361],[78.0537081,8.8352856]]]}},
{"type":"Feature","properties":{"name":"Madurai - Aruppukottai - Thoothukudi Line","bridge":"F","tunnel":"F"},"geometry":{"type":"MultiLineString","coordinates":[[[78.0514565,8.8319545],[78.0518142,8.8326502],[78.052091,8.8331719],[78.0523967,8.833633],[78.0527784,8.8341628],[78.0535898,8.8351361]]]}},
{"type":"Feature","properties":{"name":"Madurai - Aruppukottai - Thoothukudi Line","bridge":"T","tunnel":"F"},"geometry":{"type":"MultiLineString","coordinates":[[[78.0514011,8.8318024],[78.0514565,8.8319545]]]}},
{"type":"Feature","properties":{"name":"Madurai - Aruppukottai - Thoothukudi Line","bridge":"F","tunnel":"F"},"geometry":{"type":"MultiLineString","coordinates":[[[78.0505435,8.828071],[78.0505936,8.8287641],[78.050733,8.8296025],[78.0508999,8.8303587],[78.0510728,8.83093],[78.0514011,8.8318024]]]}},
{"type":"Feature","properties":{"name":"Madurai - Aruppukottai - Thoothukudi Line","bridge":"T","tunnel":"F"},"geometry":{"type":"MultiLineString","coordinates":[[[78.0505335,8.8279645],[78.0505435,8.828071]]]}},
{"type":"Feature","properties":{"name":"Madurai - Aruppukottai - Thoothukudi Line","bridge":"F","tunnel":"F"},"geometry":{"type":"MultiLineString","coordinates":[[[78.0508393,8.8249854],[78.0506086,8.8262683],[78.0505551,8.8268076],[78.0505299,8.8273932],[78.0505335,8.8279645]]]}},
{"type":"Feature","properties":{"name":"Madurai - Aruppukottai - Thoothukudi Line","bridge":"T","tunnel":"F"},"geometry":{"type":"MultiLineString","coordinates":[[[78.0508724,8.8248778],[78.0508393,8.8249854]]]}},
{"type":"Feature","properties":{"name":"Line 1: Nagercoil - Chennai Egmore","bridge":"F","tunnel":"F"},"geometry":{"type":"MultiLineString","coordinates":[[[77.8837034,8.9046973],[77.8827079,8.9077722],[77.8803841,8.914948],[77.8795734,8.9174364],[77.879087,8.9189209],[77.8779749,8.9223491]]]}},
{"type":"Feature","properties":{"name":"Line 1: Nagercoil - Chennai Egmore","bridge":"T","tunnel":"F"},"geometry":{"type":"MultiLineString","coordinates":[[[77.8837916,8.9044919],[77.8837034,8.9046973]]]}},
{"type":"Feature","properties":{"name":"Line 2: Chennai Egmore - Nagercoil","bridge":"F","tunnel":"F"},"geometry":{"type":"MultiLineString","coordinates":[[[77.8838637,8.9045055],[77.8859197,8.8980022],[77.8875336,8.8930415],[77.8877396,8.8924452],[77.8878631,8.8920509],[77.8883232,8.8906613],[77.8885145,8.8900767],[77.888692,8.8895331],[77.8890345,8.8884387],[77.8895419,8.8869204],[77.8897204,8.8863521],[77.8900784,8.8853473],[77.8909297,8.8826469],[77.8919919,8.8794379],[77.8920963,8.8791259],[77.8923341,8.8783849],[77.8923869,8.8782495],[77.8924483,8.878068],[77.8926292,8.8773958],[77.8926777,8.8771191],[77.8927374,8.8767616]]]}},
{"type":"Feature","properties":{"name":"Line 2: Chennai Egmore - Nagercoil","bridge":"T","tunnel":"F"},"geometry":{"type":"MultiLineString","coordinates":[[[77.8838063,8.9046916],[77.8838637,8.9045055]]]}},
{"type":"Feature","properties":{"name":"Line 1: Nagercoil - Chennai Egmore","bridge":"T","tunnel":"F"},"geometry":{"type":"MultiLineString","coordinates":[[[77.8779749,8.9223491],[77.8779396,8.9224772]]]}},
{"type":"Feature","properties":{"name":"Line 2: Chennai Egmore - Nagercoil","bridge":"F","tunnel":"F"},"geometry":{"type":"MultiLineString","coordinates":[[[77.8780182,8.9223732],[77.8791406,8.9189404],[77.8804458,8.9149449],[77.8827863,8.9078243],[77.8838063,8.9046916]]]}},
{"type":"Feature","properties":{"name":"Line 2: Chennai Egmore - Nagercoil","bridge":"T","tunnel":"F"},"geometry":{"type":"MultiLineString","coordinates":[[[77.8779719,8.9225149],[77.8780182,8.9223732]]]}},
{"type":"Feature","properties":{"name":"Line 1: Nagercoil - Chennai Egmore","bridge":"F","tunnel":"F"},"geometry":{"type":"MultiLineString","coordinates":[[[77.8779396,8.9224772],[77.8777347,8.9230147],[77.8776154,8.9233914],[77.8767194,8.9260469],[77.875676,8.9293371],[77.8745383,8.932831],[77.8732179,8.9368141],[77.8720213,8.9405642],[77.8706891,8.9444598],[77.8700579,8.9465123],[77.8695986,8.9478371],[77.8688322,8.9502653],[77.868119,8.9524023],[77.8675295,8.9541725],[77.8662739,8.9580272],[77.8650302,8.9618586],[77.8637215,8.9657714],[77.8629952,8.967982],[77.8624706,8.9703344],[77.8622643,8.971627],[77.8620403,8.9732049],[77.8618929,8.9758949]]]}},
{"type":"Feature","properties":{"name":"Line 1: Nagercoil - Chennai Egmore","bridge":"T","tunnel":"F"},"geometry":{"type":"MultiLineString","coordinates":[[[77.8618929,8.9758949],[77.8618811,8.9760114]]]}},
{"type":"Feature","properties":{"name":"Line 2: Chennai Egmore - Nagercoil","bridge":"T","tunnel":"F"},"geometry":{"type":"MultiLineString","coordinates":[[[77.8619854,8.9760256],[77.8619978,8.9758864]]]}},
{"type":"Feature","properties":{"name":null,"bridge":"F","tunnel":"F"},"geometry":{"type":"MultiLineString","coordinates":[[[77.8642306,8.9952999],[77.8641894,8.9956108]]]}},
{"type":"Feature","properties":{"name":null,"bridge":"F","tunnel":"F"},"geometry":{"type":"MultiLineString","coordinates":[[[77.8626857,9.0050948],[77.8627268,9.0046451]]]}},
{"type":"Feature","properties":{"name":null,"bridge":"F","tunnel":"F"},"geometry":{"type":"MultiLineString","coordinates":[[[77.8629439,9.0036508],[77.8628005,9.0040255]]]}},
{"type":"Feature","properties":{"name":"Line 1: Nagercoil - Chennai Egmore","bridge":"F","tunnel":"F"},"geometry":{"type":"MultiLineString","coordinates":[[[77.8618811,8.9760114],[77.8619636,8.9777814],[77.8620167,8.9785034],[77.8624411,8.9819794],[77.8628655,8.9856767],[77.8634019,8.9895951],[77.8639148,8.993595],[77.8640739,8.9948934],[77.8641482,8.9959217],[77.8641329,8.996413],[77.8641267,8.9965808],[77.8640538,8.9977903],[77.8639108,8.9988405],[77.8636472,9.0000023],[77.8634186,9.0010921],[77.8632155,9.0021061],[77.8629454,9.0033978],[77.8628005,9.0040255],[77.8627241,9.0043566],[77.8625835,9.0051181]]]}},
{"type":"Feature","properties":{"name":null,"bridge":"F","tunnel":"F"},"geometry":{"type":"MultiLineString","coordinates":[[[77.8641482,8.9959217],[77.8641942,8.996275]]]}},
{"type":"Feature","properties":{"name":"Line 2: Chennai Egmore - Nagercoil","bridge":"F","tunnel":"F"},"geometry":{"type":"MultiLineString","coordinates":[[[77.8626279,9.0053337],[77.8623146,9.0067391],[77.8612127,9.0118928],[77.8611884,9.0120162],[77.8601261,9.0171448],[77.8593071,9.0210525],[77.85874,9.0238712]]]}},
{"type":"Feature","properties":{"name":"Line 2: Chennai Egmore - Nagercoil","bridge":"T","tunnel":"F"},"geometry":{"type":"MultiLineString","coordinates":[[[77.8626682,9.0051415],[77.8626279,9.0053337]]]}},
{"type":"Feature","properties":{"name":"Line 2: Chennai Egmore - Nagercoil","bridge":"F","tunnel":"F"},"geometry":{"type":"MultiLineString","coordinates":[[[77.8586896,9.0241076],[77.8580155,9.0273432]]]}},
{"type":"Feature","properties":{"name":"Line 2: Chennai Egmore - Nagercoil","bridge":"T","tunnel":"F"},"geometry":{"type":"MultiLineString","coordinates":[[[77.85874,9.0238712],[77.8586896,9.0241076]]]}},
{"type":"Feature","properties":{"name":"Line 2: Chennai Egmore - Nagercoil","bridge":"F","tunnel":"F"},"geometry":{"type":"MultiLineString","coordinates":[[[77.8579777,9.0274677],[77.8575682,9.0293219],[77.857311,9.0304949],[77.8572309,9.030904]]]}},
{"type":"Feature","properties":{"name":"Line 2: Chennai Egmore - Nagercoil","bridge":"T","tunnel":"F"},"geometry":{"type":"MultiLineString","coordinates":[[[77.8580155,9.0273432],[77.8579777,9.0274677]]]}},
{"type":"Feature","properties":{"name":"Line 2: Chennai Egmore - Nagercoil","bridge":"T","tunnel":"F"},"geometry":{"type":"MultiLineString","coordinates":[[[77.8572309,9.030904],[77.8572145,9.0309822]]]}},
{"type":"Feature","properties":{"name":"Line 1: Nagercoil - Chennai Egmore","bridge":"F","tunnel":"F"},"geometry":{"type":"MultiLineString","coordinates":[[[77.8561833,9.0352943],[77.8557366,9.0370054],[77.855551,9.0376443],[77.8553642,9.0381655],[77.8550304,9.0389365],[77.854868,9.0392804],[77.8545134,9.0400031],[77.8535893,9.041523],[77.8532687,9.0420584],[77.8525866,9.0431955]]]}},
{"type":"Feature","properties":{"name":"Line 1: Nagercoil - Chennai Egmore","bridge":"F","tunnel":"F"},"geometry":{"type":"MultiLineString","coordinates":[[[77.8525371,9.0432761],[77.8521611,9.043872],[77.8511122,9.0455973],[77.8503416,9.0468448],[77.8496799,9.0479103],[77.84871,9.049503]]]}},
{"type":"Feature","properties":{"name":"Line 1: Nagercoil - Chennai Egmore","bridge":"T","tunnel":"F"},"geometry":{"type":"MultiLineString","coordinates":[[[77.8525866,9.0431955],[77.8525371,9.0432761]]]}},
{"type":"Feature","properties":{"name":"Line 2: Chennai Egmore - Nagercoil","bridge":"F","tunnel":"F"},"geometry":{"type":"MultiLineString","coordinates":[[[77.8572145,9.0309822],[77.8567703,9.0331412],[77.8563423,9.0351793]]]}},
{"type":"Feature","properties":{"name":"Line 2: Chennai Egmore - Nagercoil","bridge":"T","tunnel":"F"},"geometry":{"type":"MultiLineString","coordinates":[[[77.8563423,9.0351793],[77.8563127,9.0353071]]]}},
{"type":"Feature","properties":{"name":"Line 1: Nagercoil - Chennai Egmore","bridge":"F","tunnel":"F"},"geometry":{"type":"MultiLineString","coordinates":[[[77.8485671,9.0497295],[77.8483528,9.050097],[77.847217,9.0519407],[77.8460793,9.0537837],[77.8446447,9.0560915],[77.8438489,9.0574861]]]}},
{"type":"Feature","properties":{"name":"Line 1: Nagercoil - Chennai Egmore","bridge":"T","tunnel":"F"},"geometry":{"type":"MultiLineString","coordinates":[[[77.84871,9.049503],[77.8485671,9.0497295]]]}},
{"type":"Feature","properties":{"name":"Line 1: Nagercoil - Chennai Egmore","bridge":"F","tunnel":"F"},"geometry":{"type":"MultiLineString","coordinates":[[[77.8437648,9.0576189],[77.8430251,9.0590191],[77.8425824,9.0599212]]]}},
{"type":"Feature","properties":{"name":"Line 1: Nagercoil - Chennai Egmore","bridge":"T","tunnel":"F"},"geometry":{"type":"MultiLineString","coordinates":[[[77.8438489,9.0574861],[77.8437648,9.0576189]]]}},
{"type":"Feature","properties":{"name":"Line 1: Nagercoil - Chennai Egmore","bridge":"F","tunnel":"F"},"geometry":{"type":"MultiLineString","coordinates":[[[77.8425207,9.0600595],[77.8422293,9.0607236],[77.8418635,9.0615927],[77.8414602,9.0627053]]]}},
{"type":"Feature","properties":{"name":"Line 1: Nagercoil - Chennai Egmore","bridge":"T","tunnel":"F"},"geometry":{"type":"MultiLineString","coordinates":[[[77.8425824,9.0599212],[77.8425207,9.0600595]]]}},
{"type":"Feature","properties":{"name":"Line 1: Nagercoil - Chennai Egmore","bridge":"F","tunnel":"F"},"geometry":{"type":"MultiLineString","coordinates":[[[77.8413769,9.0629139],[77.8412169,9.0633818],[77.840103,9.0668272],[77.8393988,9.0689766]]]}},
{"type":"Feature","properties":{"name":"Line 1: Nagercoil - Chennai Egmore","bridge":"T","tunnel":"F"},"geometry":{"type":"MultiLineString","coordinates":[[[77.8414602,9.0627053],[77.8413769,9.0629139]]]}},
{"type":"Feature","properties":{"name":"Line 1: Nagercoil - Chennai Egmore","bridge":"F","tunnel":"F"},"geometry":{"type":"MultiLineString","coordinates":[[[77.8392963,9.0692675],[77.8385665,9.0716571],[77.8377663,9.0740594]]]}},
{"type":"Feature","properties":{"name":"Line 1: Nagercoil - Chennai Egmore","bridge":"T","tunnel":"F"},"geometry":{"type":"MultiLineString","coordinates":[[[77.8393988,9.0689766],[77.8392963,9.0692675]]]}},
{"type":"Feature","properties":{"name":"Line 2: Chennai Egmore - Nagercoil","bridge":"F","tunnel":"F"},"geometry":{"type":"MultiLineString","coordinates":[[[77.8395032,9.0689773],[77.8400753,9.0672003],[77.8410343,9.064247],[77.8414791,9.0629208]]]}},
{"type":"Feature","properties":{"name":"Line 2: Chennai Egmore - Nagercoil","bridge":"T","tunnel":"F"},"geometry":{"type":"MultiLineString","coordinates":[[[77.839416,9.0692479],[77.8395032,9.0689773]]]}},
{"type":"Feature","properties":{"name":"Line 1: Nagercoil - Chennai Egmore","bridge":"F","tunnel":"F"},"geometry":{"type":"MultiLineString","coordinates":[[[77.837651,9.0744324],[77.8369596,9.0765501],[77.8363132,9.0785349],[77.8351334,9.0821576]]]}},
{"type":"Feature","properties":{"name":"Line 1: Nagercoil - Chennai Egmore","bridge":"T","tunnel":"F"},"geometry":{"type":"MultiLineString","coordinates":[[[77.8377663,9.0740594],[77.837651,9.0744324]]]}},
{"type":"Feature","properties":{"name":"Line 2: Chennai Egmore - Nagercoil","bridge":"F","tunnel":"F"},"geometry":{"type":"MultiLineString","coordinates":[[[77.8378606,9.0740715],[77.8390147,9.0704943],[77.839416,9.0692479]]]}},
{"type":"Feature","properties":{"name":"Line 2: Chennai Egmore - Nagercoil","bridge":"T","tunnel":"F"},"geometry":{"type":"MultiLineString","coordinates":[[[77.8377425,9.0744375],[77.8378606,9.0740715]]]}},
{"type":"Feature","properties":{"name":"Line 2: Chennai Egmore - Nagercoil","bridge":"F","tunnel":"F"},"geometry":{"type":"MultiLineString","coordinates":[[[77.8352315,9.0821759],[77.8360015,9.0797923],[77.8375273,9.0751046],[77.8377425,9.0744375]]]}},
{"type":"Feature","properties":{"name":"Line 2: Chennai Egmore - Nagercoil","bridge":"T","tunnel":"F"},"geometry":{"type":"MultiLineString","coordinates":[[[77.8351779,9.082342],[77.8352315,9.0821759]]]}},
{"type":"Feature","properties":{"name":"Line 1: Nagercoil - Chennai Egmore","bridge":"F","tunnel":"F"},"geometry":{"type":"MultiLineString","coordinates":[[[77.835079,9.0823246],[77.8332314,9.0880643]]]}},
{"type":"Feature","properties":{"name":"Line 1: Nagercoil - Chennai Egmore","bridge":"T","tunnel":"F"},"geometry":{"type":"MultiLineString","coordinates":[[[77.8351334,9.0821576],[77.835079,9.0823246]]]}},
{"type":"Feature","properties":{"name":"Line 2: Chennai Egmore - Nagercoil","bridge":"F","tunnel":"F"},"geometry":{"type":"MultiLineString","coordinates":[[[77.8333404,9.0880928],[77.8339666,9.0860917],[77.8351779,9.082342]]]}},
{"type":"Feature","properties":{"name":null,"bridge":"F","tunnel":"F"},"geometry":{"type":"MultiLineString","coordinates":[[[77.8916566,8.8717929],[77.8913599,8.8714854]]]}},
{"type":"Feature","properties":{"name":null,"bridge":"F","tunnel":"F"},"geometry":{"type":"MultiLineString","coordinates":[[[78.0198466,8.8295318],[78.0207533,8.8291716]]]}},
{"type":"Feature","properties":{"name":null,"bridge":"F","tunnel":"F"},"geometry":{"type":"MultiLineString","coordinates":[[[78.0310436,8.8243053],[78.0302308,8.8247461]]]}},
{"type":"Feature","properties":{"name":null,"bridge":"F","tunnel":"F"},"geometry":{"type":"MultiLineString","coordinates":[[[78.0292059,8.8252846],[78.0300612,8.8248264]]]}},
{"type":"Feature","properties":{"name":null,"bridge":"F","tunnel":"F"},"geometry":{"type":"MultiLineString","coordinates":[[[78.0226164,8.8283549],[78.0217962,8.8286805]]]}},
{"type":"Feature","properties":{"name":null,"bridge":"F","tunnel":"F"},"geometry":{"type":"MultiLineString","coordinates":[[[78.0216294,8.8288114],[78.0226164,8.8283549],[78.0232551,8.8280768],[78.0237279,8.827902],[78.0246788,8.8274527],[78.0264326,8.8266308],[78.0274611,8.8261511],[78.028071,8.8258302],[78.0286322,8.8255414],[78.0292059,8.8252846],[78.0303066,8.8247586]]]}},
{"type":"Feature","properties":{"name":null,"bridge":"F","tunnel":"F"},"geometry":{"type":"MultiLineString","coordinates":[[[78.0210637,8.8289105],[78.0202728,8.8293325]]]}},
{"type":"Feature","properties":{"name":null,"bridge":"F","tunnel":"F"},"geometry":{"type":"MultiLineString","coordinates":[[[78.0951573,8.809995],[78.0946237,8.8101532],[78.0942654,8.8103334],[78.0937992,8.810617]]]}},
{"type":"Feature","properties":{"name":null,"bridge":"F","tunnel":"F"},"geometry":{"type":"MultiLineString","coordinates":[[[78.0764925,8.8134873],[78.0776367,8.8133399]]]}},
{"type":"Feature","properties":{"name":null,"bridge":"F","tunnel":"F"},"geometry":{"type":"MultiLineString","coordinates":[[[78.0808722,8.8128109],[78.0815901,8.8126144]]]}},
{"type":"Feature","properties":{"name":null,"bridge":"F","tunnel":"F"},"geometry":{"type":"MultiLineString","coordinates":[[[78.0944969,8.8101261],[78.0934104,8.8102641]]]}},
{"type":"Feature","properties":{"name":null,"bridge":"F","tunnel":"F"},"geometry":{"type":"MultiLineString","coordinates":[[[78.090418,8.8109637],[78.0912955,8.810739]]]}},
{"type":"Feature","properties":{"name":null,"bridge":"F","tunnel":"F"},"geometry":{"type":"MultiLineString","coordinates":[[[78.0836728,8.8121579],[78.0844859,8.8119274]]]}},
{"type":"Feature","properties":{"name":null,"bridge":"F","tunnel":"F"},"geometry":{"type":"MultiLineString","coordinates":[[[78.082739,8.8123397],[78.083309,8.8121677],[78.0835091,8.8120953],[78.0837058,8.8120095]]]}},
{"type":"Feature","properties":{"name":null,"bridge":"F","tunnel":"F"},"geometry":{"type":"MultiLineString","coordinates":[[[78.082487,8.8124384],[78.0834729,8.8121968]]]}},
{"type":"Feature","properties":{"name":null,"bridge":"F","tunnel":"F"},"geometry":{"type":"MultiLineString","coordinates":[[[78.0816667,8.8125994],[78.0825742,8.812371]]]}},
{"type":"Feature","properties":{"name":null,"bridge":"F","tunnel":"F"},"geometry":{"type":"MultiLineString","coordinates":[[[78.0829939,8.8123915],[78.0821873,8.8124973]]]}},
{"type":"Feature","properties":{"name":"Madurai - Aruppukottai - Thoothukudi Line","bridge":"F","tunnel":"F"},"geometry":{"type":"MultiLineString","coordinates":[[[78.1244968,8.9158428],[78.1246636,8.9159604]]]}},
{"type":"Feature","properties":{"name":null,"bridge":"F","tunnel":"F"},"geometry":{"type":"MultiLineString","coordinates":[[[78.1132332,8.9074132],[78.1142652,8.9081883],[78.1144865,8.9083545],[78.1163436,8.9097666],[78.1181492,8.9111276],[78.1198596,8.9124043],[78.1210412,8.9132862]]]}},
{"type":"Feature","properties":{"name":null,"bridge":"F","tunnel":"F"},"geometry":{"type":"MultiLineString","coordinates":[[[78.1198596,8.9124043],[78.120693,8.9129643]]]}},
{"type":"Feature","properties":{"name":null,"bridge":"F","tunnel":"F"},"geometry":{"type":"MultiLineString","coordinates":[[[78.1135734,8.9075708],[78.1142652,8.9081883]]]}},
{"type":"Feature","properties":{"name":null,"bridge":"F","tunnel":"F"},"geometry":{"type":"MultiLineString","coordinates":[[[78.196661,8.7773923],[78.1966307,8.7769468],[78.1964389,8.7745023],[78.1958027,8.7665884],[78.1957698,8.7661798],[78.1957449,8.7658698],[78.1957052,8.7656176],[78.1956285,8.7653458],[78.1954996,8.7650618],[78.1953832,8.7648415],[78.1952569,8.7646652],[78.1950834,8.7644497],[78.1949522,8.7643077],[78.1946995,8.7640286],[78.1945583,8.763845],[78.1944121,8.763605],[78.1942982,8.7633773],[78.194209,8.7631031],[78.194152,8.7628926],[78.1940256,8.7623882],[78.1939216,8.7620675],[78.1938126,8.7617859],[78.1934639,8.7609694],[78.1930793,8.760072],[78.1925071,8.7587254],[78.1924179,8.7584414],[78.1923609,8.7581819],[78.1923485,8.7580007],[78.1923733,8.7577779],[78.1924228,8.7574743],[78.1924551,8.7572833],[78.19246,8.757036],[78.1924352,8.7568157],[78.1923758,8.7565635],[78.1922841,8.7563358],[78.1921999,8.7561546],[78.1920983,8.7559808],[78.1919571,8.7558069],[78.1918283,8.7556747],[78.1917044,8.7555694],[78.1915781,8.7554788],[78.1913888,8.7553614],[78.1912337,8.7552855],[78.1910872,8.7552264],[78.1909691,8.7551927],[78.1907329,8.7551406],[78.1905522,8.7551266],[78.1903758,8.7551266],[78.1902733,8.7551322],[78.190104,8.7551533]]]}},
{"type":"Feature","properties":{"name":"Tirunelveli - Tiruchendur","bridge":"F","tunnel":"F"},"geometry":{"type":"MultiLineString","coordinates":[[[77.9381283,8.6031446],[77.9363331,8.6037788],[77.9276413,8.606784],[77.9270388,8.6069886],[77.9260731,8.6073235],[77.9253216,8.6076181],[77.9246578,8.6079128],[77.9242827,8.6080865],[77.9239263,8.6082575],[77.9234881,8.6085087],[77.9230203,8.6087978],[77.9227453,8.6089631],[77.9224179,8.6091831],[77.9201145,8.6107168],[77.9142897,8.614604],[77.9137009,8.6149896],[77.9131743,8.6153342],[77.9126612,8.6156789],[77.9119463,8.6161573],[77.9114148,8.6165302],[77.9110235,8.6168535],[77.9107519,8.6170968],[77.9105029,8.6173356],[77.9102962,8.6175531],[77.9101103,8.6177719],[77.9099333,8.6180019],[77.9095791,8.6184968],[77.9086845,8.6197789],[77.9085012,8.6200187],[77.9082954,8.6202585],[77.9080482,8.6205355],[77.9077498,8.6208323],[77.9074802,8.6210989],[77.9071213,8.6214521],[77.9058407,8.6227368],[77.9034366,8.6251281],[77.9027851,8.6256051],[77.9022093,8.6259061],[77.9016858,8.6261072],[77.9012998,8.6262168],[77.9010637,8.6262639],[77.9008276,8.6263065],[77.9005645,8.6263368],[77.9003104,8.6263582],[77.8988134,8.6264294],[77.8984833,8.6264394],[77.8909605,8.6267521],[77.8881474,8.6268752],[77.8849546,8.6269969],[77.88189,8.6271011],[77.8810191,8.6271523],[77.8787856,8.6272527],[77.8780367,8.6272611],[77.8775184,8.6272407],[77.8767155,8.627221]]]}},
{"type":"Feature","properties":{"name":"Tirunelveli - Tiruchendur","bridge":"T","tunnel":"F"},"geometry":{"type":"MultiLineString","coordinates":[[[77.848492,8.6216257],[77.8482874,8.621699]]]}},
{"type":"Feature","properties":{"name":"Line 2: Chennai Egmore - Nagercoil","bridge":"F","tunnel":"F"},"geometry":{"type":"MultiLineString","coordinates":[[[77.6724463,8.5362045],[77.6722327,8.5334167],[77.6721143,8.5318713],[77.671956,8.5298001],[77.6717405,8.5271626],[77.6714852,8.5239196],[77.6714396,8.5232525]]]}},
{"type":"Feature","properties":{"name":"Line 2: Chennai Egmore - Nagercoil","bridge":"T","tunnel":"F"},"geometry":{"type":"MultiLineString","coordinates":[[[77.6705611,8.5123998],[77.6705458,8.5123187]]]}},
{"type":"Feature","properties":{"name":"Line 2: Chennai Egmore - Nagercoil","bridge":"F","tunnel":"F"},"geometry":{"type":"MultiLineString","coordinates":[[[77.6713219,8.5215329],[77.6713043,8.521275],[77.6711613,8.5192336],[77.670973,8.5168147],[77.6709128,8.5160955],[77.6707984,8.514508],[77.6707075,8.5135764],[77.6706099,8.5126578],[77.6705611,8.5123998]]]}},
{"type":"Feature","properties":{"name":"Line 2: Chennai Egmore - Nagercoil","bridge":"T","tunnel":"F"},"geometry":{"type":"MultiLineString","coordinates":[[[77.6714396,8.5232525],[77.671434,8.5231718]]]}},
{"type":"Feature","properties":{"name":"Line 1: Nagercoil - Chennai Egmore","bridge":"F","tunnel":"F"},"geometry":{"type":"MultiLineString","coordinates":[[[77.6633574,8.4903521],[77.663312,8.4893422],[77.6633028,8.4890886],[77.6632813,8.4884996]]]}},
{"type":"Feature","properties":{"name":"Line 1: Nagercoil - Chennai Egmore","bridge":"T","tunnel":"F"},"geometry":{"type":"MultiLineString","coordinates":[[[77.6633593,8.490426],[77.6633574,8.4903521]]]}},
{"type":"Feature","properties":{"name":"Line 2: Chennai Egmore - Nagercoil","bridge":"F","tunnel":"F"},"geometry":{"type":"MultiLineString","coordinates":[[[77.6705458,8.5123187],[77.6704246,8.5116778],[77.6701697,8.5106742],[77.6699336,8.5098919],[77.669671,8.5092471],[77.6692984,8.5083831],[77.6690027,8.5077685],[77.6686937,8.5072063],[77.6683806,8.5066905],[77.6680601,8.5061984],[77.6676933,8.5056997],[77.6675303,8.5054927],[77.6669741,8.5047862],[77.6662697,8.5038909],[77.6658127,8.5033139],[77.6653954,8.5027827],[77.6650847,8.5023367],[77.6647952,8.5019158],[77.6645178,8.501386],[77.6642867,8.5008235],[77.6640547,8.5002596],[77.6638956,8.4996107],[77.6637989,8.4990441],[77.6637529,8.4984435],[77.6636729,8.4966965],[77.6635841,8.4946136],[77.6635135,8.4929732],[77.6634447,8.4915283],[77.6634062,8.4904275]]]}},
{"type":"Feature","properties":{"name":"Line 2: Chennai Egmore - Nagercoil","bridge":"T","tunnel":"F"},"geometry":{"type":"MultiLineString","coordinates":[[[77.6634062,8.4904275],[77.6634034,8.4903466]]]}},
{"type":"Feature","properties":{"name":"Line 2: Chennai Egmore - Nagercoil","bridge":"F","tunnel":"F"},"geometry":{"type":"MultiLineString","coordinates":[[[77.6745223,8.5559224],[77.6742951,8.5552056],[77.6740809,8.5544963],[77.6739948,8.5541536],[77.6739198,8.5537999],[77.6737754,8.5530705],[77.67373,8.5527836],[77.6736673,8.5523127],[77.6736157,8.5517372],[77.6735237,8.5503769],[77.6734571,8.5495238]]]}},
{"type":"Feature","properties":{"name":"Line 2: Chennai Egmore - Nagercoil","bridge":"T","tunnel":"F"},"geometry":{"type":"MultiLineString","coordinates":[[[77.6734571,8.5495238],[77.6734525,8.5494645]]]}},
{"type":"Feature","properties":{"name":"Line 2: Chennai Egmore - Nagercoil","bridge":"F","tunnel":"F"},"geometry":{"type":"MultiLineString","coordinates":[[[77.671434,8.5231718],[77.6713267,8.5216028]]]}},
{"type":"Feature","properties":{"name":"Line 2: Chennai Egmore - Nagercoil","bridge":"T","tunnel":"F"},"geometry":{"type":"MultiLineString","coordinates":[[[77.6713267,8.5216028],[77.6713219,8.5215329]]]}},
{"type":"Feature","properties":{"name":"Line 2: Chennai Egmore - Nagercoil","bridge":"F","tunnel":"F"},"geometry":{"type":"MultiLineString","coordinates":[[[77.6795618,8.5678205],[77.6779637,8.5640591],[77.6769407,8.5615991],[77.6758675,8.5591556],[77.6754226,8.5580858],[77.6752201,8.5576322],[77.674822,8.5566722],[77.6745909,8.5560977]]]}},
{"type":"Feature","properties":{"name":"Line 2: Chennai Egmore - Nagercoil","bridge":"T","tunnel":"F"},"geometry":{"type":"MultiLineString","coordinates":[[[77.6795866,8.5678789],[77.6795618,8.5678205]]]}},
{"type":"Feature","properties":{"name":"Line 2: Chennai Egmore - Nagercoil","bridge":"F","tunnel":"F"},"geometry":{"type":"MultiLineString","coordinates":[[[77.6811599,8.5715514],[77.6808466,8.5708107],[77.6803035,8.5695661],[77.6795866,8.5678789]]]}},
{"type":"Feature","properties":{"name":"Line 2: Chennai Egmore - Nagercoil","bridge":"T","tunnel":"F"},"geometry":{"type":"MultiLineString","coordinates":[[[77.6811856,8.5716122],[77.6811599,8.5715514]]]}},
{"type":"Feature","properties":{"name":null,"bridge":"F","tunnel":"F"},"geometry":{"type":"MultiLineString","coordinates":[[[78.1710182,8.7579642],[78.1717012,8.7579838]]]}},
{"type":"Feature","properties":{"name":null,"bridge":"F","tunnel":"F"},"geometry":{"type":"MultiLineString","coordinates":[[[78.1734802,8.7575669],[78.1730662,8.757663],[78.1710182,8.7579642],[78.1707283,8.7580068],[78.1694251,8.7582041]]]}},
{"type":"Feature","properties":{"name":null,"bridge":"F","tunnel":"F"},"geometry":{"type":"MultiLineString","coordinates":[[[78.1960904,8.7682743],[78.1959401,8.7673918],[78.1959334,8.767205],[78.1958288,8.7659551]]]}},
{"type":"Feature","properties":{"name":null,"bridge":"F","tunnel":"F"},"geometry":{"type":"MultiLineString","coordinates":[[[78.1959401,8.7673918],[78.195975,8.7678385]]]}},
{"type":"Feature","properties":{"name":null,"bridge":"F","tunnel":"F"},"geometry":{"type":"MultiLineString","coordinates":[[[78.1972446,8.7838026],[78.1967321,8.7773658],[78.1965852,8.7755432],[78.196608,8.7746565],[78.1960904,8.7682743],[78.1959833,8.7669338]]]}},
{"type":"Feature","properties":{"name":null,"bridge":"F","tunnel":"F"},"geometry":{"type":"MultiLineString","coordinates":[[[78.1965852,8.7755432],[78.1965257,8.7746921]]]}},
{"type":"Feature","properties":{"name":null,"bridge":"F","tunnel":"F"},"geometry":{"type":"MultiLineString","coordinates":[[[78.1956485,8.7665015],[78.1957604,8.7678398],[78.1959079,8.7697763],[78.1963149,8.7750495],[78.1965396,8.7777062]]]}},
{"type":"Feature","properties":{"name":null,"bridge":"F","tunnel":"F"},"geometry":{"type":"MultiLineString","coordinates":[[[78.1964268,8.7754841],[78.1964389,8.7745023]]]}},
{"type":"Feature","properties":{"name":null,"bridge":"F","tunnel":"F"},"geometry":{"type":"MultiLineString","coordinates":[[[78.173482,8.7579573],[78.1739084,8.7579467],[78.182867,8.7565629],[78.1832989,8.7564542],[78.1835322,8.7563707]]]}},
{"type":"Feature","properties":{"name":null,"bridge":"F","tunnel":"F"},"geometry":{"type":"MultiLineString","coordinates":[[[78.1956571,8.7656498],[78.1957504,8.766815],[78.1957775,8.7671523],[78.1957604,8.7678398]]]}},
{"type":"Feature","properties":{"name":null,"bridge":"F","tunnel":"F"},"geometry":{"type":"MultiLineString","coordinates":[[[78.1971004,8.7837604],[78.1964749,8.7760226],[78.1964536,8.7757596],[78.1964268,8.7754841],[78.1963825,8.7750304]]]}},
{"type":"Feature","properties":{"name":null,"bridge":"F","tunnel":"F"},"geometry":{"type":"MultiLineString","coordinates":[[[78.1443129,8.7420712],[78.1438731,8.7421826],[78.1429105,8.7423318],[78.1425635,8.7423408]]]}},
{"type":"Feature","properties":{"name":null,"bridge":"F","tunnel":"F"},"geometry":{"type":"MultiLineString","coordinates":[[[78.1963149,8.7750495],[78.1964536,8.7757596]]]}},
{"type":"Feature","properties":{"name":null,"bridge":"F","tunnel":"F"},"geometry":{"type":"MultiLineString","coordinates":[[[78.1907329,8.7551406],[78.1910929,8.755194],[78.1918828,8.7552015]]]}},
{"type":"Feature","properties":{"name":null,"bridge":"F","tunnel":"F"},"geometry":{"type":"MultiLineString","coordinates":[[[78.1964749,8.7760226],[78.1965476,8.776406],[78.1966307,8.7769468]]]}},
{"type":"Feature","properties":{"name":null,"bridge":"F","tunnel":"F"},"geometry":{"type":"MultiLineString","coordinates":[[[78.1966992,8.7759487],[78.196608,8.7746565]]]}},
{"type":"Feature","properties":{"name":null,"bridge":"F","tunnel":"F"},"geometry":{"type":"MultiLineString","coordinates":[[[78.1958027,8.7665884],[78.1959334,8.767205]]]}},
{"type":"Feature","properties":{"name":null,"bridge":"F","tunnel":"F"},"geometry":{"type":"MultiLineString","coordinates":[[[78.137357,8.7431036],[78.1377508,8.7430826],[78.1425635,8.7423408],[78.1443129,8.7420712],[78.1445664,8.7419943]]]}},
{"type":"Feature","properties":{"name":null,"bridge":"F","tunnel":"F"},"geometry":{"type":"MultiLineString","coordinates":[[[78.1957504,8.766815],[78.1957698,8.7661798]]]}},
{"type":"Feature","properties":{"name":null,"bridge":"F","tunnel":"F"},"geometry":{"type":"MultiLineString","coordinates":[[[78.1843598,8.7560755],[78.1840003,8.7561891],[78.1835322,8.7563707],[78.1833324,8.756425],[78.1830575,8.7564847],[78.1742303,8.7578552],[78.173482,8.7579573],[78.1731024,8.7579546],[78.1725645,8.7579932]]]}},
{"type":"Feature","properties":{"name":null,"bridge":"F","tunnel":"F"},"geometry":{"type":"MultiLineString","coordinates":[[[77.8458912,8.8626755],[77.8454303,8.8627077],[77.8386092,8.8626749],[77.8380687,8.8626326]]]}},
{"type":"Feature","properties":{"name":null,"bridge":"F","tunnel":"F"},"geometry":{"type":"MultiLineString","coordinates":[[[77.7078677,8.7352718],[77.7078286,8.7344923]]]}},
{"type":"Feature","properties":{"name":null,"bridge":"F","tunnel":"F"},"geometry":{"type":"MultiLineString","coordinates":[[[77.7757763,8.8217929],[77.7763856,8.8223463]]]}},
{"type":"Feature","properties":{"name":null,"bridge":"F","tunnel":"F"},"geometry":{"type":"MultiLineString","coordinates":[[[77.7747173,8.8208344],[77.7754117,8.821494]]]}},
{"type":"Feature","properties":{"name":"Tirunelveli - Tiruchendur","bridge":"F","tunnel":"F"},"geometry":{"type":"MultiLineString","coordinates":[[[77.8482874,8.621699],[77.8482381,8.6217167],[77.8478373,8.6218879],[77.8473669,8.6221403],[77.8469477,8.6223836],[77.8464477,8.6227322],[77.8460716,8.6230303],[77.8456611,8.6234149],[77.8452805,8.6238065],[77.8448837,8.6242874],[77.8444783,8.6248603],[77.8435937,8.6261377],[77.8418911,8.6285189],[77.8414218,8.6291639],[77.8400352,8.6311512],[77.8382763,8.633642],[77.8368616,8.6356503],[77.8357407,8.6372397],[77.8352615,8.6379581],[77.8348606,8.6386489],[77.8344633,8.6393842],[77.8341298,8.6401012],[77.8337592,8.6410033],[77.833501,8.641818],[77.8332148,8.642834],[77.832647,8.644736],[77.8316803,8.6480499],[77.830455,8.6522275],[77.8300975,8.6534093]]]}},
{"type":"Feature","properties":{"name":"Tirunelveli - Tiruchendur","bridge":"T","tunnel":"F"},"geometry":{"type":"MultiLineString","coordinates":[[[77.812892,8.6694859],[77.8128212,8.6695268]]]}},
{"type":"Feature","properties":{"name":"Tirunelveli - Tiruchendur","bridge":"F","tunnel":"F"},"geometry":{"type":"MultiLineString","coordinates":[[[77.8185408,8.6662644],[77.8145709,8.6685164],[77.812892,8.6694859]]]}},
{"type":"Feature","properties":{"name":"Tirunelveli - Tiruchendur","bridge":"T","tunnel":"F"},"geometry":{"type":"MultiLineString","coordinates":[[[77.8209704,8.6648704],[77.8208085,8.6649633]]]}},
{"type":"Feature","properties":{"name":"Tirunelveli - Tiruchendur","bridge":"F","tunnel":"F"},"geometry":{"type":"MultiLineString","coordinates":[[[77.8208085,8.6649633],[77.8186426,8.6662064]]]}},
{"type":"Feature","properties":{"name":"Tirunelveli - Tiruchendur","bridge":"T","tunnel":"F"},"geometry":{"type":"MultiLineString","coordinates":[[[77.8186426,8.6662064],[77.8185408,8.6662644]]]}},
{"type":"Feature","properties":{"name":"Tirunelveli - Tiruchendur","bridge":"F","tunnel":"F"},"geometry":{"type":"MultiLineString","coordinates":[[[77.8298977,8.6540867],[77.8294014,8.6557619],[77.8287302,8.6580796],[77.8286562,8.6583576],[77.828549,8.6587954],[77.8283732,8.6593172],[77.8282268,8.6597019],[77.8280834,8.6600383],[77.8279852,8.6602123],[77.8278807,8.6603862],[77.8277749,8.6605382],[77.8276596,8.6606838],[77.8275157,8.6608529],[77.8273591,8.6610219],[77.8271818,8.6611872],[77.826995,8.6613367],[77.8268159,8.6614717],[77.8266192,8.6615956],[77.826363,8.6617484],[77.8260707,8.6619124],[77.8243588,8.6628882],[77.8229438,8.6637178],[77.8215483,8.6645274],[77.8211458,8.6647669],[77.8209704,8.6648704]]]}},
{"type":"Feature","properties":{"name":"Tirunelveli - Tiruchendur","bridge":"T","tunnel":"F"},"geometry":{"type":"MultiLineString","coordinates":[[[77.8300975,8.6534093],[77.8298977,8.6540867]]]}},
{"type":"Feature","properties":{"name":"Tirunelveli - Tiruchendur","bridge":"F","tunnel":"F"},"geometry":{"type":"MultiLineString","coordinates":[[[77.981271,8.5636639],[77.9809553,8.563632],[77.9806486,8.5636111],[77.9803425,8.5636257],[77.9800322,8.5636434],[77.979711,8.5636879],[77.9793899,8.5637323],[77.9789422,8.563808],[77.9778887,8.5640006],[77.976117,8.5643245],[77.9749237,8.5645282]]]}},
{"type":"Feature","properties":{"name":"Tirunelveli - Tiruchendur","bridge":"T","tunnel":"F"},"geometry":{"type":"MultiLineString","coordinates":[[[77.9813128,8.5636702],[77.981271,8.5636639]]]}},
{"type":"Feature","properties":{"name":null,"bridge":"F","tunnel":"F"},"geometry":{"type":"MultiLineString","coordinates":[[[77.9719335,8.5654614],[77.9722808,8.565283],[77.9725492,8.565138],[77.9728559,8.565022],[77.9731514,8.5649195],[77.9734784,8.5648369],[77.9738754,8.56475],[77.9743987,8.5646585],[77.9748606,8.5645866]]]}},
{"type":"Feature","properties":{"name":null,"bridge":"T","tunnel":"F"},"geometry":{"type":"MultiLineString","coordinates":[[[77.9748606,8.5645866],[77.9749417,8.564574]]]}},
{"type":"Feature","properties":{"name":"Tirunelveli - Tiruchendur","bridge":"F","tunnel":"F"},"geometry":{"type":"MultiLineString","coordinates":[[[77.9748337,8.5645435],[77.9737788,8.5647236],[77.973142,8.5648645],[77.9727496,8.5649975],[77.9725161,8.5650932]]]}},
{"type":"Feature","properties":{"name":"Tirunelveli - Tiruchendur","bridge":"T","tunnel":"F"},"geometry":{"type":"MultiLineString","coordinates":[[[77.9749237,8.5645282],[77.9748337,8.5645435]]]}},
{"type":"Feature","properties":{"name":"Tirunelveli - Tiruchendur","bridge":"F","tunnel":"F"},"geometry":{"type":"MultiLineString","coordinates":[[[77.8761333,8.627209],[77.8754609,8.6271869],[77.8750308,8.6271546],[77.8746441,8.6270862],[77.8742143,8.6269868],[77.8738101,8.6268621],[77.8734138,8.6266902],[77.8730239,8.626493],[77.8726381,8.6262626],[77.8722587,8.6260132],[77.8685341,8.6235841],[77.8679241,8.6232152],[77.867141,8.6227697],[77.8664607,8.6224396],[77.8647802,8.621644],[77.8631456,8.6208833],[77.8615079,8.620102],[77.8610047,8.6198785]]]}},
{"type":"Feature","properties":{"name":"Tirunelveli - Tiruchendur","bridge":"T","tunnel":"F"},"geometry":{"type":"MultiLineString","coordinates":[[[77.8767155,8.627221],[77.8761333,8.627209]]]}},
{"type":"Feature","properties":{"name":"Tirunelveli - Tiruchendur","bridge":"F","tunnel":"F"},"geometry":{"type":"MultiLineString","coordinates":[[[77.8608257,8.6198019],[77.8605776,8.6196957],[77.8601761,8.6195684],[77.8597282,8.6194672],[77.859282,8.6194156],[77.8589284,8.6193956],[77.8586197,8.6194015],[77.8582696,8.6194264],[77.8578544,8.6194915],[77.8574849,8.6195656],[77.8532373,8.620476],[77.8511155,8.620943],[77.8502206,8.6211461],[77.8495063,8.621322],[77.8488246,8.6215066],[77.848492,8.6216257]]]}},
{"type":"Feature","properties":{"name":"Tirunelveli - Tiruchendur","bridge":"T","tunnel":"F"},"geometry":{"type":"MultiLineString","coordinates":[[[77.8610047,8.6198785],[77.8608257,8.6198019]]]}},
{"type":"Feature","properties":{"name":"Line 1: Nagercoil - Chennai Egmore","bridge":"F","tunnel":"F"},"geometry":{"type":"MultiLineString","coordinates":[[[77.6457152,8.4426874],[77.6465695,8.4439238],[77.6475843,8.4451885],[77.6487597,8.4464078],[77.6492506,8.4468493],[77.6499293,8.4474513],[77.6529279,8.4499354],[77.6535185,8.4504912],[77.654218,8.4514383],[77.6548659,8.4526973],[77.6560642,8.4559412],[77.657595,8.4603023],[77.6590399,8.4644252],[77.6593724,8.4654517],[77.6594469,8.4656105],[77.659705,8.466308],[77.6597451,8.4664214],[77.6606051,8.4688883],[77.66162,8.4716955],[77.6623481,8.4739695],[77.6626118,8.475546],[77.6631666,8.4869891],[77.6632813,8.4884996]]]}},
{"type":"Feature","properties":{"name":"Line 1: Nagercoil - Chennai Egmore","bridge":"T","tunnel":"F"},"geometry":{"type":"MultiLineString","coordinates":[[[77.6451246,8.4418424],[77.6457152,8.4426874]]]}}
]
}
