{
"type": "FeatureCollection",
"name": "Waterbodies",
"crs": { "type": "name", "properties": { "name": "urn:ogc:def:crs:OGC:1.3:CRS84" } },
"features": [
{"type":"Feature","properties":{"Tank_name":"Chinnamoolakarai Kulam","id":949},"geometry":{"type":"MultiPolygon","coordinates":[[[[77.871941477985274,8.554119396999587,0.0],[77.872056175985264,8.554219559999598,0.0],[77.872944968985237,8.554254509999582,0.0],[77.873862704985214,8.554095758999624,0.0],[77.874561254985181,8.553869786999613,0.0],[77.875202942985126,8.553364860999592,0.0],[77.875703542985121,8.553050504999604,0.0],[77.876601352985105,8.552700930999618,0.0],[77.877382544985068,8.552388438999584,0.0],[77.877892868985043,8.552021903999629,0.0],[77.878200785985015,8.551495672999593,0.0],[77.878418054985033,8.550957225999593,0.0],[77.878368699985046,8.550816329999588,0.0],[77.878198869985042,8.551014813999597,0.0],[77.878186438985026,8.551027385999598,0.0],[77.878174833985014,8.551034921999596,0.0],[77.877577846985062,8.551310790999606,0.0],[77.877380286985058,8.55158911299959,0.0],[77.876555033985071,8.551839937999615,0.0],[77.876119418985127,8.551919206999584,0.0],[77.87552894598511,8.552094888999605,0.0],[77.87495452198516,8.55212690999959,0.0],[77.873890069985208,8.552510158999626,0.0],[77.873282049985221,8.552440915999586,0.0],[77.872681269985222,8.5520584149996,0.0],[77.87182785398528,8.552088385999602,0.0],[77.8706473839853,8.551561381999614,0.0],[77.870497714985319,8.551646781999603,0.0],[77.870311923985341,8.552557253999586,0.0],[77.869831958985344,8.552660702999638,0.0],[77.869718354985324,8.553432815999621,0.0],[77.869764966985343,8.553851519999592,0.0],[77.869873463985371,8.554763407999607,0.0],[77.869941274985308,8.555315713999638,0.0],[77.869962332985324,8.555655728999591,0.0],[77.870323483985302,8.555843355999592,0.0],[77.870710756985289,8.555750671999609,0.0],[77.8708540349853,8.555659073999626,0.0],[77.871179159985289,8.555255872999588,0.0],[77.871265070985274,8.554708561999593,0.0],[77.871255839985309,8.554699633999594,0.0],[77.871125634985304,8.554409637999601,0.0],[77.871252849985325,8.554183652999617,0.0],[77.871428276985299,8.554091504999596,0.0],[77.871606324985294,8.553979535999607,0.0],[77.87161973298528,8.553971445999613,0.0],[77.871766736985251,8.553940688999621,0.0],[77.871887286985256,8.554006621999592,0.0],[77.871941477985274,8.554119396999587,0.0]]]]}},
{"type":"Feature","properties":{"Tank_name":"Vellore","id":1002},"geometry":{"type":"MultiPolygon","coordinates":[[[[77.876748770985188,8.628620428999577,0.0],[77.877408361985161,8.62951802799962,0.0],[77.883698629984949,8.625373184999601,0.0],[77.887246905984782,8.624403179999604,0.0],[77.889711269984716,8.62290412999959,0.0],[77.891728936984606,8.619301522999583,0.0],[77.890741026984657,8.614910875999604,0.0],[77.890105836984702,8.612224383999598,0.0],[77.890795361984658,8.608847108999603,0.0],[77.893362690984532,8.605590445999599,0.0],[77.895100550984466,8.603953957999567,0.0],[77.897120211984401,8.601033206999587,0.0],[77.898010561984378,8.599328501999578,0.0],[77.901448535984201,8.597907572999565,0.0],[77.90388495498415,8.597034966999592,0.0],[77.906794501984038,8.596921658999552,0.0],[77.908772188983932,8.596478197999573,0.0],[77.914885973983701,8.59598173099956,0.0],[77.917868326983594,8.595980010999552,0.0],[77.920911822983442,8.595861488999571,0.0],[77.923088079983387,8.595169450999558,0.0],[77.926805561983244,8.594052359999525,0.0],[77.929264930983109,8.593052943999506,0.0],[77.933623987982955,8.590607045999541,0.0],[77.936570342982833,8.588246545999528,0.0],[77.938838753982736,8.585737090999528,0.0],[77.940946102982622,8.583025260999516,0.0],[77.942345367982583,8.57996477199951,0.0],[77.943409864982485,8.577027305999517,0.0],[77.944174510982506,8.572898971999543,0.0],[77.944364320982487,8.570432226999493,0.0],[77.942976400982531,8.570445435999527,0.0],[77.940733135982626,8.570370318999531,0.0],[77.938326727982698,8.571382857999525,0.0],[77.937541178982741,8.574909176999528,0.0],[77.936572808982774,8.576182097999538,0.0],[77.934509771982903,8.578791640999547,0.0],[77.933540903982902,8.580336957999515,0.0],[77.933004549982968,8.582401739999506,0.0],[77.931908564983004,8.583714919999519,0.0],[77.928717489983129,8.585505807999535,0.0],[77.926943021983192,8.586185912999557,0.0],[77.924150932983338,8.587198501999531,0.0],[77.923096527983333,8.588635488999566,0.0],[77.920850952983471,8.589648922999528,0.0],[77.917921715983596,8.590341034999556,0.0],[77.915818223983678,8.590903663999557,0.0],[77.913806455983703,8.591979335999575,0.0],[77.913355687983781,8.593761211999571,0.0],[77.91221397998379,8.594374202999539,0.0],[77.9101721479839,8.59515433099957,0.0],[77.908890974983962,8.595670110999574,0.0],[77.906970039983989,8.596440080999542,0.0],[77.904682888984127,8.596540589999597,0.0],[77.903659302984124,8.596839543999556,0.0],[77.901698213984247,8.596808020999598,0.0],[77.900759392984241,8.596153164999558,0.0],[77.898424404984354,8.596673905999564,0.0],[77.896357446984439,8.598912681999579,0.0],[77.895198487984473,8.600461100999595,0.0],[77.893527599984566,8.60217951499958,0.0],[77.891270257984644,8.603861758999578,0.0],[77.88960403998469,8.604823517999586,0.0],[77.886900352984767,8.606472659999607,0.0],[77.885211555984867,8.608481799999595,0.0],[77.883995562984893,8.61108812999959,0.0],[77.882526546984948,8.612442135999574,0.0],[77.880947373985038,8.614263173999579,0.0],[77.879247258985089,8.61527331899959,0.0],[77.878756555985106,8.617309340999618,0.0],[77.877026003985179,8.618479939999597,0.0],[77.875278825985234,8.619105698999602,0.0],[77.874732324985288,8.62126562699963,0.0],[77.874640260985288,8.622309865999579,0.0],[77.873811514985292,8.623754802999613,0.0],[77.874190255985312,8.62614511599959,0.0],[77.875493523985213,8.627119473999597,0.0],[77.876054362985201,8.628176685999627,0.0],[77.876748770985188,8.628620428999577,0.0]]]]}},
{"type":"Feature","properties":{"Tank_name":"Kalvoi","id":1003},"geometry":{"type":"MultiPolygon","coordinates":[[[[77.871611401985348,8.613543798999633,0.0],[77.872149962985361,8.615034025999609,0.0],[77.872962106985298,8.614416856999599,0.0],[77.873881870985244,8.614506749999594,0.0],[77.874142049985267,8.614619943999585,0.0],[77.874405016985278,8.613013454999603,0.0],[77.875143937985229,8.61190907699962,0.0],[77.87628326898519,8.611075122999592,0.0],[77.877358467985161,8.6107276079996,0.0],[77.877558146985137,8.610673406999588,0.0],[77.878029714985146,8.610655283999627,0.0],[77.879013226985066,8.610854295999621,0.0],[77.879766642985032,8.610511510999579,0.0],[77.880831754984996,8.609643442999591,0.0],[77.880721652985045,8.608549799999601,0.0],[77.880700557985023,8.607582446999578,0.0],[77.880756993985045,8.606545677999582,0.0],[77.880563199985005,8.60537578999959,0.0],[77.880999746984983,8.6053443289996,0.0],[77.881527000984974,8.605312930999622,0.0],[77.881577877984967,8.605235010999596,0.0],[77.88222863098494,8.605049583999577,0.0],[77.88214420498494,8.603930472999595,0.0],[77.881764706984967,8.602455033999609,0.0],[77.88255124298496,8.60193222199962,0.0],[77.883627964984925,8.600935024999616,0.0],[77.883786685984902,8.599803742999601,0.0],[77.883486763984905,8.597609047999587,0.0],[77.883178699984896,8.597592721999609,0.0],[77.882527789984934,8.597708131999587,0.0],[77.881220308985021,8.598161185999578,0.0],[77.880219300985047,8.598627637999591,0.0],[77.880012776985012,8.599436479999618,0.0],[77.879968927985004,8.600229541999575,0.0],[77.880334921984996,8.601494425999595,0.0],[77.880532965984997,8.602261377999591,0.0],[77.880702029985031,8.60306318899962,0.0],[77.879843670985053,8.604483882999611,0.0],[77.879420780985086,8.605391238999582,0.0],[77.878894539985069,8.605967701999598,0.0],[77.878683982985066,8.606780380999574,0.0],[77.878271553985101,8.608140512999579,0.0],[77.877910429985107,8.60884557099963,0.0],[77.877249044985135,8.609439606999626,0.0],[77.8765401139852,8.609799262999626,0.0],[77.875601380985231,8.609715883999582,0.0],[77.874419545985262,8.609967806999592,0.0],[77.873431521985268,8.609939889999582,0.0],[77.872482514985322,8.609940099999637,0.0],[77.871200251985371,8.610316884999595,0.0],[77.870881097985375,8.611439232999619,0.0],[77.871275468985388,8.61232578999962,0.0],[77.871611401985348,8.613543798999633,0.0]]]]}},
{"type":"Feature","properties":{"Tank_name":"Sundamparaikulam","id":1004},"geometry":{"type":"MultiPolygon","coordinates":[[[[77.869904085985425,8.601073772999618,0.0],[77.869163768985445,8.601405308999595,0.0],[77.873705365985288,8.601463290999634,0.0],[77.874207979985243,8.599566610999617,0.0],[77.874901131985212,8.597491299999618,0.0],[77.874952797985188,8.596082428999592,0.0],[77.874816270985207,8.5951236249996,0.0],[77.874671627985222,8.593993888999604,0.0],[77.874375448985248,8.592450565999584,0.0],[77.874255517985219,8.592094638999598,0.0],[77.874110791985245,8.592131280999594,0.0],[77.873912878985237,8.592568063999591,0.0],[77.873787651985225,8.59357518399959,0.0],[77.873397422985306,8.5948861439996,0.0],[77.872362108985314,8.594720728999638,0.0],[77.871465972985334,8.594759164999589,0.0],[77.871233367985354,8.596291366999612,0.0],[77.871233279985361,8.596329944999599,0.0],[77.871451410985344,8.59699219699964,0.0],[77.871235970985325,8.598866390999619,0.0],[77.870798096985354,8.599896986999591,0.0],[77.870331162985394,8.60053430499962,0.0],[77.869904085985425,8.601073772999618,0.0]]]]}},
{"type":"Feature","properties":{"Tank_name":"Odappakulamkanmoi","id":1005},"geometry":{"type":"MultiPolygon","coordinates":[[[[77.886552672984777,8.598705013999616,0.0],[77.887016481984759,8.598848569999573,0.0],[77.888939204984695,8.599162208999584,0.0],[77.89062497198465,8.598271343999606,0.0],[77.891699160984615,8.597544144999571,0.0],[77.892488568984589,8.596381633999604,0.0],[77.892785887984545,8.595103993999594,0.0],[77.892699453984591,8.593922526999615,0.0],[77.892581895984591,8.593298830999563,0.0],[77.892452646984594,8.592487275999581,0.0],[77.892095916984573,8.592514382999575,0.0],[77.891983886984562,8.592998154999568,0.0],[77.891972575984582,8.593529926999615,0.0],[77.891675210984602,8.593670449999584,0.0],[77.891500567984636,8.593757953999605,0.0],[77.891276025984638,8.59436937499958,0.0],[77.890363025984641,8.595307722999614,0.0],[77.889524309984679,8.595698925999606,0.0],[77.888684925984705,8.596008820999598,0.0],[77.887782832984769,8.595912693999594,0.0],[77.886427421984777,8.595758400999616,0.0],[77.885391609984822,8.596029639999585,0.0],[77.884367179984892,8.596268074999614,0.0],[77.884385403984865,8.596865640999569,0.0],[77.885152283984851,8.597469820999605,0.0],[77.885580622984847,8.598015063999581,0.0],[77.886097207984832,8.598446491999596,0.0],[77.886552672984777,8.598705013999616,0.0]]]]}},
{"type":"Feature","properties":{"Tank_name":"Sathanerikulam","id":1006},"geometry":{"type":"MultiPolygon","coordinates":[[[[77.909290074983915,8.58792926999959,0.0],[77.909278916983908,8.588015038999544,0.0],[77.909800472983918,8.588456909999561,0.0],[77.910228085983888,8.588747677999576,0.0],[77.910244338983844,8.58874767399956,0.0],[77.910625270983871,8.588929412999583,0.0],[77.910630636983853,8.588936255999579,0.0],[77.910962453983871,8.58911697099958,0.0],[77.911821423983795,8.58937647699954,0.0],[77.912332957983764,8.589354288999537,0.0],[77.91284381798377,8.589166153999564,0.0],[77.913447035983737,8.588443244999574,0.0],[77.913794431983717,8.587938658999541,0.0],[77.913830207983722,8.58750943899954,0.0],[77.913987313983725,8.586859673999548,0.0],[77.914009344983739,8.586381565999568,0.0],[77.914133458983741,8.585623790999554,0.0],[77.914228671983693,8.585029811999583,0.0],[77.914329180983728,8.584458108999534,0.0],[77.914238778983716,8.584161128999561,0.0],[77.914042431983688,8.584240335999558,0.0],[77.913862013983746,8.584449037999567,0.0],[77.913671520983769,8.584772810999564,0.0],[77.913420273983718,8.585155831999565,0.0],[77.912866558983765,8.585714057999573,0.0],[77.912372340983779,8.586169078999569,0.0],[77.912022689983814,8.586848389999568,0.0],[77.91162196198384,8.587158356999533,0.0],[77.911346446983856,8.58748693199956,0.0],[77.910959052983841,8.587719938999578,0.0],[77.910466553983852,8.587702048999544,0.0],[77.909830804983898,8.587823044999565,0.0],[77.909290074983915,8.58792926999959,0.0]]]]}},
{"type":"Feature","properties":{"Tank_name":"Kovaikulam","id":1007},"geometry":{"type":"MultiPolygon","coordinates":[[[[77.906907861984038,8.593319878999552,0.0],[77.90700996298402,8.593452174999557,0.0],[77.90768636898396,8.593127899999587,0.0],[77.908252444983972,8.592749066999572,0.0],[77.908848118983968,8.592494675999571,0.0],[77.909396257983929,8.592191393999567,0.0],[77.909932312983898,8.592095383999576,0.0],[77.910367609983851,8.592045316999554,0.0],[77.910686233983881,8.592040551999583,0.0],[77.910959102983824,8.591908052999568,0.0],[77.910924119983861,8.591647486999557,0.0],[77.910849406983857,8.591298902999563,0.0],[77.910737444983866,8.590898943999573,0.0],[77.910560693983896,8.590598063999575,0.0],[77.910345924983872,8.590322194999571,0.0],[77.910329834983898,8.590294462999536,0.0],[77.910321692983899,8.590269225999545,0.0],[77.910202333983904,8.590205185999562,0.0],[77.910071825983863,8.590273335999566,0.0],[77.910032377983867,8.590504585999577,0.0],[77.909890249983874,8.590507356999547,0.0],[77.909715807983901,8.590515577999577,0.0],[77.909574847983876,8.590584253999536,0.0],[77.909569161983924,8.59059813199954,0.0],[77.909566175983898,8.590612059999584,0.0],[77.909509751983919,8.590792077999565,0.0],[77.909644978983906,8.590944148999565,0.0],[77.9097132709839,8.591323234999576,0.0],[77.9094673189839,8.59141278299958,0.0],[77.909464390983885,8.591412783999573,0.0],[77.909256426983916,8.591628413999585,0.0],[77.9089779049839,8.59187210799959,0.0],[77.908669367983947,8.591968402999582,0.0],[77.908447010983977,8.59210692499957,0.0],[77.908163343983958,8.592188797999569,0.0],[77.907835841983967,8.592303266999551,0.0],[77.907432824983985,8.592695139999567,0.0],[77.907149430984006,8.592905784999544,0.0],[77.907007032984012,8.592945097999547,0.0],[77.906831870984021,8.592998100999553,0.0],[77.906874247984021,8.593188897999569,0.0],[77.906846475984011,8.593241525999561,0.0],[77.906892417983997,8.593319883999557,0.0],[77.906907861984038,8.593319878999552,0.0]]]]}},
{"type":"Feature","properties":{"Tank_name":"Karungulam","id":1008},"geometry":{"type":"MultiPolygon","coordinates":[[[[77.843270757986403,8.635746473999625,0.0],[77.843988620986352,8.635824138999617,0.0],[77.845489393986327,8.637034711999654,0.0],[77.850418871986122,8.637669451999654,0.0],[77.853800397985992,8.636065214999613,0.0],[77.854914152985955,8.633754599999616,0.0],[77.854602641985963,8.632120242999612,0.0],[77.854007988986027,8.630208192999627,0.0],[77.853854412986038,8.628689822999641,0.0],[77.85465611198596,8.627981355999601,0.0],[77.855638218985973,8.626831831999631,0.0],[77.856921641985878,8.625434096999619,0.0],[77.857940165985852,8.623878491999653,0.0],[77.859556047985791,8.622503515999625,0.0],[77.859816457985787,8.620984129999645,0.0],[77.859040314985833,8.620829432999617,0.0],[77.857593323985867,8.62101677799965,0.0],[77.855395090985937,8.621330674999607,0.0],[77.853767758985995,8.621772944999615,0.0],[77.852123764986047,8.622219746999615,0.0],[77.851996740986053,8.62225184299966,0.0],[77.849754786986125,8.622866033999614,0.0],[77.849171706986141,8.623785040999664,0.0],[77.848244953986196,8.625509004999614,0.0],[77.847386651986241,8.628571756999623,0.0],[77.847560214986217,8.630257735999622,0.0],[77.846740581986239,8.632244067999624,0.0],[77.845186584986322,8.633289706999665,0.0],[77.844122177986364,8.634732421999665,0.0],[77.843270757986403,8.635746473999625,0.0]]]]}},
{"type":"Feature","properties":{"Tank_name":"Thuthukuli","id":1009},"geometry":{"type":"MultiPolygon","coordinates":[[[[77.840296083986487,8.650460812999651,0.0],[77.841063303986459,8.650585383999664,0.0],[77.843949987986377,8.649459839999668,0.0],[77.845648073986311,8.648367141999634,0.0],[77.84579912998629,8.646607884999629,0.0],[77.845995660986304,8.644645117999623,0.0],[77.846001539986275,8.643633954999633,0.0],[77.845142136986325,8.642845334999652,0.0],[77.843958842986368,8.642354627999616,0.0],[77.842489361986395,8.642405688999638,0.0],[77.841191844986483,8.642676643999659,0.0],[77.839995597986459,8.64293428699966,0.0],[77.839247039986503,8.644838474999629,0.0],[77.838277342986572,8.645478178999666,0.0],[77.838134263986589,8.646905599999627,0.0],[77.838051967986573,8.648190687999657,0.0],[77.838039627986561,8.649678408999645,0.0],[77.838605728986551,8.650337437999664,0.0],[77.839510759986524,8.650461227999639,0.0],[77.840296083986487,8.650460812999651,0.0]]]]}},
{"type":"Feature","properties":{"Tank_name":"Seithunganallurkulam","id":1010},"geometry":{"type":"MultiPolygon","coordinates":[[[[77.832296239986789,8.665574596999654,0.0],[77.832517997986784,8.666204847999669,0.0],[77.83428263198671,8.66633090099964,0.0],[77.83621161398662,8.665466426999672,0.0],[77.836928298986635,8.664817884999646,0.0],[77.837885397986625,8.663983951999626,0.0],[77.838254645986581,8.662810277999654,0.0],[77.838521471986596,8.661991504999662,0.0],[77.838789169986541,8.661098578999654,0.0],[77.83905982398656,8.660336845999661,0.0],[77.83912297698653,8.659528400999646,0.0],[77.838445036986556,8.658780083999657,0.0],[77.836898081986632,8.658229327999662,0.0],[77.835543063986648,8.657962524999677,0.0],[77.832738081986747,8.657243700999635,0.0],[77.831905892986782,8.657051541999641,0.0],[77.831380929986821,8.656892211999669,0.0],[77.831422410986804,8.657482417999637,0.0],[77.831586042986814,8.657941147999628,0.0],[77.831611748986788,8.657984779999657,0.0],[77.831619587986822,8.658138878999644,0.0],[77.83321601998675,8.658834482999627,0.0],[77.833202899986759,8.659413252999629,0.0],[77.833135442986745,8.660212086999652,0.0],[77.833455173986721,8.662252077999657,0.0],[77.833349697986748,8.66338340799968,0.0],[77.833309345986763,8.664622004999675,0.0],[77.833340589986733,8.665287967999639,0.0],[77.832638242986803,8.665549493999666,0.0],[77.832296239986789,8.665574596999654,0.0]]]]}},
{"type":"Feature","properties":{"Tank_name":"Sivanthipatti Periyakulam","id":1037},"geometry":{"type":"MultiPolygon","coordinates":[[[[77.772208929988594,8.634223466999698,0.0],[77.77121263798864,8.633472646999746,0.0],[77.771568282988653,8.63244662999973,0.0],[77.771641462988597,8.631541648999713,0.0],[77.771836455988634,8.630574054999737,0.0],[77.77190999098859,8.629565546999695,0.0],[77.771732975988641,8.629296851999708,0.0],[77.771641400988628,8.628961416999697,0.0],[77.771414741988622,8.62827669599973,0.0],[77.771289632988612,8.627782947999732,0.0],[77.770949542988618,8.627087789999745,0.0],[77.770663170988669,8.626038680999738,0.0],[77.770220014988666,8.625769473999711,0.0],[77.76998053998868,8.625598675999713,0.0],[77.769551516988713,8.626127571999701,0.0],[77.769479893988716,8.626450951999701,0.0],[77.769394181988673,8.626694984999702,0.0],[77.76928293998867,8.626995197999701,0.0],[77.7692732889887,8.626995168999729,0.0],[77.769090170988719,8.627199619999731,0.0],[77.768119323988714,8.627714760999721,0.0],[77.768449332988695,8.628636955999708,0.0],[77.768468667988742,8.628648048999723,0.0],[77.768416342988715,8.629098086999718,0.0],[77.768036557988736,8.629576985999748,0.0],[77.767787854988725,8.629768923999748,0.0],[77.767660177988773,8.630414450999712,0.0],[77.767556818988737,8.630905481999733,0.0],[77.767419002988731,8.631283441999715,0.0],[77.76738179698873,8.632152790999742,0.0],[77.767355196988717,8.633018971999734,0.0],[77.767390153988757,8.633551657999718,0.0],[77.767800147988723,8.634099716999701,0.0],[77.768285586988711,8.634424406999713,0.0],[77.768692126988711,8.634789452999723,0.0],[77.769136265988678,8.634862542999723,0.0],[77.769536163988676,8.634964849999744,0.0],[77.770333498988677,8.635254541999712,0.0],[77.770777730988669,8.635230256999716,0.0],[77.771526531988641,8.635245383999697,0.0],[77.772279340988604,8.635546262999709,0.0],[77.772959098988593,8.636030344999719,0.0],[77.774633526988538,8.637541197999731,0.0],[77.775114449988521,8.637982641999724,0.0],[77.776396487988478,8.639093017999706,0.0],[77.777069660988474,8.639546930999705,0.0],[77.77822186698846,8.640408199999689,0.0],[77.778893130988436,8.640890185999696,0.0],[77.779463900988389,8.641620293999724,0.0],[77.780219602988353,8.64190380299971,0.0],[77.780802400988378,8.642155598999695,0.0],[77.781489609988341,8.642051367999725,0.0],[77.781460204988335,8.642011637999701,0.0],[77.781232855988321,8.641724008999688,0.0],[77.781129625988342,8.641206027999717,0.0],[77.781020063988365,8.640649902999707,0.0],[77.780831520988343,8.639959310999703,0.0],[77.780698317988396,8.639241886999686,0.0],[77.780543680988359,8.638724737999725,0.0],[77.780325494988375,8.638408730999689,0.0],[77.779912649988432,8.637897326999738,0.0],[77.7796629639884,8.637717965999688,0.0],[77.779479145988432,8.637572429999697,0.0],[77.779028797988431,8.637346993999701,0.0],[77.778455642988391,8.637145437999726,0.0],[77.778445356988442,8.63713550999973,0.0],[77.777963558988446,8.636860558999736,0.0],[77.777560095988463,8.636630312999731,0.0],[77.77709250398847,8.636362844999727,0.0],[77.776472221988485,8.636072122999741,0.0],[77.776006497988519,8.636042260999721,0.0],[77.775466553988508,8.635741883999694,0.0],[77.774803344988541,8.635346558999695,0.0],[77.77430597098855,8.635063241999726,0.0],[77.774027941988535,8.634929208999729,0.0],[77.773609099988548,8.634796334999701,0.0],[77.772574057988564,8.634378477999697,0.0],[77.772208929988594,8.634223466999698,0.0]]]]}},
{"type":"Feature","properties":{"Tank_name":"Peroor","id":1039},"geometry":{"type":"MultiPolygon","coordinates":[[[[77.944940905982563,8.65101524199949,0.0],[77.945175712982575,8.651878273999531,0.0],[77.946400922982505,8.652058416999495,0.0],[77.947050433982483,8.651751047999509,0.0],[77.947584400982421,8.65131862099949,0.0],[77.948445976982413,8.65163513999951,0.0],[77.949066348982413,8.651601484999528,0.0],[77.949707752982349,8.651304365999486,0.0],[77.950115778982337,8.651258803999518,0.0],[77.950742903982302,8.651202606999529,0.0],[77.951091352982289,8.651075254999476,0.0],[77.951231461982303,8.650856108999525,0.0],[77.95121788298232,8.65066245699952,0.0],[77.950973737982324,8.650205942999513,0.0],[77.950591057982308,8.649785482999526,0.0],[77.950374182982344,8.649287417999483,0.0],[77.950157471982337,8.649015320999487,0.0],[77.949846271982352,8.648797377999497,0.0],[77.949614476982376,8.648564396999486,0.0],[77.949383763982382,8.648468054999478,0.0],[77.949091616982415,8.648400514999507,0.0],[77.948651060982428,8.648239140999493,0.0],[77.948360142982409,8.648126592999487,0.0],[77.948243746982413,8.648070830999499,0.0],[77.94801656498241,8.64802401599948,0.0],[77.947583040982423,8.647921927999533,0.0],[77.946991574982505,8.648074787999491,0.0],[77.9460445569825,8.648209579999529,0.0],[77.945621855982523,8.648198506999533,0.0],[77.945052683982567,8.64831742199951,0.0],[77.944627937982574,8.648027983999528,0.0],[77.943925748982622,8.648061772999514,0.0],[77.943315358982616,8.648197952999485,0.0],[77.942681788982654,8.648167336999542,0.0],[77.941564040982698,8.648181072999515,0.0],[77.940730860982754,8.648214739999538,0.0],[77.939764249982758,8.648360733999519,0.0],[77.938878088982833,8.648917284999511,0.0],[77.937894775982869,8.64916266199951,0.0],[77.937050195982849,8.649600610999512,0.0],[77.935766570982935,8.65017243999954,0.0],[77.934719597983005,8.650535243999505,0.0],[77.933709864983044,8.65106338599951,0.0],[77.932536063983051,8.651530890999531,0.0],[77.931143405983121,8.65222326899953,0.0],[77.929387891983225,8.65317511799952,0.0],[77.929341896983189,8.653482672999527,0.0],[77.929719695983195,8.653785124999555,0.0],[77.930005038983168,8.65402316899951,0.0],[77.930735667983171,8.653502673999519,0.0],[77.931217518983104,8.653025569999549,0.0],[77.931640932983086,8.652910170999514,0.0],[77.932104866983124,8.652783049999517,0.0],[77.933737372983018,8.653308410999548,0.0],[77.934578064982972,8.654186087999552,0.0],[77.935357993982976,8.653454285999533,0.0],[77.935764924982948,8.652160737999495,0.0],[77.935792476982954,8.652127370999539,0.0],[77.937515450982886,8.651242100999509,0.0],[77.939635209982782,8.650700235999505,0.0],[77.942025236982673,8.650072695999517,0.0],[77.943181563982634,8.650877633999503,0.0],[77.944940905982563,8.65101524199949,0.0]]]]}},
{"type":"Feature","properties":{"Tank_name":"Kasba","id":1040},"geometry":{"type":"MultiPolygon","coordinates":[[[[77.928479068203544,8.65700709540619,0.0],[77.928776053172157,8.656956932720103,0.0],[77.929374704027367,8.656928626375949,0.0],[77.930640409261727,8.657278567892011,0.0],[77.931932316721998,8.657420361371653,0.0],[77.931743416285713,8.656967370018689,0.0],[77.931706399333521,8.656934446967183,0.0],[77.931199685908865,8.656554590284433,0.0],[77.930969338412396,8.656166107905904,0.0],[77.930820482743485,8.655909957659713,0.0],[77.930800228774501,8.655887625630152,0.0],[77.930620643261463,8.655500535308468,0.0],[77.930331340563853,8.655306844926061,0.0],[77.930137196866042,8.655088380641507,0.0],[77.929859846308219,8.65476686823207,0.0],[77.929569035927287,8.654291154758983,0.0],[77.929284473512126,8.653844251301967,0.0],[77.928962597136703,8.653371711795494,0.0],[77.928728819673552,8.652954228404234,0.0],[77.928458430312659,8.652455100946559,0.0],[77.928174257936334,8.651973321479071,0.0],[77.92798767369267,8.651347505074533,0.0],[77.927789080219853,8.650929303722174,0.0],[77.927500159882271,8.650414123239027,0.0],[77.927221102492894,8.649942543780577,0.0],[77.927163457097336,8.649418207551182,0.0],[77.92695925760043,8.649022877199906,0.0],[77.926716495056183,8.648679875822399,0.0],[77.92645578565687,8.648212192385643,0.0],[77.926011120517103,8.64756121168708,0.0],[77.925327443713357,8.646672942648625,0.0],[77.924660952822535,8.645857827652513,0.0],[77.924193014496979,8.645378670982586,0.0],[77.923631369084944,8.644108135959412,0.0],[77.923398386961622,8.643386343473695,0.0],[77.922549522623669,8.642124894135243,0.0],[77.920151004303335,8.641255575203227,0.0],[77.918821034051376,8.64093750162934,0.0],[77.917419893400989,8.640100508813683,0.0],[77.916300947365571,8.639533320395774,0.0],[77.915590433611555,8.639500845598503,0.0],[77.914372877996598,8.639477895242706,0.0],[77.913071764274605,8.639572916831462,0.0],[77.911925039632266,8.639556100556231,0.0],[77.910710547142301,8.639420994168894,0.0],[77.908566585641665,8.639541508832782,0.0],[77.907514856587582,8.639868267770773,0.0],[77.906859510650747,8.63998533508191,0.0],[77.905597515440761,8.64050753484832,0.0],[77.904963970028973,8.64104381031488,0.0],[77.904047105147697,8.64118075234275,0.0],[77.903474020639095,8.640893175618301,0.0],[77.902647855058945,8.640736726654826,0.0],[77.902369202910393,8.640943562411069,0.0],[77.901519545498431,8.64064297637657,0.0],[77.900829085203867,8.641089885752137,0.0],[77.900018514655684,8.640900902795916,0.0],[77.898348898367701,8.64070744788771,0.0],[77.897007726498302,8.64094717747852,0.0],[77.896919774452542,8.641906473680853,0.0],[77.89690405996231,8.642349388801813,0.0],[77.896741122111862,8.643153738872668,0.0],[77.896739901104894,8.64316029987339,0.0],[77.896552599546865,8.643709482837584,0.0],[77.8965385112447,8.644878300187029,0.0],[77.896633892228962,8.645761603568509,0.0],[77.897045707419039,8.646376539216471,0.0],[77.897157007598821,8.64708052555962,0.0],[77.897432066315289,8.64726094592052,0.0],[77.897711475875965,8.647579467329406,0.0],[77.897915858830174,8.647566071551545,0.0],[77.898088154921069,8.647438889702558,0.0],[77.898033335202157,8.647202081567851,0.0],[77.897890739672476,8.646819381290397,0.0],[77.897782007050154,8.646510505073538,0.0],[77.897841743316434,8.646256463060249,0.0],[77.897955833919696,8.645686440008491,0.0],[77.898064971864059,8.644812652856299,0.0],[77.89831806121461,8.644431734017434,0.0],[77.898862263403089,8.644118354521902,0.0],[77.900066739692633,8.644433689953898,0.0],[77.900072856698287,8.644426992958572,0.0],[77.90094863756805,8.644310814891877,0.0],[77.901929492906916,8.644641566081352,0.0],[77.902520537867474,8.644519904697763,0.0],[77.903317724821733,8.644349187527078,0.0],[77.903831425700716,8.6443210680871,0.0],[77.904849955506521,8.644224541184764,0.0],[77.905613240220006,8.644278320046963,0.0],[77.906232825324054,8.644021048652551,0.0],[77.906869860944511,8.643297352131283,0.0],[77.907358457277439,8.642870211538526,0.0],[77.907921792600504,8.642432070025052,0.0],[77.908322282733948,8.642206696397896,0.0],[77.908545501657102,8.642216323648118,0.0],[77.909312724798255,8.641887005394532,0.0],[77.910161999505164,8.641924365346878,0.0],[77.910917698612863,8.641628184090939,0.0],[77.911543709588841,8.641484134739081,0.0],[77.912546101481226,8.641315359796375,0.0],[77.913826349975452,8.641429293250274,0.0],[77.914340692383391,8.64182273994369,0.0],[77.914605466212535,8.641905585263054,0.0],[77.914965302012405,8.641989432688039,0.0],[77.915219785687469,8.642212681040135,0.0],[77.915910381237495,8.642432611874431,0.0],[77.91609937381368,8.642761513187214,0.0],[77.916263111599363,8.642909866415266,0.0],[77.916775152356792,8.642991521008375,0.0],[77.917455120859671,8.643256361845173,0.0],[77.918026183539467,8.643391872520606,0.0],[77.918665121232181,8.64349796926213,0.0],[77.919394890920273,8.643584307098159,0.0],[77.919975074920686,8.644324447974125,0.0],[77.920730734880507,8.645054585041661,0.0],[77.921269447838242,8.645843604887364,0.0],[77.922277093155728,8.647080812394289,0.0],[77.922622198073284,8.64795656405289,0.0],[77.923524225329984,8.649275503468916,0.0],[77.923704104275274,8.650169711950211,0.0],[77.923379124717357,8.650753326773575,0.0],[77.923299236345485,8.651106294796181,0.0],[77.923697277835444,8.651456725348238,0.0],[77.923641212383387,8.651874942417825,0.0],[77.923840195058986,8.65211208671332,0.0],[77.924376551114875,8.651920948248225,0.0],[77.924634047097257,8.651868871517502,0.0],[77.924787244134379,8.651795381664291,0.0],[77.925211207543569,8.652211031265816,0.0],[77.925607557714429,8.652846595906043,0.0],[77.92588197701879,8.65339511138356,0.0],[77.925998977430467,8.653889225669227,0.0],[77.925907280166925,8.654148482649195,0.0],[77.926122429077807,8.654171358895208,0.0],[77.926426834707073,8.654421979312163,0.0],[77.926769351222617,8.654764060800249,0.0],[77.927039819012265,8.654880529137213,0.0],[77.927208596271356,8.65549702551909,0.0],[77.927080051583587,8.656144332580606,0.0],[77.927407438120326,8.656471396047259,0.0],[77.927511189860681,8.656675653226904,0.0],[77.927493094303856,8.657177049365021,0.0],[77.927874690092494,8.657265135816527,0.0],[77.928311554160885,8.657089199246098,0.0],[77.928479068203544,8.65700709540619,0.0]]]]}},
{"type":"Feature","properties":{"Tank_name":"Chenthilanpannai","id":1041},"geometry":{"type":"MultiPolygon","coordinates":[[[[77.895889329984499,8.65182010599959,0.0],[77.896067111984536,8.651881306999584,0.0],[77.897313784984462,8.651977152999605,0.0],[77.898275957984424,8.652180101999571,0.0],[77.89828247298442,8.652187336999571,0.0],[77.899071235984394,8.652463644999596,0.0],[77.899237194984408,8.652593690999577,0.0],[77.900136788984341,8.652261335999563,0.0],[77.900524955984366,8.652111912999581,0.0],[77.900184362984348,8.651644919999548,0.0],[77.899982605984334,8.651354718999567,0.0],[77.899751610984367,8.650384533999594,0.0],[77.899867119984378,8.649998947999601,0.0],[77.899752669984366,8.649860554999558,0.0],[77.899581584984389,8.649864839999546,0.0],[77.89928765198438,8.650064056999591,0.0],[77.898856818984399,8.650374941999569,0.0],[77.898495231984427,8.650617308999568,0.0],[77.898388169984401,8.650451094999578,0.0],[77.897941390984457,8.650643864999589,0.0],[77.897579936984428,8.650825889999549,0.0],[77.897037326984503,8.651094615999551,0.0],[77.896451064984504,8.651200165999553,0.0],[77.896051823984493,8.650959035999605,0.0],[77.895549848984544,8.651094050999562,0.0],[77.895548994984537,8.651100366999556,0.0],[77.895579875984524,8.651385530999605,0.0],[77.89560710198451,8.651398942999592,0.0],[77.895627758984503,8.651419022999603,0.0],[77.895889329984499,8.65182010599959,0.0]]]]}},
{"type":"Feature","properties":{"Tank_name":"Batterkulam","id":1042},"geometry":{"type":"MultiPolygon","coordinates":[[[[77.893501293984585,8.653372103999558,0.0],[77.894046403984589,8.653175437999595,0.0],[77.894536781984556,8.652569011999601,0.0],[77.894675806984566,8.651296451999585,0.0],[77.89478809698457,8.651076130999556,0.0],[77.894804518984557,8.650764274999558,0.0],[77.894469163984553,8.650672833999566,0.0],[77.893737264984622,8.650798762999603,0.0],[77.893292369984593,8.650861021999605,0.0],[77.893002969984622,8.651352851999597,0.0],[77.892160373984666,8.651610503999613,0.0],[77.891698755984649,8.651609240999608,0.0],[77.890435311984731,8.651299842999597,0.0],[77.889450714984761,8.650973108999599,0.0],[77.888586651984795,8.649799360999559,0.0],[77.888297319984773,8.6492857219996,0.0],[77.885760195984872,8.648243377999618,0.0],[77.885886642984872,8.648655391999567,0.0],[77.887022185984861,8.649399294999567,0.0],[77.887260730984863,8.64979291199961,0.0],[77.887767540984839,8.65033316099959,0.0],[77.887864054984831,8.650650738999614,0.0],[77.888401143984794,8.651208972999592,0.0],[77.888550761984817,8.651526597999572,0.0],[77.888952825984759,8.651768897999595,0.0],[77.889929262984737,8.652131560999571,0.0],[77.890512298984746,8.652660332999567,0.0],[77.890869692984708,8.65308231699958,0.0],[77.891023335984684,8.653208831999612,0.0],[77.891583150984701,8.653377970999589,0.0],[77.892479553984629,8.653275889999565,0.0],[77.893501293984585,8.653372103999558,0.0]]]]}},
{"type":"Feature","properties":{"Tank_name":"Muthalankurichi Kulam","id":1043},"geometry":{"type":"MultiPolygon","coordinates":[[[[77.838996735986598,8.683995433999652,0.0],[77.83932095898659,8.684346326999666,0.0],[77.840840110986505,8.683974511999674,0.0],[77.841612564986491,8.682836698999658,0.0],[77.841685896986476,8.680471155999662,0.0],[77.842030130986473,8.678719547999654,0.0],[77.842638965986438,8.677941537999621,0.0],[77.843140848986451,8.677227221999651,0.0],[77.843798572986429,8.676879710999623,0.0],[77.843871158986403,8.676128262999658,0.0],[77.843301847986439,8.675951934999651,0.0],[77.842886604986447,8.676003367999662,0.0],[77.84067354398654,8.676854543999632,0.0],[77.840674719986495,8.676872756999668,0.0],[77.839667592986544,8.678185249999668,0.0],[77.839231131986594,8.680423000999664,0.0],[77.839247338986567,8.682432267999667,0.0],[77.839147371986584,8.683309855999649,0.0],[77.83897472398661,8.683945757999648,0.0],[77.838996735986598,8.683995433999652,0.0]]]]}},
{"type":"Feature","properties":{"Tank_name":"Nattarkulam","id":1044},"geometry":{"type":"MultiPolygon","coordinates":[[[[77.830870452986829,8.673421031999629,0.0],[77.831089370986845,8.673782111999635,0.0],[77.832229311986779,8.674287344999644,0.0],[77.832841073986771,8.675285578999651,0.0],[77.83318632598673,8.674244477999654,0.0],[77.833159392986786,8.673524807999629,0.0],[77.832961050986739,8.672643921999681,0.0],[77.832658397986762,8.67185398099963,0.0],[77.832417811986801,8.67116719799964,0.0],[77.832300547986762,8.671004306999638,0.0],[77.831919093986798,8.670263417999655,0.0],[77.831443375986794,8.669571454999648,0.0],[77.831385611986832,8.669590067999655,0.0],[77.831377411986807,8.669599434999673,0.0],[77.830751655986859,8.668914148999653,0.0],[77.83032428898683,8.668286450999634,0.0],[77.829941579986894,8.66814926299964,0.0],[77.829460051986871,8.667964532999639,0.0],[77.829216746986859,8.667988795999644,0.0],[77.828934097986888,8.668671044999664,0.0],[77.828930051986873,8.669516496999684,0.0],[77.82887095898694,8.66984245199968,0.0],[77.828945035986905,8.670159898999664,0.0],[77.82896280198689,8.670159935999669,0.0],[77.82899429998686,8.670203187999682,0.0],[77.82900910398692,8.670235748999636,0.0],[77.829416204986856,8.670546082999641,0.0],[77.829451021986884,8.670568675999682,0.0],[77.829893221986879,8.670867576999633,0.0],[77.830356862986875,8.672169711999636,0.0],[77.830343196986846,8.672439921999635,0.0],[77.830870452986829,8.673421031999629,0.0]]]]}},
{"type":"Feature","properties":{"Tank_name":"Kollivaikulam","id":1045},"geometry":{"type":"MultiPolygon","coordinates":[[[[77.827710537986974,8.684094885999638,0.0],[77.827886584986942,8.684673242999686,0.0],[77.82816574198695,8.68460582799964,0.0],[77.828347585986933,8.683816715999633,0.0],[77.828425116986921,8.682764869999639,0.0],[77.828520577986936,8.681974305999638,0.0],[77.828641327986915,8.681208907999638,0.0],[77.82871857698693,8.680176006999668,0.0],[77.828790181986889,8.679235735999679,0.0],[77.828849580986912,8.678969676999662,0.0],[77.828751860986912,8.678874679999645,0.0],[77.828546192986948,8.679007500999667,0.0],[77.828174282986936,8.679168923999674,0.0],[77.82768407598698,8.679361973999685,0.0],[77.827203871986953,8.679557900999677,0.0],[77.827198493986984,8.679563325999663,0.0],[77.826829034986972,8.679756747999658,0.0],[77.826688181986981,8.679970397999634,0.0],[77.826679946986985,8.680000004999679,0.0],[77.826586320986976,8.680388530999675,0.0],[77.826583665986973,8.680414215999644,0.0],[77.826568489986997,8.680452956999668,0.0],[77.826567134987002,8.680465940999634,0.0],[77.826574384987012,8.680725735999671,0.0],[77.82658241298698,8.680759981999655,0.0],[77.826591175987005,8.680787538999661,0.0],[77.826775380986987,8.681151645999659,0.0],[77.826798620987006,8.681159065999633,0.0],[77.82682133498696,8.681173888999647,0.0],[77.826831057986965,8.681203580999643,0.0],[77.826940497986982,8.681556573999682,0.0],[77.826951364986996,8.681580366999651,0.0],[77.826962758986994,8.681596289999682,0.0],[77.826979907986981,8.681620256999688,0.0],[77.827183024986979,8.681807438999682,0.0],[77.827207572986978,8.681824009999682,0.0],[77.827232800986948,8.681824057999686,0.0],[77.827386498986968,8.681992137999668,0.0],[77.827405496986941,8.682000687999684,0.0],[77.827408513986967,8.682844971999668,0.0],[77.82737665798696,8.683174714999673,0.0],[77.827598948986946,8.683682608999687,0.0],[77.827710537986974,8.684094885999638,0.0]]]]}},
{"type":"Feature","properties":{"Tank_name":"Kodai Kulam","id":1046},"geometry":{"type":"MultiPolygon","coordinates":[[[[77.80458369489439,8.647608706894417,0.0],[77.804550506987638,8.64756854299967,0.0],[77.804481056987626,8.647635151999655,0.0],[77.80458369489439,8.647608706894417,0.0]]],[[[77.80458369489439,8.647608706894417,0.0],[77.80524482798765,8.64840880499967,0.0],[77.806192949987633,8.649193063999665,0.0],[77.807908709987544,8.649780038999699,0.0],[77.809230402987524,8.650413535999663,0.0],[77.810000339987468,8.650662425999686,0.0],[77.810692600987494,8.650397743999658,0.0],[77.810057607987503,8.649834255999707,0.0],[77.808852933987524,8.649010420999703,0.0],[77.807875547987578,8.648158909999699,0.0],[77.807496119987562,8.647770185999692,0.0],[77.807501238987541,8.647654824999709,0.0],[77.807497016987568,8.64763205799969,0.0],[77.807429063987584,8.64753077399971,0.0],[77.807429643987589,8.647519664999693,0.0],[77.807272468987563,8.647398743999679,0.0],[77.80658357798761,8.64732735199968,0.0],[77.806415832987611,8.647148932999672,0.0],[77.806412008987579,8.647138656999664,0.0],[77.806286313987584,8.64703189299971,0.0],[77.805982580987617,8.646517507999683,0.0],[77.805765418987633,8.646409544999678,0.0],[77.80532112698765,8.646423880999668,0.0],[77.805422533987638,8.646874527999705,0.0],[77.805426182987645,8.646885785999677,0.0],[77.805558943987606,8.647345776999691,0.0],[77.805568299987613,8.647547010999663,0.0],[77.805538975987588,8.647559782999712,0.0],[77.80552707198764,8.647566185999699,0.0],[77.805503221987649,8.647579016999693,0.0],[77.804849520987645,8.647584040999709,0.0],[77.804822819987677,8.647577527999696,0.0],[77.804811664987639,8.647577503999662,0.0],[77.804778200987613,8.647577430999696,0.0],[77.804705694987632,8.64757727299966,0.0],[77.80458369489439,8.647608706894417,0.0]]]]}},
{"type":"Feature","properties":{"Tank_name":"Sriraman kulam","id":1047},"geometry":{"type":"MultiPolygon","coordinates":[[[[77.80649191598765,8.669402340999657,0.0],[77.807087912987569,8.669462052999707,0.0],[77.807266764987602,8.669080560999674,0.0],[77.807314372987591,8.668535505999703,0.0],[77.807250686987615,8.668098761999691,0.0],[77.806989131987606,8.667645231999671,0.0],[77.806596622987627,8.66716763299971,0.0],[77.806375954987629,8.666720552999694,0.0],[77.806042803987637,8.666010959999685,0.0],[77.805840962987602,8.66534858199967,0.0],[77.805641210987659,8.664656735999674,0.0],[77.805554196987643,8.663981993999677,0.0],[77.805538598987624,8.663339914999689,0.0],[77.80527121898767,8.66260133399968,0.0],[77.805216098987643,8.66206666299971,0.0],[77.805139968987632,8.661422367999684,0.0],[77.804785624987687,8.661573001999704,0.0],[77.804534717987679,8.661708344999656,0.0],[77.804513514987676,8.661735946999704,0.0],[77.804333383987696,8.662145746999704,0.0],[77.804326679987653,8.662160871999708,0.0],[77.8041161559877,8.662435879999668,0.0],[77.803156958987699,8.662680192999666,0.0],[77.802825614987739,8.662306330999664,0.0],[77.802270387987747,8.662589201999689,0.0],[77.802298762987746,8.662907778999664,0.0],[77.80229997198775,8.662925408999664,0.0],[77.802631097987742,8.663711454999694,0.0],[77.802902997987701,8.664307321999708,0.0],[77.802832277987719,8.664719102999678,0.0],[77.802832714987744,8.665335540999685,0.0],[77.802871266987736,8.665829382999711,0.0],[77.803258755987713,8.666392141999701,0.0],[77.803039300987734,8.666956151999706,0.0],[77.802883869987753,8.666919710999686,0.0],[77.802882272987745,8.666948577999712,0.0],[77.803124750987706,8.667401897999675,0.0],[77.803632578987703,8.667463936999672,0.0],[77.804010716987676,8.667895253999667,0.0],[77.804685568987679,8.668529407999674,0.0],[77.805437982987641,8.669100356999683,0.0],[77.80649191598765,8.669402340999657,0.0]]]]}},
{"type":"Feature","properties":{"Tank_name":"senkulam","id":1048},"geometry":{"type":"MultiPolygon","coordinates":[[[[77.819553063987115,8.605656725999687,0.0],[77.818472141987201,8.609066414999655,0.0],[77.819567185987111,8.608941326999647,0.0],[77.819982535987108,8.608186077999694,0.0],[77.820302697987074,8.607475192999651,0.0],[77.82052463998707,8.606937305999697,0.0],[77.820641926987079,8.606430407999673,0.0],[77.820753820987065,8.605998061999648,0.0],[77.8210405179871,8.605478806999677,0.0],[77.821349980987094,8.604893113999669,0.0],[77.821314693987091,8.604315091999657,0.0],[77.821325133987074,8.603899004999695,0.0],[77.821183527987074,8.603187946999659,0.0],[77.821034675987093,8.602573961999685,0.0],[77.820934258987094,8.602042425999645,0.0],[77.820895209987086,8.601540282999698,0.0],[77.821221495987089,8.601233302999692,0.0],[77.822026820987048,8.600899482999656,0.0],[77.822469471987048,8.600510561999686,0.0],[77.822731616986999,8.600024492999655,0.0],[77.822944842987013,8.599117873999676,0.0],[77.822947477987,8.59853286199969,0.0],[77.822861978987007,8.59797994199967,0.0],[77.822578103987027,8.597291849999651,0.0],[77.822435053987007,8.596957337999658,0.0],[77.822250714987021,8.596375754999672,0.0],[77.822186497987047,8.595634126999659,0.0],[77.822150460987004,8.595048825999656,0.0],[77.822290933987048,8.594203692999674,0.0],[77.822162862987042,8.593608187999697,0.0],[77.821683515987061,8.592981271999651,0.0],[77.821242459987062,8.592336796999652,0.0],[77.820430197987079,8.591115653999642,0.0],[77.820110298987117,8.590682792999663,0.0],[77.819912612987082,8.590105827999672,0.0],[77.8198409119871,8.58964735799966,0.0],[77.81970529998712,8.589350296999688,0.0],[77.81935088698711,8.589231486999685,0.0],[77.818922000987115,8.589318127999684,0.0],[77.817677980987156,8.589763265999659,0.0],[77.81712983098717,8.590399016999662,0.0],[77.817378875987202,8.591360800999691,0.0],[77.816871265987217,8.592122758999691,0.0],[77.817353035987168,8.592503538999692,0.0],[77.817479808987201,8.593534243999693,0.0],[77.817480282987191,8.593524841999646,0.0],[77.817837439987173,8.594225624999661,0.0],[77.816877412987182,8.594824048999692,0.0],[77.81607996498721,8.595431679999676,0.0],[77.815779056987211,8.596135630999667,0.0],[77.815064872987236,8.596593723999689,0.0],[77.814233300987297,8.597038154999693,0.0],[77.813946617987284,8.597824923999694,0.0],[77.814049367987295,8.598893090999667,0.0],[77.813787324987331,8.599498619999707,0.0],[77.814129662987327,8.600800055999654,0.0],[77.814429091987293,8.601688813999683,0.0],[77.814204181987321,8.602226265999688,0.0],[77.814882071987256,8.602990407999666,0.0],[77.815542726987218,8.602758369999689,0.0],[77.816244410987238,8.602677270999687,0.0],[77.817434068987197,8.602844963999667,0.0],[77.818464384987195,8.60323043699966,0.0],[77.819201716987124,8.604289872999647,0.0],[77.819553063987115,8.605656725999687,0.0]]]]}},
{"type":"Feature","properties":{"Tank_name":"Pettaikulam","id":1049},"geometry":{"type":"MultiPolygon","coordinates":[[[[77.844135743986342,8.598138736999653,0.0],[77.845805400986251,8.59962642899966,0.0],[77.848331875986133,8.600455816999657,0.0],[77.849338247986111,8.600579328999617,0.0],[77.850110367986105,8.600828463999662,0.0],[77.851038890986047,8.600867802999616,0.0],[77.853055153986006,8.600871341999644,0.0],[77.853300180985997,8.600623168999656,0.0],[77.854119742985972,8.600612326999606,0.0],[77.855772524985937,8.600763492999626,0.0],[77.856819437985877,8.600690916999644,0.0],[77.85765882298584,8.60055733099964,0.0],[77.858466143985794,8.60054653999962,0.0],[77.859971840985764,8.600536950999613,0.0],[77.86037088898577,8.600297115999611,0.0],[77.860577857985731,8.59994687099962,0.0],[77.859870381985758,8.59991119499964,0.0],[77.858996335985807,8.59972812599964,0.0],[77.857816781985818,8.599827681999646,0.0],[77.856811606985872,8.59978055099962,0.0],[77.856191262985917,8.598658940999632,0.0],[77.855716809985893,8.598234895999648,0.0],[77.85473061398595,8.598339546999604,0.0],[77.853175970985973,8.598483939999634,0.0],[77.852311152986033,8.598413334999616,0.0],[77.851337304986075,8.598421351999647,0.0],[77.850425972986116,8.598468998999623,0.0],[77.849523326986102,8.59842793999961,0.0],[77.847937076986156,8.598327163999659,0.0],[77.847064696986223,8.598123317999628,0.0],[77.845807008986242,8.597940125999621,0.0],[77.844135743986342,8.598138736999653,0.0]]]]}},
{"type":"Feature","properties":{"Tank_name":"Chettiappan kulam","id":1050},"geometry":{"type":"MultiPolygon","coordinates":[[[[77.865143560985615,8.601581524999601,0.0],[77.865363664985594,8.602151657999594,0.0],[77.865944379985535,8.602293876999592,0.0],[77.866159019985545,8.601991537999616,0.0],[77.866272243985563,8.601551997999614,0.0],[77.866355706985559,8.600711548999607,0.0],[77.866374683985526,8.600697349999644,0.0],[77.866425225985523,8.600661982999636,0.0],[77.866393997985512,8.600163465999595,0.0],[77.86643989198555,8.599847919999627,0.0],[77.86653408298551,8.599390270999631,0.0],[77.866662906985496,8.59879177599961,0.0],[77.866772457985533,8.598245146999624,0.0],[77.866777305985536,8.597766078999623,0.0],[77.866863805985531,8.597305574999631,0.0],[77.866974104985502,8.597097902999646,0.0],[77.867140834985491,8.596697104999601,0.0],[77.867311090985467,8.596319293999636,0.0],[77.867495223985472,8.595869960999631,0.0],[77.867665221985504,8.595104799999625,0.0],[77.867648129985497,8.594426619999604,0.0],[77.867493443985481,8.59313824699964,0.0],[77.867234682985483,8.593115277999598,0.0],[77.866934327985518,8.593320031999637,0.0],[77.866637498985497,8.593296349999628,0.0],[77.866468042985503,8.593424323999637,0.0],[77.866174564985528,8.59371883699961,0.0],[77.866174984985506,8.5937311629996,0.0],[77.866102167985517,8.593956826999625,0.0],[77.866096150985541,8.593963196999621,0.0],[77.865977693985513,8.594256423999608,0.0],[77.865978317985508,8.594289809999589,0.0],[77.865978818985553,8.59431663399962,0.0],[77.865979448985556,8.594350308999621,0.0],[77.866006644985575,8.594753151999639,0.0],[77.86600678798554,8.594760299999644,0.0],[77.865986418985571,8.595081917999631,0.0],[77.865690626985554,8.595520037999645,0.0],[77.865300927985572,8.595631136999625,0.0],[77.865061679985558,8.595695338999603,0.0],[77.865040366985582,8.595703416999608,0.0],[77.864822589985607,8.595967279999595,0.0],[77.864603822985572,8.596249079999634,0.0],[77.864586878985591,8.596283945999597,0.0],[77.864577129985577,8.59631897699964,0.0],[77.86428639398558,8.596650141999616,0.0],[77.864269120985611,8.596677606999632,0.0],[77.864195147985626,8.596835044999606,0.0],[77.864239842985612,8.597486181999638,0.0],[77.864870960985584,8.5982854839996,0.0],[77.86516595098557,8.598826118999595,0.0],[77.865506434985534,8.599075186999608,0.0],[77.865494461985563,8.599747946999598,0.0],[77.865585062985588,8.600463036999624,0.0],[77.865143560985615,8.601581524999601,0.0]]]]}},
{"type":"Feature","properties":{"Tank_name":"Pillayarkulam","id":1051},"geometry":{"type":"MultiPolygon","coordinates":[[[[77.873686946599548,8.607177476487474,0.0],[77.874655144985255,8.607350019999629,0.0],[77.875405009985229,8.60722029899962,0.0],[77.875920807985182,8.607060144999602,0.0],[77.875947431985168,8.606394882999622,0.0],[77.876032169985166,8.60581461299962,0.0],[77.876113526985151,8.605124726999591,0.0],[77.876424350985204,8.60431874199959,0.0],[77.87647775498516,8.603576334999628,0.0],[77.876362603985172,8.602775036999628,0.0],[77.876319009985153,8.602565898999627,0.0],[77.875937104985184,8.601281488999588,0.0],[77.875811648985206,8.60092881999959,0.0],[77.875502604985201,8.600982401999612,0.0],[77.875285173985205,8.601673239999585,0.0],[77.875046417985232,8.601747938999619,0.0],[77.874862594985245,8.602542916999607,0.0],[77.874618016985224,8.602893642999634,0.0],[77.874490886985214,8.603455297999586,0.0],[77.874505409985233,8.603967762999631,0.0],[77.874420252985232,8.604576570999612,0.0],[77.874200347985237,8.605541234999592,0.0],[77.874224222985248,8.605960499999595,0.0],[77.87415481598525,8.606423541999632,0.0],[77.873686946599548,8.607177476487474,0.0]]],[[[77.873686946599548,8.607177476487474,0.0],[77.873608211985299,8.607163444999587,0.0],[77.873655738985292,8.607227764999621,0.0],[77.873686946599548,8.607177476487474,0.0]]]]}},
{"type":"Feature","properties":{"Tank_name":"Vallakulam tank","id":1052},"geometry":{"type":"MultiPolygon","coordinates":[[[[77.853158517986003,8.612549077999613,0.0],[77.853315629986014,8.613196004999663,0.0],[77.853840319986006,8.613989184999625,0.0],[77.854682134985978,8.614462785999629,0.0],[77.855780241985912,8.614484426999617,0.0],[77.857539482985842,8.614507106999644,0.0],[77.85819650298582,8.613995805999627,0.0],[77.858412399985852,8.61278750099965,0.0],[77.858652568985832,8.612142337999648,0.0],[77.858676951985814,8.611606922999648,0.0],[77.858703350985792,8.611123120999626,0.0],[77.858392071985833,8.61090255499963,0.0],[77.858036093985831,8.611377952999623,0.0],[77.857624433985862,8.611058104999618,0.0],[77.856972574985861,8.611167899999634,0.0],[77.856343704985875,8.611326836999618,0.0],[77.856076306985941,8.611310321999648,0.0],[77.855630703985952,8.611086424999634,0.0],[77.854996420985955,8.610912572999647,0.0],[77.85461544198597,8.610787637999616,0.0],[77.854285253985964,8.610771638999648,0.0],[77.853794108985966,8.610863860999626,0.0],[77.853515675985975,8.610878974999634,0.0],[77.853153551985997,8.611019304999655,0.0],[77.852960159986026,8.611241150999641,0.0],[77.853014955985984,8.611997544999648,0.0],[77.853158517986003,8.612549077999613,0.0]]]]}},
{"type":"Feature","properties":{"Tank_name":"Achampattu kulam","id":1053},"geometry":{"type":"MultiPolygon","coordinates":[[[[77.85971710198578,8.612067470999619,0.0],[77.8595256349858,8.612469029999636,0.0],[77.86058159898576,8.613231318999595,0.0],[77.860587288985784,8.613238376999647,0.0],[77.861026103985751,8.613722615999652,0.0],[77.861866169985689,8.614246477999615,0.0],[77.862202937985685,8.61427172399962,0.0],[77.862842280985646,8.61428092499963,0.0],[77.864277798985597,8.613704866999596,0.0],[77.86441726798563,8.613401482999643,0.0],[77.864404447985635,8.613329569999648,0.0],[77.864300534985603,8.613237164999614,0.0],[77.86332524498566,8.613096353999623,0.0],[77.862641289985675,8.613006400999637,0.0],[77.861989997985717,8.612904396999598,0.0],[77.861035683985733,8.612783892999602,0.0],[77.860689431985762,8.612673066999635,0.0],[77.85971710198578,8.612067470999619,0.0]]]]}},
{"type":"Feature","properties":{"Tank_name":"Seydunganallur small tank","id":1054},"geometry":{"type":"MultiPolygon","coordinates":[[[[77.81869281098723,8.671116521999654,0.0],[77.819104139987203,8.671872365999679,0.0],[77.820067624987161,8.671821081999683,0.0],[77.820737128987176,8.671107501999659,0.0],[77.820679913987149,8.670172027999644,0.0],[77.820581911987205,8.669725638999655,0.0],[77.820389074987148,8.669113018999685,0.0],[77.820010365987201,8.66848856099968,0.0],[77.819751113987181,8.667966352999676,0.0],[77.81950107198719,8.667334536999666,0.0],[77.818837947987234,8.666390133999659,0.0],[77.818665654987257,8.666293504999677,0.0],[77.818548328987248,8.666445557999642,0.0],[77.818391559987248,8.666929234999676,0.0],[77.818057221987246,8.667430003999659,0.0],[77.81805707998727,8.66744594999968,0.0],[77.818232517987241,8.667991238999681,0.0],[77.818232536987267,8.667999791999666,0.0],[77.81878771898721,8.668747114999652,0.0],[77.818750107987242,8.669295715999644,0.0],[77.818599294987251,8.670196484999698,0.0],[77.81869281098723,8.671116521999654,0.0]]]]}},
{"type":"Feature","properties":{"Tank_name":"Mannarkulam","id":1055},"geometry":{"type":"MultiPolygon","coordinates":[[[[77.813565957987493,8.728389934999676,0.0],[77.814694376987447,8.730150360999653,0.0],[77.815028403987398,8.729678965999673,0.0],[77.81481817598744,8.728666246999657,0.0],[77.814659702987456,8.727835283999658,0.0],[77.814397211987455,8.727063730999665,0.0],[77.814237447987466,8.725856526999701,0.0],[77.813818475987446,8.72441103199966,0.0],[77.813398381987469,8.724022012999649,0.0],[77.813336907987463,8.722944180999685,0.0],[77.813274172987477,8.721687901999664,0.0],[77.813590520987432,8.720024477999649,0.0],[77.813576632987477,8.719324568999662,0.0],[77.813535008987472,8.719012127999656,0.0],[77.813208395987459,8.719011850999689,0.0],[77.812872137987469,8.719532486999665,0.0],[77.812421323987508,8.720126719999678,0.0],[77.811961114987469,8.720885445999695,0.0],[77.81156427898749,8.721204015999682,0.0],[77.810830575987538,8.721982511999695,0.0],[77.810787833987533,8.722027063999658,0.0],[77.810759263987549,8.722056843999693,0.0],[77.810266183987565,8.722542026999658,0.0],[77.810247268987567,8.722619383999669,0.0],[77.810211233987573,8.722744021999658,0.0],[77.810160928987571,8.722869735999691,0.0],[77.809853739987574,8.723781341999683,0.0],[77.809849869987573,8.72383180199969,0.0],[77.809844688987567,8.723899345999683,0.0],[77.810137100987575,8.724734381999696,0.0],[77.810207985987589,8.724788130999654,0.0],[77.810278028987582,8.724860077999692,0.0],[77.810319571987591,8.724914251999705,0.0],[77.811022068987526,8.725317503999658,0.0],[77.811112843987516,8.725317533999682,0.0],[77.811203616987513,8.725317564999697,0.0],[77.812110810987534,8.725674385999662,0.0],[77.812187319987515,8.725693396999667,0.0],[77.812217971987494,8.725712416999693,0.0],[77.812753736987474,8.726531961999648,0.0],[77.812754841987498,8.726592102999657,0.0],[77.812755580987471,8.726632319999649,0.0],[77.812849316987467,8.72735245799967,0.0],[77.813565957987493,8.728389934999676,0.0]]]]}},
{"type":"Feature","properties":{"Tank_name":"Vagaikulam","id":1056},"geometry":{"type":"MultiPolygon","coordinates":[[[[77.815050638987401,8.72874068699965,0.0],[77.8152202759874,8.729303061999666,0.0],[77.81619605598739,8.729680964999678,0.0],[77.816535857987375,8.730351880999669,0.0],[77.816552797987356,8.731000486999697,0.0],[77.817244970987332,8.731249203999671,0.0],[77.817987246987343,8.731110623999673,0.0],[77.818562495987337,8.731152223999644,0.0],[77.818742440987279,8.73105582799964,0.0],[77.818606410987329,8.730546907999683,0.0],[77.818597227987297,8.730481735999678,0.0],[77.818595397987323,8.730468750999666,0.0],[77.818332403987299,8.72966985999968,0.0],[77.817688555987345,8.728709354999651,0.0],[77.817511417987319,8.728367157999646,0.0],[77.817257148987352,8.728138818999659,0.0],[77.817147129987376,8.727926039999677,0.0],[77.816945550987356,8.727796656999679,0.0],[77.816544555987363,8.727419308999647,0.0],[77.816099603987354,8.727093616999655,0.0],[77.815731183987396,8.726885899999694,0.0],[77.815277353987383,8.726682954999681,0.0],[77.814838748987412,8.726561592999666,0.0],[77.814655070987428,8.7265101019997,0.0],[77.814493150987445,8.726527059999645,0.0],[77.814675522987429,8.727212095999695,0.0],[77.814701011987424,8.727736187999678,0.0],[77.815050638987401,8.72874068699965,0.0]]]]}},
{"type":"Feature","properties":{"Tank_name":"Poonpathukulam","id":1057},"geometry":{"type":"MultiPolygon","coordinates":[[[[77.818969580987272,8.731356096999678,0.0],[77.815744262987394,8.737196392999659,0.0],[77.815595614987416,8.739324767999696,0.0],[77.815709588987403,8.740483601999662,0.0],[77.81541980398741,8.742369597999661,0.0],[77.81507393098741,8.746027077999679,0.0],[77.81424025698746,8.747301397999671,0.0],[77.813375982987509,8.74925885999968,0.0],[77.813617654987468,8.749994518999667,0.0],[77.813720347987484,8.750953019999677,0.0],[77.813402312987478,8.752462384999681,0.0],[77.814608880987478,8.751623370999674,0.0],[77.816070139987417,8.748017368999644,0.0],[77.81632656998741,8.746775508999651,0.0],[77.816568252987395,8.745228765999645,0.0],[77.816466384987393,8.743383994999668,0.0],[77.81676148298736,8.742790632999645,0.0],[77.817472615987327,8.740235534999689,0.0],[77.817496475987326,8.74020762299968,0.0],[77.817875648987311,8.738824301999689,0.0],[77.818867814987271,8.736682602999693,0.0],[77.819314926987289,8.736562714999666,0.0],[77.820555666987246,8.735487078999666,0.0],[77.821258089987239,8.734569759999669,0.0],[77.821401000987237,8.733815557999678,0.0],[77.821204773987233,8.732302667999663,0.0],[77.820830967987234,8.73122600399968,0.0],[77.820080909987254,8.731300474999687,0.0],[77.818969580987272,8.731356096999678,0.0]]]]}},
{"type":"Feature","properties":{"Tank_name":"Uthamapandiankulam","id":1058},"geometry":{"type":"MultiPolygon","coordinates":[[[[77.801413366987845,8.716812476999715,0.0],[77.801541212987829,8.716899400999672,0.0],[77.802676129987788,8.717312920999667,0.0],[77.803829108987742,8.717170208999708,0.0],[77.804066829987761,8.717120431999692,0.0],[77.80392780698773,8.716592385999691,0.0],[77.803689177987778,8.715955357999666,0.0],[77.803527971987734,8.715220988999681,0.0],[77.803488059987757,8.714787315999708,0.0],[77.803571583987761,8.714134559999685,0.0],[77.803471268987764,8.713364006999688,0.0],[77.803490898987761,8.712732683999695,0.0],[77.803357083987791,8.712397304999659,0.0],[77.803202288987777,8.712064230999692,0.0],[77.80291581598776,8.712088966999691,0.0],[77.802622062987794,8.712449568999693,0.0],[77.802650488987751,8.71285501899971,0.0],[77.802656755987755,8.712877684999663,0.0],[77.802657276987759,8.712894732999677,0.0],[77.802679403987781,8.71342785499966,0.0],[77.802121028987784,8.713979475999714,0.0],[77.802114901987835,8.713986155999672,0.0],[77.801260683987834,8.714328204999712,0.0],[77.801235343987841,8.714335213999711,0.0],[77.801203762987825,8.71434222599968,0.0],[77.801159174987845,8.714356279999699,0.0],[77.800848052987831,8.714419819999685,0.0],[77.801353601987842,8.71473953099966,0.0],[77.801359988987826,8.714739533999682,0.0],[77.8015589479878,8.71513577299968,0.0],[77.801558587987799,8.715143598999681,0.0],[77.801548503987803,8.715915015999693,0.0],[77.801420807987824,8.71641007899971,0.0],[77.801413366987845,8.716812476999715,0.0]]]]}},
{"type":"Feature","properties":{"Tank_name":"Melasirukulam","id":1059},"geometry":{"type":"MultiPolygon","coordinates":[[[[77.799462888987875,8.722672360999677,0.0],[77.799251581987903,8.723188803999713,0.0],[77.799259018987883,8.723188805999694,0.0],[77.800041800987898,8.722597982999712,0.0],[77.801204563987824,8.722014493999703,0.0],[77.802668067987796,8.721405271999661,0.0],[77.803615248987796,8.721182289999694,0.0],[77.804525311987746,8.720985507999705,0.0],[77.805261138987703,8.720708681999698,0.0],[77.8049257999877,8.719558541999708,0.0],[77.804701740987696,8.719120638999675,0.0],[77.804386331987715,8.718785141999694,0.0],[77.804040125987768,8.719122022999704,0.0],[77.803025526987767,8.719422793999662,0.0],[77.802063719987785,8.719796239999686,0.0],[77.802050669987835,8.719796231999659,0.0],[77.801452002987844,8.719849826999713,0.0],[77.800794486987868,8.720280562999712,0.0],[77.800591463987828,8.720683033999686,0.0],[77.800587357987823,8.720713087999664,0.0],[77.800588096987866,8.720758375999688,0.0],[77.800221039987875,8.721394546999683,0.0],[77.799939052987881,8.721752302999715,0.0],[77.799786341987883,8.721829031999714,0.0],[77.799462888987875,8.722672360999677,0.0]]]]}},
{"type":"Feature","properties":{"Tank_name":"Ariyakulam","id":1060},"geometry":{"type":"MultiPolygon","coordinates":[[[[77.79923139398791,8.7289396899997,0.0],[77.799866982987908,8.729455567999688,0.0],[77.80075480698784,8.730288263999661,0.0],[77.800514555987874,8.728950697999702,0.0],[77.800291796987878,8.728119934999693,0.0],[77.799933120987859,8.727022423999678,0.0],[77.799571704987898,8.72577020799967,0.0],[77.799326503987913,8.724666028999687,0.0],[77.799072816987945,8.724251999999673,0.0],[77.798625325987899,8.723149473999666,0.0],[77.798390399987937,8.722527850999692,0.0],[77.798213719987913,8.722225319999705,0.0],[77.797688948987968,8.722167997999675,0.0],[77.796974864987959,8.722324767999666,0.0],[77.796493397987987,8.722454210999713,0.0],[77.796059519988034,8.722819648999675,0.0],[77.795848341988005,8.723314550999689,0.0],[77.795728609988032,8.724381174999724,0.0],[77.795565676988019,8.725056592999675,0.0],[77.795555593988013,8.725515550999702,0.0],[77.79590896498803,8.726270978999692,0.0],[77.796145426987991,8.726669573999668,0.0],[77.796191274988004,8.726687901999682,0.0],[77.796283104987978,8.726724608999671,0.0],[77.796869418987981,8.726946345999675,0.0],[77.797537202987954,8.727321592999697,0.0],[77.797614740987967,8.72739751099969,0.0],[77.797737588987957,8.727588596999661,0.0],[77.797878698987972,8.727742833999665,0.0],[77.797989703987923,8.727839855999699,0.0],[77.798036020987922,8.727956904999685,0.0],[77.798211101987917,8.728193121999691,0.0],[77.798275381987921,8.72827249299972,0.0],[77.79923139398791,8.7289396899997,0.0]]]]}},
{"type":"Feature","properties":{"Tank_name":"Alwanerikulam","id":1061},"geometry":{"type":"MultiPolygon","coordinates":[[[[77.812478847987521,8.745341486999701,0.0],[77.812453117987516,8.745794068999679,0.0],[77.812917894987507,8.745800543999701,0.0],[77.812918253987519,8.745804191999662,0.0],[77.812981330987498,8.745711496999686,0.0],[77.812968857987471,8.745483923999666,0.0],[77.812894986987487,8.745041670999647,0.0],[77.812846676987476,8.74463486299967,0.0],[77.812776545987504,8.744107946999657,0.0],[77.812736193987519,8.743592853999667,0.0],[77.812774843987498,8.743164670999672,0.0],[77.812762523987487,8.742692885999666,0.0],[77.812656905987481,8.742278469999658,0.0],[77.812573010987492,8.741827376999677,0.0],[77.812535976987505,8.741342961999658,0.0],[77.812229044987504,8.740465036999659,0.0],[77.812042871987529,8.739703130999681,0.0],[77.811713465987538,8.73939510799968,0.0],[77.811601933987546,8.739399068999683,0.0],[77.811610605987539,8.739618772999702,0.0],[77.81161060998754,8.739621759999661,0.0],[77.81166191398755,8.739886314999659,0.0],[77.811662080987546,8.739905713999658,0.0],[77.811662163987521,8.739915452999663,0.0],[77.811690096987533,8.739984771999694,0.0],[77.811772841987505,8.740435832999676,0.0],[77.811789799987508,8.740862575999667,0.0],[77.811796292987523,8.740866338999663,0.0],[77.811880323987538,8.741245770999649,0.0],[77.811973316987547,8.741600075999681,0.0],[77.812057928987514,8.741853488999675,0.0],[77.812164752987513,8.742149522999647,0.0],[77.81222304298754,8.742397572999689,0.0],[77.812144781987541,8.742832436999686,0.0],[77.812174602987554,8.74327304299967,0.0],[77.812372589987504,8.743569549999702,0.0],[77.812498819987496,8.743865681999663,0.0],[77.812463634987495,8.744776845999661,0.0],[77.812478847987521,8.745341486999701,0.0]]]]}},
{"type":"Feature","properties":{"Tank_name":"Veppankulam","id":1062},"geometry":{"type":"MultiPolygon","coordinates":[[[[77.801084467987863,8.751454391999664,0.0],[77.801205986987867,8.751452337999673,0.0],[77.801287857987887,8.751002905999691,0.0],[77.80138990798784,8.750636530999689,0.0],[77.801667962987864,8.750210736999671,0.0],[77.801780417987885,8.749958967999678,0.0],[77.801866599987832,8.749759907999682,0.0],[77.801947914987863,8.749635982999713,0.0],[77.802119384987861,8.749276668999675,0.0],[77.802218500987863,8.749062057999685,0.0],[77.80234641398782,8.748840765999693,0.0],[77.802558278987817,8.748662098999693,0.0],[77.802818483987821,8.748407502999703,0.0],[77.802965008987798,8.748139315999683,0.0],[77.803101039987808,8.747600802999704,0.0],[77.803095717987816,8.74730351499969,0.0],[77.803003406987813,8.747202326999659,0.0],[77.802899543987834,8.747229971999705,0.0],[77.802851438987815,8.747494450999659,0.0],[77.802569063987818,8.747943565999696,0.0],[77.802382515987858,8.748020760999657,0.0],[77.802042346987847,8.747965321999663,0.0],[77.801828913987848,8.747945525999661,0.0],[77.801577277987874,8.747673613999702,0.0],[77.801479503987849,8.747644599999697,0.0],[77.80094315698787,8.747809053999712,0.0],[77.800567379987896,8.747714890999681,0.0],[77.800457134987894,8.747645744999694,0.0],[77.800226418987918,8.747722010999704,0.0],[77.799843513987895,8.747822063999685,0.0],[77.799869733987933,8.747921882999698,0.0],[77.799897058987895,8.747972761999714,0.0],[77.800136910987874,8.747950871999686,0.0],[77.800306419987919,8.747970142999669,0.0],[77.800420011987924,8.748026937999704,0.0],[77.80042157798789,8.748048346999704,0.0],[77.800451573987914,8.748562743999665,0.0],[77.800436502987907,8.749128526999678,0.0],[77.800463808987899,8.749751001999678,0.0],[77.800569421987916,8.750291124999682,0.0],[77.800697323987876,8.75081937099967,0.0],[77.801051796987892,8.751072835999684,0.0],[77.801084467987863,8.751454391999664,0.0]]]]}},
{"type":"Feature","properties":{"Tank_name":"Arampannaiyarkulam","id":1063},"geometry":{"type":"MultiPolygon","coordinates":[[[[77.801511626987903,8.756696511999714,0.0],[77.801757117987876,8.757174250999675,0.0],[77.802082471987845,8.7573955129997,0.0],[77.802519405987837,8.757342332999688,0.0],[77.802738591987861,8.757265820999667,0.0],[77.802763179987835,8.756803591999676,0.0],[77.802644546987835,8.756489757999679,0.0],[77.802609155987852,8.756277189999683,0.0],[77.802515446987854,8.756019237999658,0.0],[77.80239941598785,8.755797683999706,0.0],[77.80234507098784,8.755426112999693,0.0],[77.802335165987827,8.755056163999686,0.0],[77.802407619987832,8.754637918999697,0.0],[77.802556600987828,8.754109023999694,0.0],[77.802685948987858,8.753479197999672,0.0],[77.802830904987829,8.752772965999702,0.0],[77.802745201987804,8.752316157999678,0.0],[77.802568246987846,8.752288914999699,0.0],[77.802308853987839,8.752292175999663,0.0],[77.80195893298783,8.75223806799969,0.0],[77.80174064898786,8.752176099999678,0.0],[77.801897685987882,8.752310912999665,0.0],[77.802081977987839,8.752403029999673,0.0],[77.802235896987852,8.75262000899969,0.0],[77.802336303987843,8.752795444999697,0.0],[77.802339063987873,8.75307995499967,0.0],[77.802338354987867,8.753092531999673,0.0],[77.802272120987823,8.75341307599971,0.0],[77.802268938987837,8.753805513999657,0.0],[77.802161279987857,8.754293065999695,0.0],[77.802056536987834,8.754625060999707,0.0],[77.801866546987839,8.755050760999698,0.0],[77.801838249987853,8.755412717999695,0.0],[77.80156102598788,8.755901444999701,0.0],[77.80142762098788,8.756262373999709,0.0],[77.801511626987903,8.756696511999714,0.0]]]]}},
{"type":"Feature","properties":{"Tank_name":"Kottarampottai kulam","id":1064},"geometry":{"type":"MultiPolygon","coordinates":[[[[77.780452750988488,8.768334022999683,0.0],[77.780491683988529,8.768279798999686,0.0],[77.781444295988493,8.767800463999716,0.0],[77.781930989988453,8.767446930999707,0.0],[77.782324339988463,8.767064587999695,0.0],[77.782967268988415,8.766548840999684,0.0],[77.783854273988425,8.765867968999709,0.0],[77.784452156988365,8.765327646999705,0.0],[77.785116508988352,8.76460659699972,0.0],[77.785948558988352,8.764003025999722,0.0],[77.7867417709883,8.763609248999721,0.0],[77.787674321988277,8.763371324999691,0.0],[77.788185066988248,8.763215887999698,0.0],[77.788742982988282,8.763415742999701,0.0],[77.789372719988251,8.763603707999708,0.0],[77.789802265988214,8.763731619999694,0.0],[77.79056996498818,8.763804095999705,0.0],[77.791091825988204,8.763867404999688,0.0],[77.791752468988193,8.7642428249997,0.0],[77.79236855098813,8.764749411999718,0.0],[77.792902940988171,8.764726979999683,0.0],[77.793363839988103,8.764591527999684,0.0],[77.793794949988126,8.764377263999718,0.0],[77.793476156988106,8.764241136999702,0.0],[77.793211962988096,8.764084854999666,0.0],[77.792396333988137,8.763881187999674,0.0],[77.791403440988191,8.763382245999694,0.0],[77.791303044988197,8.763235589999669,0.0],[77.7909818539882,8.763099954999678,0.0],[77.790679165988223,8.7627838939997,0.0],[77.7906289919882,8.761948967999716,0.0],[77.790221953988222,8.761966276999706,0.0],[77.789782587988199,8.761610058999725,0.0],[77.788824293988256,8.761336764999715,0.0],[77.788485513988263,8.761380844999726,0.0],[77.787888792988269,8.761356108999724,0.0],[77.787394660988312,8.761279487999722,0.0],[77.786442547988344,8.761276102999709,0.0],[77.785874283988335,8.761337589999695,0.0],[77.78562598798834,8.761869710999683,0.0],[77.785619551988376,8.761916150999692,0.0],[77.78545403198838,8.762151096999723,0.0],[77.785300411988388,8.762319774999693,0.0],[77.78494940298836,8.762865553999683,0.0],[77.78463844498836,8.763411683999717,0.0],[77.781207735988488,8.767309094999687,0.0],[77.781064068988513,8.767307185999694,0.0],[77.780879504988476,8.767347829999723,0.0],[77.78075111498849,8.767367703999696,0.0],[77.780619983988501,8.767409184999735,0.0],[77.780578704988486,8.767451939999718,0.0],[77.780513964988529,8.767537937999693,0.0],[77.780448975988506,8.767624265999698,0.0],[77.780399121988523,8.767733062999694,0.0],[77.780388137988496,8.767820861999724,0.0],[77.780358905988521,8.767908758999678,0.0],[77.780347800988523,8.767997236999689,0.0],[77.780331062988523,8.768130595999708,0.0],[77.780317039988518,8.768242320999716,0.0],[77.78038483098851,8.768288127999707,0.0],[77.780452750988488,8.768334022999683,0.0]]]]}},
{"type":"Feature","properties":{"Tank_name":"Devanarkulam","id":1084},"geometry":{"type":"MultiPolygon","coordinates":[[[[77.819655575987085,8.570863761999668,0.0],[77.819649557987063,8.571760721999645,0.0],[77.820901621987048,8.571978079999687,0.0],[77.821804243987046,8.571723395999658,0.0],[77.822660010986979,8.571679728999658,0.0],[77.823271066986976,8.57143148499968,0.0],[77.824094920986923,8.57113299899966,0.0],[77.824739931986912,8.570890536999643,0.0],[77.825587277986884,8.570475478999654,0.0],[77.826561712986859,8.569967325999656,0.0],[77.827611707986833,8.569353055999681,0.0],[77.827906746986798,8.568932298999652,0.0],[77.828257808986777,8.568016389999638,0.0],[77.828614624986784,8.567040860999681,0.0],[77.828283905986822,8.566876560999685,0.0],[77.827170192986813,8.567525406999676,0.0],[77.826373579986864,8.56759048899967,0.0],[77.825288097986885,8.568014062999637,0.0],[77.823610730986928,8.568326038999675,0.0],[77.822779697986945,8.568501566999675,0.0],[77.822551270987006,8.568904530999664,0.0],[77.822159752987005,8.569983083999675,0.0],[77.821418409987018,8.569789134999686,0.0],[77.820625454987081,8.569944065999682,0.0],[77.819990330987054,8.570240179999663,0.0],[77.819655575987085,8.570863761999668,0.0]]]]}},
{"type":"Feature","properties":{"Tank_name":"Udayaneri kulam","id":1085},"geometry":{"type":"MultiPolygon","coordinates":[[[[77.820353969987053,8.575308978999677,0.0],[77.820433217987073,8.575547238999681,0.0],[77.820875004987059,8.575791501999698,0.0],[77.821544617987044,8.57612858599966,0.0],[77.821991948987019,8.576354035999676,0.0],[77.822226467986994,8.576573383999648,0.0],[77.822696259986984,8.576765893999681,0.0],[77.823005779987,8.57686841899967,0.0],[77.823250815986952,8.576916328999644,0.0],[77.824106119986951,8.57716175999964,0.0],[77.824873910986909,8.577335776999647,0.0],[77.826018955986882,8.57747586999967,0.0],[77.82699035798683,8.577528184999677,0.0],[77.827955387986833,8.577313288999688,0.0],[77.828276863986787,8.576891476999673,0.0],[77.828728596986792,8.576477444999636,0.0],[77.829014643986767,8.576119727999652,0.0],[77.829267461986802,8.575824692999685,0.0],[77.829874322986768,8.575751222999665,0.0],[77.830658450986704,8.575544747999638,0.0],[77.831472930986706,8.575118506999683,0.0],[77.832087904986665,8.57476112199965,0.0],[77.832599072986653,8.574233117999659,0.0],[77.833222533986657,8.573812902999641,0.0],[77.834364376986585,8.57333383899965,0.0],[77.834934729986571,8.572937381999628,0.0],[77.835318158986567,8.572812987999674,0.0],[77.835444445986553,8.572574162999675,0.0],[77.835466041986564,8.572127869999639,0.0],[77.835373483986572,8.571873616999655,0.0],[77.835313541986565,8.571667668999627,0.0],[77.835269239986573,8.571475647999653,0.0],[77.835229055986574,8.571303275999641,0.0],[77.83513837598656,8.571287064999641,0.0],[77.835024680986564,8.571329401999666,0.0],[77.83485105998659,8.571699547999632,0.0],[77.834729473986613,8.571992199999675,0.0],[77.834513690986583,8.571992261999645,0.0],[77.834396009986577,8.572005313999629,0.0],[77.834394370986573,8.572169913999636,0.0],[77.834281790986623,8.572163092999634,0.0],[77.834241905986588,8.572067048999664,0.0],[77.834231495986586,8.571988718999654,0.0],[77.833745968986619,8.572082123999683,0.0],[77.833590042986643,8.572101145999632,0.0],[77.832960470986635,8.572133636999645,0.0],[77.832446559986664,8.572257059999634,0.0],[77.831986705986708,8.572394019999658,0.0],[77.831437850986674,8.572426345999654,0.0],[77.830777228986705,8.572713280999675,0.0],[77.830262984986732,8.572674983999669,0.0],[77.830006278986716,8.572786467999673,0.0],[77.82969116798678,8.572976835999677,0.0],[77.82944486998673,8.573095504999641,0.0],[77.829116533986763,8.573442915999646,0.0],[77.828557506986826,8.573560706999682,0.0],[77.828102042986814,8.57383022099965,0.0],[77.827873648986838,8.57412857199968,0.0],[77.827596988986855,8.574214975999679,0.0],[77.827382749986867,8.574649974999671,0.0],[77.82651213098687,8.575114091999652,0.0],[77.826228131986866,8.575193043999676,0.0],[77.825619715986903,8.575454467999649,0.0],[77.825143759986929,8.575755906999646,0.0],[77.824492300986947,8.575831398999654,0.0],[77.823975816986973,8.575815683999698,0.0],[77.823570737986969,8.575808952999655,0.0],[77.823427374986963,8.575710615999654,0.0],[77.823224937986993,8.575581002999643,0.0],[77.82285991398696,8.575388109999681,0.0],[77.822400144987029,8.575208967999645,0.0],[77.822094091986983,8.574924394999661,0.0],[77.821852956987001,8.575151393999667,0.0],[77.821508960987046,8.57517557699966,0.0],[77.820468542987072,8.575117740999666,0.0],[77.820353969987053,8.575308978999677,0.0]]]]}},
{"type":"Feature","properties":{"Tank_name":"Devanamperikulam","id":1086},"geometry":{"type":"MultiPolygon","coordinates":[[[[77.840520430986402,8.574342499999657,0.0],[77.840715615986412,8.574747852999675,0.0],[77.841034821986369,8.574905873999624,0.0],[77.841415082986387,8.575190891999625,0.0],[77.84185612598634,8.575289593999621,0.0],[77.842382358986328,8.575157306999639,0.0],[77.842736775986296,8.575094569999633,0.0],[77.843146515986305,8.574890031999637,0.0],[77.843317241986313,8.574789062999622,0.0],[77.843364297986298,8.574591890999663,0.0],[77.843244004986275,8.574375111999636,0.0],[77.842992207986327,8.574233242999636,0.0],[77.842663402986332,8.574030777999662,0.0],[77.84225713498634,8.573810766999653,0.0],[77.842092386986323,8.57364340399965,0.0],[77.84207799098634,8.573635258999669,0.0],[77.842071240986328,8.573629118999632,0.0],[77.841822846986361,8.573417764999643,0.0],[77.841818293986364,8.573403876999631,0.0],[77.841810994986361,8.573385090999636,0.0],[77.841803721986366,8.573366372999654,0.0],[77.841643819986359,8.573204418999635,0.0],[77.841636952986335,8.573186298999643,0.0],[77.841633267986367,8.573185334999662,0.0],[77.841464723986363,8.573032549999652,0.0],[77.840279570986411,8.572227726999641,0.0],[77.840167435986402,8.572075524999661,0.0],[77.840567829986384,8.571990896999633,0.0],[77.841188410986391,8.571917607999634,0.0],[77.841763216986351,8.571828338999634,0.0],[77.842325834986326,8.571740681999639,0.0],[77.842482846986314,8.571449341999648,0.0],[77.84243545798634,8.571407507999648,0.0],[77.842431963986343,8.57140659299966,0.0],[77.842353721986314,8.571393449999672,0.0],[77.84233904298631,8.571393280999638,0.0],[77.842110483986332,8.571471618999619,0.0],[77.842102570986341,8.571473342999635,0.0],[77.841708951986334,8.57152094299965,0.0],[77.841368785986333,8.571357887999623,0.0],[77.84128120798637,8.571142174999634,0.0],[77.841286906986355,8.57112521499965,0.0],[77.84123227398635,8.570851317999654,0.0],[77.841380382986372,8.570275715999626,0.0],[77.840818697986393,8.570206134999633,0.0],[77.840333681986394,8.570246694999637,0.0],[77.840152013986426,8.57021300999963,0.0],[77.839941247986417,8.570222971999668,0.0],[77.839686203986403,8.570179722999626,0.0],[77.839418653986428,8.569891526999641,0.0],[77.839223606986437,8.570006564999629,0.0],[77.839367188986401,8.570414846999654,0.0],[77.839504335986433,8.570719000999643,0.0],[77.839510919986452,8.570726340999666,0.0],[77.839582713986445,8.570983962999662,0.0],[77.839657417986416,8.571317990999658,0.0],[77.839628345986412,8.571680251999624,0.0],[77.839672398986423,8.571916775999624,0.0],[77.839793152986431,8.572171522999664,0.0],[77.839951224986407,8.572527920999674,0.0],[77.840067139986374,8.572839806999635,0.0],[77.84005146198642,8.573212337999678,0.0],[77.840163761986375,8.573642494999659,0.0],[77.840387959986387,8.574125921999663,0.0],[77.840520430986402,8.574342499999657,0.0]]]]}},
{"type":"Feature","properties":{"Tank_name":"Kadambankulam","id":1087},"geometry":{"type":"MultiPolygon","coordinates":[[[[77.841531221986358,8.561561558999641,0.0],[77.84162364598636,8.561809424999636,0.0],[77.842710148986342,8.561375069999649,0.0],[77.844075630986254,8.560863735999643,0.0],[77.844846301986237,8.560578662999657,0.0],[77.845386463986216,8.560473787999619,0.0],[77.845874329986202,8.560415393999667,0.0],[77.846592560986196,8.559996772999618,0.0],[77.846990608986147,8.559488643999646,0.0],[77.847332946986128,8.559187271999622,0.0],[77.847491103986172,8.558928259999664,0.0],[77.847498968986159,8.558500060999666,0.0],[77.84746878398613,8.558014583999627,0.0],[77.847846911986153,8.557969324999638,0.0],[77.848272109986098,8.55786909399966,0.0],[77.848697357986083,8.557579711999656,0.0],[77.848675115986083,8.557531981999647,0.0],[77.848671290986118,8.557519046999621,0.0],[77.848613246986105,8.557111322999665,0.0],[77.848533728986098,8.556520858999635,0.0],[77.848452518986079,8.555786400999628,0.0],[77.848270623986124,8.555590750999661,0.0],[77.848113281986102,8.555741501999636,0.0],[77.848108893986122,8.555759172999659,0.0],[77.848131321986088,8.556170813999634,0.0],[77.848140664986133,8.556186476999633,0.0],[77.848136188986118,8.556205181999635,0.0],[77.848191977986104,8.556530696999621,0.0],[77.848181452986111,8.556576310999665,0.0],[77.848175410986116,8.556602494999641,0.0],[77.848172381986089,8.556615620999638,0.0],[77.848210600986121,8.556923300999633,0.0],[77.848209073986126,8.556930119999654,0.0],[77.847909340986121,8.557153178999663,0.0],[77.847897716986154,8.557172611999638,0.0],[77.847365414986143,8.557591025999661,0.0],[77.846592081986145,8.558290671999648,0.0],[77.846226098986151,8.558640652999649,0.0],[77.846150237986194,8.558646747999651,0.0],[77.846050752986173,8.558664103999652,0.0],[77.845971140986194,8.558660710999668,0.0],[77.845907582986172,8.558652825999665,0.0],[77.845830502986189,8.558641422999633,0.0],[77.845816346986183,8.558637730999628,0.0],[77.845752995986203,8.558673649999655,0.0],[77.845419493986213,8.558790469999671,0.0],[77.844674729986252,8.55939207199963,0.0],[77.844266280986247,8.559467647999663,0.0],[77.843487279986249,8.559830372999665,0.0],[77.842752058986321,8.560476870999645,0.0],[77.841941342986303,8.561290709999637,0.0],[77.841531221986358,8.561561558999641,0.0]]]]}},
{"type":"Feature","properties":{"Tank_name":"Santhirankuttikulam","id":1088},"geometry":{"type":"MultiPolygon","coordinates":[[[[77.860002725985709,8.561170541999648,0.0],[77.860526133985687,8.56082867999962,0.0],[77.861755935985656,8.56121335399965,0.0],[77.862281194985613,8.561479659999609,0.0],[77.863217205985592,8.561339952999644,0.0],[77.864217310985566,8.561209966999598,0.0],[77.864908765985518,8.560829986999607,0.0],[77.866137786985504,8.560474798999648,0.0],[77.86666056098548,8.560416121999619,0.0],[77.867719423985392,8.560296474999598,0.0],[77.868011998985395,8.560255476999625,0.0],[77.86793860898544,8.559756944999631,0.0],[77.867864356985393,8.559572623999623,0.0],[77.867182494985457,8.559792203999647,0.0],[77.867159951985471,8.559786319999628,0.0],[77.866491320985489,8.559800444999638,0.0],[77.86627289298545,8.559644545999641,0.0],[77.865984579985465,8.559455194999625,0.0],[77.865592912985505,8.559073552999646,0.0],[77.865551870985485,8.559047119999633,0.0],[77.865544479985488,8.559045189999635,0.0],[77.865047875985539,8.558798482999604,0.0],[77.864283330985572,8.558731685999618,0.0],[77.864253730985567,8.558723958999648,0.0],[77.863681653985566,8.558749325999628,0.0],[77.863671699985559,8.558754746999597,0.0],[77.863251637985599,8.558717576999614,0.0],[77.863244135985596,8.55871561899963,0.0],[77.861671270985624,8.558592341999629,0.0],[77.861354750985683,8.558848850999626,0.0],[77.860580386985703,8.558909106999607,0.0],[77.860182138985707,8.559323245999655,0.0],[77.859729783985742,8.559810126999629,0.0],[77.859449202985729,8.560047940999628,0.0],[77.859056256985767,8.560704347999637,0.0],[77.858018781985763,8.561030433999612,0.0],[77.856845083985817,8.561182647999637,0.0],[77.856488356985821,8.561112264999659,0.0],[77.8566054479858,8.561350388999625,0.0],[77.856899931985794,8.561721846999639,0.0],[77.857122209985803,8.561863634999648,0.0],[77.857323350985794,8.561964233999653,0.0],[77.857980788985799,8.561991433999628,0.0],[77.858630019985782,8.562018297999636,0.0],[77.858967317985744,8.561930808999625,0.0],[77.859476701985713,8.561777151999626,0.0],[77.859721140985741,8.561408214999608,0.0],[77.860002725985709,8.561170541999648,0.0]]]]}},
{"type":"Feature","properties":{"Tank_name":"Achampadukulam","id":1089},"geometry":{"type":"MultiPolygon","coordinates":[[[[77.856697499985827,8.573666401999654,0.0],[77.856658634985806,8.573917429999634,0.0],[77.857300288985854,8.573849978999627,0.0],[77.857537481985815,8.573720469999651,0.0],[77.857645627985804,8.573538935999615,0.0],[77.857745610985788,8.573348251999652,0.0],[77.857851069985784,8.573110679999649,0.0],[77.858020100985811,8.572809206999613,0.0],[77.858235343985768,8.572349332999613,0.0],[77.858389137985782,8.572127758999651,0.0],[77.858676858985788,8.571828791999655,0.0],[77.859023385985751,8.57150148199961,0.0],[77.859267689985771,8.571209220999636,0.0],[77.859494277985732,8.570854085999631,0.0],[77.859620497985759,8.570461352999621,0.0],[77.859759586985703,8.570067011999617,0.0],[77.859962804985727,8.569662313999606,0.0],[77.860383678985698,8.569085639999603,0.0],[77.860438963985743,8.568544074999613,0.0],[77.860491817985718,8.568062942999605,0.0],[77.860373447985722,8.567746094999652,0.0],[77.860188856985729,8.567291041999599,0.0],[77.859891003985737,8.566735201999654,0.0],[77.859626323985708,8.56662952499963,0.0],[77.85926171798576,8.566537643999631,0.0],[77.85923419198572,8.566655018999629,0.0],[77.859421538985714,8.567091865999632,0.0],[77.859438549985725,8.567405544999621,0.0],[77.859172354985745,8.567557081999643,0.0],[77.85875600998574,8.567627550999621,0.0],[77.858541027985765,8.567744340999615,0.0],[77.85822917498578,8.567911598999649,0.0],[77.857932275985775,8.568423212999654,0.0],[77.85764801298582,8.568573002999621,0.0],[77.857292387985822,8.56892236699961,0.0],[77.857058030985826,8.569210753999622,0.0],[77.85672336798585,8.569521744999612,0.0],[77.856573632985814,8.569989113999645,0.0],[77.856552009985805,8.570414927999632,0.0],[77.856542732985858,8.570761373999611,0.0],[77.856573649985805,8.57125135099964,0.0],[77.856556613985859,8.571752066999615,0.0],[77.856593439985815,8.572318283999644,0.0],[77.856646155985857,8.572896061999623,0.0],[77.856715808985811,8.573472530999634,0.0],[77.856697499985827,8.573666401999654,0.0]]]]}},
{"type":"Feature","properties":{"Tank_name":"Chinthamani mela & Keela Kulam","id":1100},"geometry":{"type":"MultiPolygon","coordinates":[[[[77.889060957984654,8.556018412999602,0.0],[77.889130702984616,8.556263404999582,0.0],[77.88995990898465,8.556807677999579,0.0],[77.89207378698454,8.556935233999576,0.0],[77.894203083984479,8.55629034099956,0.0],[77.896452896984371,8.556038455999602,0.0],[77.896817615984375,8.555372712999588,0.0],[77.896304249984382,8.554704072999574,0.0],[77.895623467984379,8.553994563999586,0.0],[77.896123242984359,8.553580247999594,0.0],[77.897304808984316,8.553199227999572,0.0],[77.898783964984275,8.552306177999569,0.0],[77.89945641698425,8.551671696999605,0.0],[77.899825262984251,8.5508720599996,0.0],[77.900015566984251,8.549654835999585,0.0],[77.899615621984225,8.549622597999569,0.0],[77.898985905984262,8.549397969999561,0.0],[77.897845140984302,8.549406754999598,0.0],[77.897270440984315,8.549376860999576,0.0],[77.896575556984359,8.549933170999553,0.0],[77.896284073984347,8.550564612999596,0.0],[77.895845930984365,8.551015194999584,0.0],[77.895841283984396,8.551030829999592,0.0],[77.895699009984384,8.551796145999608,0.0],[77.895128461984413,8.552724964999573,0.0],[77.894625986984408,8.55345729499958,0.0],[77.894609882984412,8.553542697999591,0.0],[77.893928042984484,8.554100513999565,0.0],[77.89315025098449,8.554479377999591,0.0],[77.892411018984518,8.554668460999601,0.0],[77.891777731984519,8.555234462999575,0.0],[77.890431931984594,8.555577177999561,0.0],[77.889453901984638,8.555838927999613,0.0],[77.889060957984654,8.556018412999602,0.0]]]]}},
{"type":"Feature","properties":{"Tank_name":"Periakulam and Senkulam","id":1101},"geometry":{"type":"MultiPolygon","coordinates":[[[[77.903028818984112,8.558518753999557,0.0],[77.902958849984117,8.558642342999557,0.0],[77.903237227984135,8.559145448999551,0.0],[77.904185349984047,8.558811503999586,0.0],[77.904815755984046,8.558832737999555,0.0],[77.905035429984025,8.558566030999575,0.0],[77.905527295984015,8.55814086499956,0.0],[77.905703418984018,8.557874130999584,0.0],[77.905994774984009,8.557402830999568,0.0],[77.906216184984004,8.556928770999578,0.0],[77.906300801983946,8.556350192999593,0.0],[77.906364831983979,8.555898615999558,0.0],[77.90638672298401,8.555333057999551,0.0],[77.906358583983945,8.554885075999579,0.0],[77.906309517983971,8.554435732999568,0.0],[77.906221289984003,8.553995833999554,0.0],[77.906123797983994,8.553528873999571,0.0],[77.905952344983987,8.553672324999557,0.0],[77.905905557983957,8.554025533999582,0.0],[77.905902392984018,8.55403802399954,0.0],[77.905897103984003,8.554058901999586,0.0],[77.905742014983986,8.554471955999563,0.0],[77.905780789984007,8.554853503999571,0.0],[77.905637945984026,8.555177633999598,0.0],[77.905387292984003,8.555647191999556,0.0],[77.905225269984044,8.555989084999544,0.0],[77.904841137984036,8.556851831999587,0.0],[77.904377612984064,8.557329289999563,0.0],[77.904106434984087,8.558033819999572,0.0],[77.903944590984111,8.558480654999562,0.0],[77.903563078984064,8.558451944999582,0.0],[77.903028818984112,8.558518753999557,0.0]]]]}},
{"type":"Feature","properties":{"Tank_name":"Vagaikulam","id":1105},"geometry":{"type":"MultiPolygon","coordinates":[[[[77.877878375985091,8.574690754999619,0.0],[77.877937714985052,8.574840674999631,0.0],[77.879139248985027,8.574795411999624,0.0],[77.881071494984965,8.574669231999625,0.0],[77.882165697984917,8.574648735999578,0.0],[77.883175490984854,8.57454627799962,0.0],[77.883964946984847,8.574283204999578,0.0],[77.884821996984826,8.574002252999607,0.0],[77.88557773598481,8.573579776999567,0.0],[77.885874050984754,8.57313139999957,0.0],[77.885947822984761,8.572398111999576,0.0],[77.886030886984784,8.57150488399958,0.0],[77.886076538984753,8.570950761999599,0.0],[77.886129129984738,8.57036125499957,0.0],[77.885885257984754,8.569943868999589,0.0],[77.885652680984805,8.570169952999608,0.0],[77.885323720984815,8.57086097599961,0.0],[77.885325415984795,8.570877906999613,0.0],[77.884997967984816,8.571815815999575,0.0],[77.884738640984835,8.572325195999614,0.0],[77.884296059984834,8.571958539999574,0.0],[77.88374318198484,8.571711182999598,0.0],[77.883187529984866,8.571834969999605,0.0],[77.882772420984921,8.571990234999591,0.0],[77.882139520984921,8.572595718999601,0.0],[77.881667108984914,8.573050787999597,0.0],[77.881072269984969,8.573574372999593,0.0],[77.880163908984969,8.573888491999588,0.0],[77.879349728985034,8.574084988999584,0.0],[77.878376880985073,8.574459313999578,0.0],[77.877917620985087,8.574506540999616,0.0],[77.877878375985091,8.574690754999619,0.0]]]]}},
{"type":"Feature","properties":{"Tank_name":"Idayalankulam","id":1106},"geometry":{"type":"MultiPolygon","coordinates":[[[[77.834900210986589,8.584742417999681,0.0],[77.834413739986616,8.584002135999642,0.0],[77.8345164749866,8.584478703999654,0.0],[77.834605051986586,8.584973009999661,0.0],[77.834859024986613,8.585432641999663,0.0],[77.835529196986613,8.586140198999663,0.0],[77.836106051986548,8.58703242599967,0.0],[77.836129189986565,8.587656314999663,0.0],[77.836460736986524,8.588331042999645,0.0],[77.836317936986546,8.58884991999963,0.0],[77.83642268098653,8.589220299999626,0.0],[77.836605956986574,8.589431530999661,0.0],[77.83687240998654,8.589552882999671,0.0],[77.837168451986557,8.58948811899967,0.0],[77.837786658986516,8.589391778999643,0.0],[77.838435105986505,8.58923825199963,0.0],[77.838901165986499,8.589156492999676,0.0],[77.839550153986437,8.589148982999628,0.0],[77.839551730986429,8.589135258999645,0.0],[77.840260766986432,8.589046035999671,0.0],[77.840801018986426,8.589094701999668,0.0],[77.841510106986362,8.589116614999623,0.0],[77.842283020986372,8.589061680999631,0.0],[77.843408291986307,8.588913363999659,0.0],[77.844833329986244,8.588729528999629,0.0],[77.846092834986209,8.58835369299964,0.0],[77.845478047986262,8.588345434999658,0.0],[77.844599780986286,8.588342207999624,0.0],[77.844293687986294,8.588405949999633,0.0],[77.84333097498633,8.588137637999631,0.0],[77.842409256986343,8.58809275099963,0.0],[77.841679945986371,8.58801420099962,0.0],[77.840955021986403,8.588013562999661,0.0],[77.840227667986426,8.588010647999624,0.0],[77.83956967498645,8.587929060999667,0.0],[77.838882197986493,8.587759709999657,0.0],[77.838219258986527,8.58749633199966,0.0],[77.837044916986542,8.586920007999653,0.0],[77.836013899986568,8.585777663999639,0.0],[77.835443757986582,8.585219339999643,0.0],[77.834900210986589,8.584742417999681,0.0]]]]}},
{"type":"Feature","properties":{"Tank_name":"Kadamankulam","id":1107},"geometry":{"type":"MultiPolygon","coordinates":[[[[77.806020256987537,8.587365254999703,0.0],[77.805414464987578,8.588676904999694,0.0],[77.805875582987525,8.589313143999712,0.0],[77.806698313987525,8.588741567999683,0.0],[77.807400638987474,8.588094098999679,0.0],[77.807960637987478,8.58759415099971,0.0],[77.809459258987417,8.586256611999691,0.0],[77.809815127987449,8.585246353999679,0.0],[77.810196802987392,8.584209601999676,0.0],[77.810524420987406,8.58306042999968,0.0],[77.81063952398739,8.581675569999705,0.0],[77.810490107987405,8.580200598999657,0.0],[77.810494268987384,8.578906818999689,0.0],[77.809733912987411,8.578090681999672,0.0],[77.809190198987423,8.57801781899966,0.0],[77.809140917987449,8.578028136999679,0.0],[77.808575354987468,8.57790338399966,0.0],[77.808238621987442,8.577861875999679,0.0],[77.808023122987464,8.577840537999668,0.0],[77.807657788987498,8.577909610999688,0.0],[77.807620152987496,8.578502804999664,0.0],[77.80762682498748,8.57855382799969,0.0],[77.807647975987464,8.578633570999703,0.0],[77.807661970987482,8.578699344999709,0.0],[77.807679425987473,8.578791284999658,0.0],[77.807712039987493,8.578875098999708,0.0],[77.807711609987493,8.578912763999689,0.0],[77.80805084698747,8.579684191999691,0.0],[77.808120364987445,8.580264806999686,0.0],[77.808073811987441,8.580293564999668,0.0],[77.807649513987471,8.580555676999699,0.0],[77.807601768987467,8.580585171999676,0.0],[77.80754624598751,8.580598699999687,0.0],[77.807149385987472,8.580749509999668,0.0],[77.807081081987533,8.5807601819997,0.0],[77.80697992798747,8.58079093999968,0.0],[77.806506292987507,8.581102463999661,0.0],[77.806501582987522,8.581115938999666,0.0],[77.806775539987498,8.581514300999665,0.0],[77.806799965987537,8.581520682999702,0.0],[77.806844210987492,8.581547245999706,0.0],[77.806940472987492,8.581617485999661,0.0],[77.807029276987521,8.581670812999711,0.0],[77.807515390987476,8.582025440999677,0.0],[77.807851449987467,8.582920120999662,0.0],[77.807655196987454,8.584419455999672,0.0],[77.80758031498749,8.585191976999655,0.0],[77.8074018929875,8.586008239999705,0.0],[77.806664398987522,8.586497365999698,0.0],[77.806020256987537,8.587365254999703,0.0]]]]}},
{"type":"Feature","properties":{"Tank_name":"Vallakulam","id":1108},"geometry":{"type":"MultiPolygon","coordinates":[[[[77.904633777984088,8.579996960999587,0.0],[77.904686336984057,8.580155804999581,0.0],[77.906507494984027,8.579689549999586,0.0],[77.906971202983996,8.579534250999563,0.0],[77.908243182983966,8.579126454999567,0.0],[77.90903530698391,8.578357266999573,0.0],[77.90946793098388,8.578019404999537,0.0],[77.909873206983846,8.57730967599954,0.0],[77.910014259983882,8.576607112999536,0.0],[77.910095405983839,8.575679373999575,0.0],[77.910250270983838,8.574841507999592,0.0],[77.910085382983894,8.574088066999563,0.0],[77.910114289983881,8.573453022999583,0.0],[77.909883868983854,8.572798104999576,0.0],[77.909497848983861,8.572568823999543,0.0],[77.909576372983864,8.573034997999539,0.0],[77.909600020983902,8.57375811899956,0.0],[77.909473764983858,8.57431740399957,0.0],[77.909463238983875,8.575053629999585,0.0],[77.909482019983869,8.576054773999571,0.0],[77.909279049983894,8.576663414999556,0.0],[77.908493407983954,8.576390577999547,0.0],[77.908113089983914,8.576396481999581,0.0],[77.907720225983937,8.576944585999543,0.0],[77.907612891983945,8.577583844999568,0.0],[77.907114950983953,8.578117599999562,0.0],[77.907305684983953,8.578574178999562,0.0],[77.906293943984039,8.578907858999546,0.0],[77.905912726984013,8.57899527099957,0.0],[77.905469624984065,8.579334937999565,0.0],[77.904935613984065,8.57978526199955,0.0],[77.904930246984051,8.57980123499957,0.0],[77.904633777984088,8.579996960999587,0.0]]]]}},
{"type":"Feature","properties":{"Tank_name":"Thiruthikulam","id":1109},"geometry":{"type":"MultiPolygon","coordinates":[[[[77.907250196983952,8.56827638199954,0.0],[77.90752455198394,8.568409100999563,0.0],[77.908220446983947,8.568787223999577,0.0],[77.909482655983894,8.56961572899959,0.0],[77.910346659983858,8.569822898999544,0.0],[77.911006564983794,8.569873241999542,0.0],[77.911774153983785,8.569883404999551,0.0],[77.912224627983761,8.569698400999551,0.0],[77.912780917983753,8.569545219999576,0.0],[77.913499376983708,8.569246460999544,0.0],[77.913924646983688,8.568930464999561,0.0],[77.914404858983687,8.568486809999532,0.0],[77.914779453983641,8.568190224999531,0.0],[77.914968982983652,8.567911864999548,0.0],[77.914297255983683,8.56761560699956,0.0],[77.91398295798372,8.567405103999556,0.0],[77.913553751983699,8.567426431999559,0.0],[77.913039392983762,8.56757970599957,0.0],[77.912550713983777,8.567743129999565,0.0],[77.912210725983769,8.568156481999576,0.0],[77.911958035983758,8.568260951999575,0.0],[77.910703975983807,8.568275184999576,0.0],[77.910513128983808,8.56845200799958,0.0],[77.91013890298386,8.568589021999541,0.0],[77.909663220983873,8.56854498599958,0.0],[77.909179184983927,8.568418503999538,0.0],[77.908629571983909,8.56804445699956,0.0],[77.908149308983937,8.567771997999587,0.0],[77.907446264983918,8.567856705999564,0.0],[77.907250196983952,8.56827638199954,0.0]]]]}},
{"type":"Feature","properties":{"Tank_name":"Nambikulam","id":1110},"geometry":{"type":"MultiPolygon","coordinates":[[[[77.911864512983811,8.578594424999578,0.0],[77.912455584983746,8.578782568999566,0.0],[77.913362374983762,8.578870060999538,0.0],[77.914607517983711,8.578638660999582,0.0],[77.915802256983625,8.577658225999548,0.0],[77.916311360983627,8.577187806999534,0.0],[77.91702125698356,8.576648718999552,0.0],[77.918393286983544,8.576092031999581,0.0],[77.918939784983536,8.575094025999546,0.0],[77.919541165983475,8.573957354999562,0.0],[77.919405830983493,8.573778115999534,0.0],[77.919582526983476,8.573120965999534,0.0],[77.919448861983497,8.572760819999544,0.0],[77.919266345983473,8.572857363999573,0.0],[77.9189896299835,8.573345944999531,0.0],[77.918961745983495,8.573356651999532,0.0],[77.917848379983553,8.57378134399956,0.0],[77.917045438983578,8.574222687999526,0.0],[77.91700736498359,8.574222888999559,0.0],[77.916007913983591,8.574912481999569,0.0],[77.91542519098364,8.575533066999544,0.0],[77.914907387983689,8.575512502999537,0.0],[77.914156402983693,8.575988381999556,0.0],[77.913476521983725,8.576340111999533,0.0],[77.913067377983737,8.576402531999541,0.0],[77.913021626983721,8.576560966999546,0.0],[77.912194578983787,8.577122520999545,0.0],[77.912226845983781,8.577450615999533,0.0],[77.910986752983803,8.577416458999577,0.0],[77.911336314983842,8.578013405999538,0.0],[77.911353826983841,8.578379552999561,0.0],[77.911864512983811,8.578594424999578,0.0]]]]}},
{"type":"Feature","properties":{"Tank_name":"Arasankulam","id":1111},"geometry":{"type":"MultiPolygon","coordinates":[[[[77.921422815983433,8.577153657999542,0.0],[77.921154579983423,8.577384877999531,0.0],[77.92194328198336,8.57778874099956,0.0],[77.922704053983367,8.578359426999562,0.0],[77.923053297983373,8.578573400999524,0.0],[77.923530186983314,8.578526532999554,0.0],[77.924130798983313,8.578547514999521,0.0],[77.924830856983306,8.578573673999534,0.0],[77.925397417983248,8.578613966999519,0.0],[77.926319848983198,8.578666559999535,0.0],[77.927095683983183,8.578635248999547,0.0],[77.927881329983137,8.578455940999561,0.0],[77.928546660983102,8.578395883999521,0.0],[77.928954413983078,8.578082761999555,0.0],[77.930136461983068,8.577776894999541,0.0],[77.93074101998306,8.577467537999551,0.0],[77.931140749983015,8.576871775999562,0.0],[77.931417149983034,8.57610632299952,0.0],[77.931488933983019,8.575606847999545,0.0],[77.931486043983,8.57484622399954,0.0],[77.931488799983001,8.574349701999548,0.0],[77.931247287983027,8.573961055999519,0.0],[77.931089906983004,8.573967431999559,0.0],[77.930858252983015,8.574212167999518,0.0],[77.930856419983016,8.574571557999548,0.0],[77.930883110983046,8.574638237999519,0.0],[77.930890117982997,8.574673469999533,0.0],[77.930816466983046,8.575161575999516,0.0],[77.930322989983026,8.575713581999533,0.0],[77.929842363983099,8.57623334099952,0.0],[77.928989125983094,8.576799623999538,0.0],[77.926972511983209,8.577699372999522,0.0],[77.925862700983274,8.577530924999568,0.0],[77.92533546698327,8.577327976999531,0.0],[77.924170724983313,8.57739562599955,0.0],[77.92294652798337,8.577442806999565,0.0],[77.922026693983398,8.577370696999546,0.0],[77.921422815983433,8.577153657999542,0.0]]]]}},
{"type":"Feature","properties":{"Tank_name":"Chinnakulam","id":1112},"geometry":{"type":"MultiPolygon","coordinates":[[[[77.919149181983499,8.564480121999523,0.0],[77.919220439983491,8.564663001999532,0.0],[77.919860509983437,8.564334843999532,0.0],[77.92043798198344,8.564041191999552,0.0],[77.921213404983419,8.563747329999567,0.0],[77.921603065983376,8.563639427999544,0.0],[77.922384703983369,8.563511267999566,0.0],[77.922648614983345,8.56329304299954,0.0],[77.922852242983353,8.56293239999952,0.0],[77.92302263898334,8.562555580999524,0.0],[77.9232135689833,8.562012345999573,0.0],[77.923436199983328,8.561714972999546,0.0],[77.923511444983276,8.561157615999555,0.0],[77.923646006983304,8.56058514199953,0.0],[77.923659826983297,8.560096069999538,0.0],[77.923291359983324,8.560102421999556,0.0],[77.923113801983305,8.560066422999519,0.0],[77.922996679983299,8.560130139999565,0.0],[77.922977154983343,8.560457838999536,0.0],[77.92305680698334,8.560887688999522,0.0],[77.923054188983357,8.560899150999555,0.0],[77.922842990983312,8.561399184999525,0.0],[77.92275501798332,8.561622419999548,0.0],[77.92274084798332,8.561632704999521,0.0],[77.922186518983338,8.562133642999532,0.0],[77.921792624983397,8.562643231999528,0.0],[77.921346523983388,8.562785793999536,0.0],[77.920881627983434,8.563128685999528,0.0],[77.920498500983427,8.563428977999548,0.0],[77.920008803983478,8.563866509999528,0.0],[77.91949987198349,8.564256956999554,0.0],[77.919149181983499,8.564480121999523,0.0]]]]}},
{"type":"Feature","properties":{"Tank_name":"Kondanerikulam","id":1113},"geometry":{"type":"MultiPolygon","coordinates":[[[[77.933615224982887,8.572329203999509,0.0],[77.933678076982929,8.572476253999518,0.0],[77.933953922982894,8.572994179999503,0.0],[77.934357444982865,8.57268966099951,0.0],[77.934455732982869,8.572284742999551,0.0],[77.934638366982867,8.572066184999519,0.0],[77.934896774982874,8.571527295999534,0.0],[77.935058455982826,8.571261665999538,0.0],[77.93531175498282,8.570840187999512,0.0],[77.935595458982831,8.570477293999538,0.0],[77.935915516982817,8.570075534999537,0.0],[77.936320455982766,8.569753975999552,0.0],[77.936843419982779,8.569254754999511,0.0],[77.937193306982735,8.568815692999511,0.0],[77.937347957982738,8.568536448999499,0.0],[77.937313632982736,8.568123026999551,0.0],[77.937294235982762,8.567791907999538,0.0],[77.937365630982725,8.567209300999524,0.0],[77.937476910982724,8.566710828999522,0.0],[77.937908935982705,8.56632623299952,0.0],[77.938205327982686,8.566109212999535,0.0],[77.93856194098268,8.565847980999521,0.0],[77.93785382698276,8.565682880999516,0.0],[77.937426975982731,8.565581366999526,0.0],[77.937164716982736,8.565628221999519,0.0],[77.936982001982727,8.565735215999544,0.0],[77.936590609982787,8.565985936999528,0.0],[77.936320157982792,8.566482341999507,0.0],[77.936055977982818,8.566735347999543,0.0],[77.935701801982802,8.5673186319995,0.0],[77.935460434982815,8.567673174999522,0.0],[77.935088183982842,8.568067871999508,0.0],[77.934874691982841,8.568250253999558,0.0],[77.934959511982825,8.568533686999549,0.0],[77.934663527982849,8.568717327999527,0.0],[77.934465524982869,8.568875714999526,0.0],[77.934538572982873,8.569023054999539,0.0],[77.934273829982885,8.569384221999533,0.0],[77.934272258982901,8.569868142999542,0.0],[77.934404016982882,8.570555981999513,0.0],[77.934674855982877,8.570576685999521,0.0],[77.934607039982879,8.570909455999519,0.0],[77.934603839982898,8.571023743999538,0.0],[77.934475121982857,8.571180805999511,0.0],[77.934202944982871,8.57155742799954,0.0],[77.9338985579829,8.57194424999954,0.0],[77.933718009982911,8.572200960999503,0.0],[77.933615224982887,8.572329203999509,0.0]]]]}},
{"type":"Feature","properties":{"Tank_name":"Nochikulam","id":1114},"geometry":{"type":"MultiPolygon","coordinates":[[[[77.946117236982374,8.566948185999514,0.0],[77.945306450982443,8.567352188999539,0.0],[77.945924019982399,8.567915458999529,0.0],[77.947174101982355,8.567644197999501,0.0],[77.948490711982316,8.567497144999525,0.0],[77.949122086982229,8.567082016999535,0.0],[77.949552275982256,8.566792818999517,0.0],[77.950268200982237,8.566289061999523,0.0],[77.95066554998219,8.565982665999485,0.0],[77.951019296982196,8.565761134999518,0.0],[77.951190642982183,8.565513243999501,0.0],[77.951515948982149,8.565315350999493,0.0],[77.952001341982154,8.564778641999478,0.0],[77.95279287798212,8.564526189999494,0.0],[77.953889395982074,8.56426960099949,0.0],[77.954226801982017,8.563822466999476,0.0],[77.955205449981989,8.563021369999509,0.0],[77.955194164982004,8.562408141999489,0.0],[77.954918570982002,8.561128524999523,0.0],[77.954810430981993,8.560097276999523,0.0],[77.954730648982007,8.559554157999479,0.0],[77.954502592981981,8.559403111999492,0.0],[77.954530089982001,8.559910597999499,0.0],[77.954469371982029,8.560952877999476,0.0],[77.954484783981997,8.560956896999492,0.0],[77.954115927982059,8.561200996999522,0.0],[77.953495584982051,8.561362886999483,0.0],[77.952994026982068,8.561547160999474,0.0],[77.952022119982104,8.561907645999522,0.0],[77.951753459982157,8.562417681999502,0.0],[77.951209833982162,8.562896940999535,0.0],[77.950961660982188,8.563447599999531,0.0],[77.950530032982201,8.563975766999503,0.0],[77.949999569982197,8.564741621999502,0.0],[77.94968380298225,8.565160072999531,0.0],[77.948801494982263,8.56565926499948,0.0],[77.948091570982314,8.566080200999494,0.0],[77.947311994982329,8.566483516999511,0.0],[77.946810583982341,8.566717248999485,0.0],[77.946117236982374,8.566948185999514,0.0]]]]}},
{"type":"Feature","properties":{"Tank_name":"Keelapudukulam","id":1115},"geometry":{"type":"MultiPolygon","coordinates":[[[[77.954730641982025,8.558661263999475,0.0],[77.954805396981968,8.559334829999521,0.0],[77.957097402981887,8.559662180999469,0.0],[77.958393728981861,8.55968847099952,0.0],[77.959589177981783,8.559217405999519,0.0],[77.960158070981791,8.55897857499947,0.0],[77.96117635198172,8.558430986999507,0.0],[77.962680139981629,8.557873079999474,0.0],[77.963301885981636,8.557425344999508,0.0],[77.963472019981609,8.557238063999485,0.0],[77.962981632981666,8.557153885999478,0.0],[77.962226920981706,8.557223657999495,0.0],[77.961711224981684,8.55716844699948,0.0],[77.96108594698174,8.55707391299951,0.0],[77.960327177981753,8.5567963459995,0.0],[77.959820832981762,8.556484471999466,0.0],[77.959498782981797,8.55599749499949,0.0],[77.959093221981774,8.555577652999501,0.0],[77.958851400981814,8.555422481999489,0.0],[77.958747934981844,8.555324512999519,0.0],[77.95797429198187,8.555244826999473,0.0],[77.956712084981902,8.554095189999504,0.0],[77.956623448981915,8.552719333999523,0.0],[77.956392284981902,8.552137450999471,0.0],[77.956128901981913,8.552059858999501,0.0],[77.955619369981989,8.552115115999491,0.0],[77.955561840981986,8.552868226999484,0.0],[77.95556511298193,8.552918822999478,0.0],[77.955572408981965,8.552980792999525,0.0],[77.955575731981952,8.553032030999494,0.0],[77.955207020981945,8.554355401999507,0.0],[77.955045860981954,8.555359232999498,0.0],[77.955435750981948,8.556319481999502,0.0],[77.955648357981985,8.556707258999513,0.0],[77.955579376981945,8.557265899999512,0.0],[77.955601421981939,8.558109500999496,0.0],[77.955448356981989,8.558518261999515,0.0],[77.954730641982025,8.558661263999475,0.0]]]]}},
{"type":"Feature","properties":{"Tank_name":"Muthalannozhikulam","id":1116},"geometry":{"type":"MultiPolygon","coordinates":[[[[77.954040944982012,8.56892879799951,0.0],[77.954099708982028,8.569056510999493,0.0],[77.954504959982046,8.569234939999509,0.0],[77.955450005981959,8.568969320999507,0.0],[77.956177404981958,8.568494268999492,0.0],[77.956835893981932,8.56828025799952,0.0],[77.957746266981886,8.568186646999511,0.0],[77.958518003981837,8.567643327999475,0.0],[77.958821989981828,8.567416248999523,0.0],[77.959286094981792,8.567214003999494,0.0],[77.959767785981782,8.56711294599951,0.0],[77.960431517981775,8.566981146999481,0.0],[77.961065554981744,8.566916206999517,0.0],[77.961708773981712,8.566655552999471,0.0],[77.962547480981684,8.566205114999498,0.0],[77.96292317898164,8.565860187999485,0.0],[77.963415875981624,8.565290234999459,0.0],[77.963680629981624,8.564652118999511,0.0],[77.963909700981588,8.564427686999474,0.0],[77.964359803981608,8.563825658999466,0.0],[77.964304449981569,8.56363462899947,0.0],[77.964298198981567,8.563624254999473,0.0],[77.964222625981577,8.563337525999493,0.0],[77.964183547981591,8.562888131999507,0.0],[77.963848615981618,8.562931055999464,0.0],[77.963194659981639,8.563154525999504,0.0],[77.962710932981651,8.563045435999479,0.0],[77.962082015981707,8.563284946999499,0.0],[77.961524656981695,8.563655422999497,0.0],[77.961125998981714,8.563675263999482,0.0],[77.961095062981741,8.563686386999517,0.0],[77.960616111981778,8.563804598999479,0.0],[77.960094965981753,8.563797539999497,0.0],[77.960082847981781,8.563804359999507,0.0],[77.959451418981814,8.564026577999487,0.0],[77.959133105981834,8.564389068999517,0.0],[77.958997419981827,8.564728907999507,0.0],[77.958610893981842,8.565150951999513,0.0],[77.958550311981838,8.565406843999497,0.0],[77.957634295981862,8.565733202999484,0.0],[77.95719578498192,8.566116695999499,0.0],[77.957157404981871,8.566471041999494,0.0],[77.956475934981952,8.566784917999499,0.0],[77.956114360981957,8.566994316999471,0.0],[77.955836588981967,8.567422718999483,0.0],[77.955434132981964,8.5674620899995,0.0],[77.95544146298198,8.567908269999482,0.0],[77.955288890982004,8.568335746999498,0.0],[77.955051693982028,8.568651372999472,0.0],[77.954393940982001,8.568765991999518,0.0],[77.954040944982012,8.56892879799951,0.0]]]]}},
{"type":"Feature","properties":{"Tank_name":"Vellarikkayurani","id":1117},"geometry":{"type":"MultiPolygon","coordinates":[[[[77.966087755981476,8.563612383999498,0.0],[77.965203965981544,8.563411980999495,0.0],[77.965399057981543,8.563968451999477,0.0],[77.965711551981542,8.564345552999502,0.0],[77.965876393981546,8.564841025999499,0.0],[77.966096593981547,8.565681836999488,0.0],[77.966219848981538,8.566304315999506,0.0],[77.966431746981499,8.567196698999455,0.0],[77.96657803198147,8.567679229999499,0.0],[77.967525583981455,8.568320450999467,0.0],[77.968349419981408,8.568636655999452,0.0],[77.968818206981425,8.568657295999458,0.0],[77.969136739981394,8.568619582999474,0.0],[77.969487553981381,8.568696959999496,0.0],[77.96989768598138,8.568713325999452,0.0],[77.970552151981295,8.568653716999503,0.0],[77.970996571981289,8.568618931999476,0.0],[77.971586524981291,8.568663933999453,0.0],[77.972352890981256,8.568555653999448,0.0],[77.973126034981206,8.568551549999476,0.0],[77.973878794981189,8.568450853999471,0.0],[77.974588556981146,8.56826325699949,0.0],[77.975861668981068,8.568149624999464,0.0],[77.976618084981027,8.567961849999492,0.0],[77.977560318981034,8.567870692999447,0.0],[77.979362365980904,8.567601764999477,0.0],[77.979947152980898,8.567216358999458,0.0],[77.979902407980887,8.56714946599946,0.0],[77.979832512980934,8.567126244999468,0.0],[77.979743969980916,8.567163362999491,0.0],[77.979738686980923,8.567172092999481,0.0],[77.979630145980892,8.567215117999451,0.0],[77.979355365980922,8.567315743999451,0.0],[77.97908309498095,8.567308884999459,0.0],[77.978611387980962,8.567267222999455,0.0],[77.978468949980936,8.567251994999463,0.0],[77.978406922980994,8.567095060999446,0.0],[77.97816853598097,8.567022231999474,0.0],[77.97816399498096,8.567021047999489,0.0],[77.977876440980964,8.567037487999453,0.0],[77.97742805898099,8.567008149999465,0.0],[77.97708771498101,8.566941549999441,0.0],[77.976794622981032,8.566932100999436,0.0],[77.976235553981098,8.566865573999495,0.0],[77.975534514981092,8.566904061999466,0.0],[77.974754368981124,8.566993841999468,0.0],[77.974296111981147,8.566886933999447,0.0],[77.97369474398117,8.566692602999458,0.0],[77.973064249981192,8.566521959999468,0.0],[77.972196626981258,8.566252223999467,0.0],[77.970151716981363,8.5654768469995,0.0],[77.969953261981331,8.565460760999482,0.0],[77.969454243981389,8.56533660299948,0.0],[77.968927880981411,8.565199351999469,0.0],[77.968299697981422,8.565035549999495,0.0],[77.967838487981425,8.564921253999502,0.0],[77.967002733981474,8.564709298999505,0.0],[77.966262467981537,8.564486458999459,0.0],[77.966032168981542,8.56412587799946,0.0],[77.966087755981476,8.563612383999498,0.0]]]]}},
{"type":"Feature","properties":{"Tank_name":"Laddikulam","id":1221},"geometry":{"type":"MultiPolygon","coordinates":[[[[77.818800283987144,8.575161754999691,0.0],[77.819150041987086,8.575132829999653,0.0],[77.81938006198709,8.57447729499969,0.0],[77.819260187987084,8.573966754999697,0.0],[77.819176604987106,8.573760331999685,0.0],[77.818883397987136,8.573583129999657,0.0],[77.818365269987154,8.573464324999655,0.0],[77.818307480987102,8.573468986999695,0.0],[77.818283242987121,8.573466596999673,0.0],[77.818262581987128,8.573471986999685,0.0],[77.818239887987133,8.573483151999676,0.0],[77.817018046987144,8.573630073999675,0.0],[77.8166820909872,8.573543367999687,0.0],[77.816640926987162,8.573528353999704,0.0],[77.815853667987199,8.57389892999967,0.0],[77.815478173987245,8.57405455599965,0.0],[77.815470896987222,8.574068530999652,0.0],[77.815230735987228,8.574366149999689,0.0],[77.815213809987227,8.574368785999663,0.0],[77.815005367987254,8.57429279999965,0.0],[77.814979310987226,8.574283301999657,0.0],[77.814589316987252,8.574328669999685,0.0],[77.813711670987303,8.574053307999661,0.0],[77.813466877987267,8.57409208299967,0.0],[77.813337201987324,8.574307849999656,0.0],[77.8133377349873,8.574346407999686,0.0],[77.813333282987315,8.574393023999701,0.0],[77.813345650987316,8.574426625999676,0.0],[77.813643171987295,8.574682260999648,0.0],[77.813656991987301,8.574687296999656,0.0],[77.813674985987319,8.574713703999661,0.0],[77.813697847987285,8.574731979999653,0.0],[77.813743662987292,8.57476860499966,0.0],[77.813750594987269,8.574771130999666,0.0],[77.81377571598729,8.574800267999677,0.0],[77.814047288987254,8.575174304999704,0.0],[77.81408263198729,8.575187182999656,0.0],[77.814226512987247,8.575249989999657,0.0],[77.814254804987286,8.575260298999662,0.0],[77.814288204987292,8.575293274999664,0.0],[77.814328787987264,8.575328924999694,0.0],[77.814331377987273,8.575340320999684,0.0],[77.814732750987261,8.575372373999667,0.0],[77.814772139987255,8.575376428999702,0.0],[77.814814369987275,8.5753918179997,0.0],[77.814821408987228,8.575394381999699,0.0],[77.815259046987208,8.575401068999691,0.0],[77.815301423987208,8.575396371999682,0.0],[77.815326045987234,8.575395295999693,0.0],[77.81535063498724,8.575394220999693,0.0],[77.815958658987199,8.575398374999702,0.0],[77.815982454987193,8.575397313999671,0.0],[77.816006218987184,8.575396254999669,0.0],[77.816505997987221,8.575462760999665,0.0],[77.816538854987172,8.575455638999667,0.0],[77.816572721987171,8.575467982999694,0.0],[77.816625742987156,8.575468259999665,0.0],[77.816646035987191,8.575475656999652,0.0],[77.816980987987193,8.575559797999654,0.0],[77.817019791987164,8.575555042999691,0.0],[77.817537804987126,8.575603675999698,0.0],[77.817586410987133,8.575584465999693,0.0],[77.817694058987172,8.575559538999663,0.0],[77.817724637987155,8.575552457999684,0.0],[77.818220983987118,8.575491799999691,0.0],[77.818265154987131,8.57544659599969,0.0],[77.818585194987151,8.575281332999644,0.0],[77.818616207987105,8.575259236999694,0.0],[77.818800283987144,8.575161754999691,0.0]]]]}},
{"type":"Feature","properties":{"Tank_name":"Aramboondarkulam","id":1222},"geometry":{"type":"MultiPolygon","coordinates":[[[[77.812461624987336,8.566636251999656,0.0],[77.812798017987319,8.56668088499967,0.0],[77.813435424987304,8.567230193999679,0.0],[77.814046865987265,8.567243582999678,0.0],[77.814676401987214,8.566959422999702,0.0],[77.815804804987238,8.566496746999658,0.0],[77.81667281698715,8.566385788999664,0.0],[77.81729663698718,8.566204051999673,0.0],[77.817857296987128,8.565403961999687,0.0],[77.818083097987127,8.564547667999669,0.0],[77.817863315987125,8.564298570999677,0.0],[77.817838839987104,8.564296311999692,0.0],[77.817312708987174,8.564151257999663,0.0],[77.817265496987162,8.564134033999688,0.0],[77.817204518987126,8.564091643999657,0.0],[77.817182271987178,8.564076827999681,0.0],[77.817154162987151,8.564059878999696,0.0],[77.816805731987145,8.563886101999655,0.0],[77.816766210987183,8.56386504599967,0.0],[77.816713453987191,8.563845797999672,0.0],[77.816091643987178,8.563980611999648,0.0],[77.816053640987192,8.563994886999664,0.0],[77.816029570987197,8.56400728999969,0.0],[77.815983209987209,8.56402583699966,0.0],[77.815962974987187,8.564025570999686,0.0],[77.815924421987219,8.564040044999699,0.0],[77.815382019987226,8.564089889999675,0.0],[77.815347214987199,8.56406977699967,0.0],[77.815322418987208,8.564060732999705,0.0],[77.815288982987241,8.56405595599969,0.0],[77.815246834987207,8.564055444999694,0.0],[77.815220756987244,8.564068288999662,0.0],[77.814771389987214,8.56406299999966,0.0],[77.814726645987221,8.564100388999661,0.0],[77.814680013987214,8.564176448999685,0.0],[77.814614108987229,8.564262611999677,0.0],[77.814596001987212,8.564287819999691,0.0],[77.814501183987247,8.564422681999671,0.0],[77.814107736987225,8.564901902999651,0.0],[77.814073650987268,8.564943122999665,0.0],[77.814053067987288,8.564971602999689,0.0],[77.814011707987262,8.565010830999681,0.0],[77.81391066098729,8.565093043999664,0.0],[77.813840176987227,8.565141568999675,0.0],[77.812875635987297,8.565710398999695,0.0],[77.812853058987315,8.565754868999676,0.0],[77.8128229009873,8.565796926999695,0.0],[77.812787936987291,8.565848309999666,0.0],[77.812769458987276,8.565884612999668,0.0],[77.812531408987283,8.566298398999695,0.0],[77.812532628987285,8.566367936999683,0.0],[77.812533241987282,8.566402922999686,0.0],[77.812526079987308,8.56643522099969,0.0],[77.812461624987336,8.566636251999656,0.0]]]]}},
{"type":"Feature","properties":{"Tank_name":"Themankulam","id":1223},"geometry":{"type":"MultiPolygon","coordinates":[[[[77.959898048981827,8.59194911999948,0.0],[77.95996082498182,8.592156004999492,0.0],[77.962685736981726,8.592600774999491,0.0],[77.963471798981672,8.592278248999495,0.0],[77.963516184981685,8.591214314999496,0.0],[77.963698053981688,8.590616894999476,0.0],[77.96370623998169,8.590560821999482,0.0],[77.964501247981602,8.589578135999494,0.0],[77.965174896981594,8.58788710099947,0.0],[77.965157048981624,8.586268916999474,0.0],[77.964974501981615,8.584990300999499,0.0],[77.964528445981585,8.584234120999501,0.0],[77.964510557981583,8.584182951999487,0.0],[77.964467285981627,8.584122633999474,0.0],[77.963438290981657,8.583438551999516,0.0],[77.963394114981696,8.583393437999467,0.0],[77.963287242981693,8.583325443999465,0.0],[77.962230904981723,8.582554593999484,0.0],[77.962197374981727,8.582528290999512,0.0],[77.962114380981717,8.582483903999513,0.0],[77.962027759981737,8.582452209999483,0.0],[77.960889779981784,8.582361924999482,0.0],[77.960835341981763,8.582356357999469,0.0],[77.960325527981794,8.582592426999508,0.0],[77.960332200981838,8.582654151999474,0.0],[77.96031337098178,8.582706791999511,0.0],[77.960316705981825,8.582737868999468,0.0],[77.960824637981801,8.584904026999492,0.0],[77.960824002981809,8.584955080999475,0.0],[77.96081379498176,8.585037204999491,0.0],[77.960807671981769,8.585155971999495,0.0],[77.960791818981789,8.585307149999505,0.0],[77.960775804981793,8.58545986299948,0.0],[77.960740721981807,8.585625118999484,0.0],[77.960730855981794,8.585657369999479,0.0],[77.960529632981803,8.586737337999478,0.0],[77.960498097981812,8.586841923999497,0.0],[77.960471647981819,8.586929647999467,0.0],[77.96043038698177,8.587012530999472,0.0],[77.960368781981785,8.587108339999485,0.0],[77.95992722998183,8.587737194999487,0.0],[77.959883035981832,8.587825091999504,0.0],[77.959859597981804,8.587900229999502,0.0],[77.959787891981833,8.588021486999493,0.0],[77.959758082981821,8.588116713999465,0.0],[77.959722066981797,8.588231767999517,0.0],[77.959685781981847,8.588347682999498,0.0],[77.959537568981858,8.589271215999487,0.0],[77.959559681981858,8.589370934999476,0.0],[77.959566026981832,8.589465357999483,0.0],[77.95962650198183,8.589556871999504,0.0],[77.959664955981822,8.589663877999511,0.0],[77.959693927981817,8.589744496999469,0.0],[77.959993798981841,8.590618396999513,0.0],[77.960015485981799,8.590797835999476,0.0],[77.960010713981845,8.590944370999475,0.0],[77.960014610981844,8.590995487999473,0.0],[77.959911113981846,8.591901511999492,0.0],[77.959898048981827,8.59194911999948,0.0]]]]}},
{"type":"Feature","properties":{"Tank_name":"Amanpuram","id":9889},"geometry":{"type":"MultiPolygon","coordinates":[[[[78.052928634703051,8.548428197943394,0.0],[78.050948722180138,8.548593190653827,0.0],[78.050948722180138,8.548675687008993,0.0],[78.050866225825004,8.548840679719156,0.0],[78.050866225825004,8.549005672429404,0.0],[78.050783729470012,8.549170665139567,0.0],[78.050783729470012,8.549335657849996,0.0],[78.050783729470012,8.549665643270405,0.0],[78.050783729470012,8.549748139625665,0.0],[78.050783729470012,8.549830635980562,0.0],[78.050783729470012,8.549995628690906,0.0],[78.050783729470012,8.550160621401064,0.0],[78.050783729470012,8.550325614111493,0.0],[78.050866225825004,8.550490606821654,0.0],[78.050948722180152,8.550573103176824,0.0],[78.051113714890576,8.550903088597233,0.0],[78.051196211245568,8.550985584952404,0.0],[78.051278707600645,8.550985584952404,0.0],[78.051691189376299,8.551233074017821,0.0],[78.05210367115194,8.551563059438232,0.0],[78.052186167506932,8.551645555793399,0.0],[78.05226866386208,8.551728052148391,0.0],[78.052763641992726,8.552058037569157,0.0],[78.052846138347988,8.552058037569157,0.0],[78.053093627413389,8.552305526634488,0.0],[78.053258620123529,8.552553015699727,0.0],[78.053341116478705,8.55271800840989,0.0],[78.053341116478705,8.552800504765059,0.0],[78.053341116478705,8.553047993830655,0.0],[78.053341116478705,8.553130490185646,0.0],[78.053423612833868,8.553377979251065,0.0],[78.053423612833868,8.553625468316397,0.0],[78.053506109188859,8.554037950092154,0.0],[78.053588605544022,8.554120446447145,0.0],[78.053588605544022,8.554285439157393,0.0],[78.053588605544022,8.554367935512385,0.0],[78.053506109188859,8.554697920933155,0.0],[78.053506109188859,8.554780417288146,0.0],[78.053423612833868,8.554862913643316,0.0],[78.05334111647872,8.554862913643312,0.0],[78.053258620123543,8.554862913643316,0.0],[78.053176123768381,8.554862913643314,0.0],[78.053093627413404,8.554945409998485,0.0],[78.052928634703065,8.555027906353567,0.0],[78.052598649282587,8.555192899063725,0.0],[78.05251615292741,8.555275395418896,0.0],[78.052433656572418,8.555357891774067,0.0],[78.052103671151954,8.555522884484317,0.0],[78.052021174796778,8.555605380839484,0.0],[78.051773685731291,8.555687877194655,0.0],[78.051773685731291,8.55577037354956,0.0],[78.051773685731291,8.555852869904729,0.0],[78.051608693021137,8.55610035897006,0.0],[78.051608693021137,8.556182855325229,0.0],[78.051443700310998,8.556595337100987,0.0],[78.051443700310998,8.556760329811148,0.0],[78.051443700310998,8.556842826166314,0.0],[78.051443700310998,8.556925322521399,0.0],[78.051443700310998,8.557255307941983,0.0],[78.051443700310998,8.557585293362395,0.0],[78.051443700310998,8.557667789717563,0.0],[78.051443700310998,8.557832782427727,0.0],[78.051526196665975,8.557997775138068,0.0],[78.051526196665975,8.558162767848312,0.0],[78.051526196665975,8.558410256913644,0.0],[78.051526196665975,8.558492753268725,0.0],[78.051608693021137,8.558657745979064,0.0],[78.051608693021137,8.559070227754644,0.0],[78.051608693021137,8.559235220464982,0.0],[78.051691189376299,8.559730198595556,0.0],[78.051773685731291,8.560060184016145,0.0],[78.051856182086468,8.560142680371314,0.0],[78.052516152927424,8.562287585604558,0.0],[78.052516152927424,8.562370081959548,0.0],[78.052598649282601,8.562370081959548,0.0],[78.052598649282601,8.562452578314719,0.0],[78.05276364199274,8.562535074669976,0.0],[78.05276364199274,8.562617571025147,0.0],[78.05276364199274,8.562700067380138,0.0],[78.05276364199274,8.562947556445557,0.0],[78.05276364199274,8.563030052800727,0.0],[78.05276364199274,8.563112549155719,0.0],[78.052681145637763,8.563277541866057,0.0],[78.052681145637763,8.563360038221049,0.0],[78.052681145637763,8.563525030931475,0.0],[78.052681145637763,8.563607527286647,0.0],[78.052681145637763,8.563855016351976,0.0],[78.052681145637763,8.563937512707058,0.0],[78.052681145637763,8.564020009062137,0.0],[78.052681145637763,8.564102505417218,0.0],[78.052681145637763,8.564267498127645,0.0],[78.052598649282601,8.564349994482637,0.0],[78.052516152927424,8.564514987192887,0.0],[78.052516152927438,8.564679979903225,0.0],[78.052516152927424,8.564762476258306,0.0],[78.052516152927438,8.564927468968556,0.0],[78.052516152927438,8.565009965323547,0.0],[78.052598649282601,8.565257454389144,0.0],[78.052681145637763,8.565752432519714,0.0],[78.052681145637763,8.565917425230056,0.0],[78.052763641992755,8.565999921585044,0.0],[78.052763641992755,8.566412403360804,0.0],[78.052846138348002,8.566742388781217,0.0],[78.052846138348016,8.566824885136384,0.0],[78.052928634703093,8.567154870556973,0.0],[78.052928634703093,8.567402359622212,0.0],[78.052928634703093,8.567484855977472,0.0],[78.052928634703093,8.567732345042714,0.0],[78.052928634703093,8.567814841397972,0.0],[78.052928634703093,8.568062330463301,0.0],[78.052928634703093,8.568392315883711,0.0],[78.052928634703093,8.568639804949044,0.0],[78.052846138348016,8.56896979036981,0.0],[78.052763641992755,8.569217279435051,0.0],[78.052763641992755,8.56938227214521,0.0],[78.052763641992755,8.569629761210633,0.0],[78.052763641992755,8.569794753920966,0.0],[78.052681145637777,8.570124739341379,0.0],[78.052598649282615,8.570124739341381,0.0],[78.052598649282615,8.570207235696552,0.0],[78.052598649282615,8.570289732051542,0.0],[78.052433656572461,8.570537221117137,0.0],[78.052433656572461,8.57061971747213,0.0],[78.052268663862137,8.570949702892719,0.0],[78.052268663862137,8.571032199247711,0.0],[78.052186167506974,8.571032199247711,0.0],[78.052103671151983,8.57111469560288,0.0],[78.051938678441644,8.571197191958049,0.0],[78.051526196666003,8.571362184668299,0.0],[78.051443700311012,8.57144468102347,0.0],[78.05119621124561,8.571609673733805,0.0],[78.050866225825033,8.571692170088712,0.0],[78.050701233114879,8.571774666443883,0.0],[78.050618736759716,8.571774666443883,0.0],[78.050536240404554,8.571857162799052,0.0],[78.0503712476944,8.571939659154046,0.0],[78.050206254984161,8.572022155509213,0.0],[78.04995876591876,8.572187148219639,0.0],[78.04995876591876,8.572269644574632,0.0],[78.049628780498281,8.572599629995221,0.0],[78.049546284143119,8.572682126350216,0.0],[78.049546284143119,8.572764622705384,0.0],[78.049463787787928,8.572764622705384,0.0],[78.049133802367479,8.573177104481141,0.0],[78.049051306012487,8.57317710448114,0.0],[78.049051306012487,8.573259600836312,0.0],[78.048886313302162,8.57350708990155,0.0],[78.048803816947171,8.573507089901552,0.0],[78.048721320591994,8.573672082611715,0.0],[78.048721320591994,8.573837075322054,0.0],[78.048721320591994,8.573919571677045,0.0],[78.048721320591994,8.574167060742642,0.0],[78.048721320591994,8.574249557097721,0.0],[78.048721320591994,8.574332053452803,0.0],[78.048803816947171,8.574332053452801,0.0],[78.048886313302162,8.574332053452803,0.0],[78.04896880965731,8.574332053452801,0.0],[78.049051306012487,8.574332053452803,0.0],[78.049133802367479,8.574332053452801,0.0],[78.049133802367479,8.574249557097721,0.0],[78.049463787787943,8.574249557097719,0.0],[78.049711276853444,8.57416706074264,0.0],[78.04995876591876,8.574084564387471,0.0],[78.050041262273922,8.574084564387471,0.0],[78.050206254984161,8.5740020680323,0.0],[78.050288751339238,8.574002068032298,0.0],[78.050371247694414,8.574002068032298,0.0],[78.050701233114879,8.573837075322048,0.0],[78.050948722180195,8.573672082611711,0.0],[78.05119621124561,8.573589586256718,0.0],[78.051361203955864,8.573589586256718,0.0],[78.051443700311012,8.573589586256716,0.0],[78.051443700311012,8.573507089901549,0.0],[78.05160869302118,8.573507089901549,0.0],[78.05177368573132,8.57342459354647,0.0],[78.051938678441644,8.573424593546472,0.0],[78.052186167506974,8.573342097191299,0.0],[78.052433656572461,8.573259600836307,0.0],[78.052763641992769,8.573094608125967,0.0],[78.053093627413432,8.572929615415539,0.0],[78.053341116478748,8.572599629995214,0.0],[78.05358860554405,8.572352140929796,0.0],[78.053671101899312,8.572187148219633,0.0],[78.053753598254303,8.572104651864375,0.0],[78.053836094609366,8.572022155509206,0.0],[78.053918590964557,8.572022155509206,0.0],[78.054083583674881,8.571857162799045,0.0],[78.054331072740197,8.571692170088706,0.0],[78.054496065450323,8.571527177378634,0.0],[78.054661058160676,8.571362184668294,0.0],[78.054743554515838,8.571279688313037,0.0],[78.05482605087083,8.571197191958046,0.0],[78.055073539936316,8.570949702892714,0.0],[78.055073539936316,8.570867206537546,0.0],[78.055321029001632,8.570702213827294,0.0],[78.055486021711872,8.570372228406706,0.0],[78.055651014422125,8.570289732051535,0.0],[78.055651014422125,8.570124739341376,0.0],[78.055733510777273,8.570042242986208,0.0],[78.055733510777273,8.569959746631303,0.0],[78.055816007132265,8.569712257565795,0.0],[78.055816007132265,8.569547264855633,0.0],[78.055980999842589,8.569217279435044,0.0],[78.055980999842589,8.569052286724794,0.0],[78.056063496197766,8.568887294014633,0.0],[78.056145992552757,8.568804797659464,0.0],[78.056145992552757,8.568639804949036,0.0],[78.056310985263082,8.568474812238875,0.0],[78.056310985263082,8.568392315883706,0.0],[78.056310985263082,8.568227323173545,0.0],[78.056310985263082,8.567979834108128,0.0],[78.056310985263082,8.567649848687536,0.0],[78.056310985263082,8.567567352332544,0.0],[78.056228488907891,8.563525030931469,0.0],[78.056228488907891,8.5634425345763,0.0],[78.056310985263082,8.563442534576298,0.0],[78.056310985263082,8.563360038221044,0.0],[78.056310985263082,8.563277541866052,0.0],[78.05639348161823,8.56327754186605,0.0],[78.056475977973221,8.563112549155711,0.0],[78.056558474328398,8.56303005280072,0.0],[78.056558474328398,8.56294755644555,0.0],[78.056558474328398,8.562865060090379,0.0],[78.056558474328398,8.562782563735299,0.0],[78.055898503487413,8.553872957381811,0.0],[78.055898503487413,8.55362546831639,0.0],[78.055898503487413,8.553542971961223,0.0],[78.055898503487413,8.553460475606055,0.0],[78.055898503487413,8.55337797925106,0.0],[78.055898503487413,8.553295482895894,0.0],[78.055816007132222,8.553212986540721,0.0],[78.055816007132222,8.553130490185643,0.0],[78.055733510777245,8.553047993830647,0.0],[78.055651014422097,8.552883001120314,0.0],[78.05556851806702,8.552553015699724,0.0],[78.055486021711829,8.552058037569156,0.0],[78.055486021711829,8.551975541213981,0.0],[78.055403525356851,8.551893044858726,0.0],[78.055321029001604,8.551398066728062,0.0],[78.055321029001604,8.551233074017816,0.0],[78.055321029001604,8.551150577662645,0.0],[78.055238532646428,8.551068081307653,0.0],[78.055238532646428,8.550985584952398,0.0],[78.055073539936288,8.550738095887064,0.0],[78.055073539936288,8.550655599531984,0.0],[78.055073539936288,8.550573103176818,0.0],[78.054001087319662,8.549253161494731,0.0],[78.0539185909645,8.549253161494731,0.0],[78.053836094609338,8.549253161494729,0.0],[78.053753598254261,8.549088168784392,0.0],[78.053588605544022,8.548923176074229,0.0],[78.053506109188845,8.548923176074231,0.0],[78.053258620123529,8.548758183364157,0.0],[78.053093627413389,8.548593190653826,0.0],[78.053011131058312,8.54859319065382,0.0],[78.052928634703051,8.548428197943394,0.0]]],[[[78.050123758628843,8.53803365719784,0.0],[78.050041262273851,8.53786866448741,0.0],[78.049958765918689,8.53786866448741,0.0],[78.050123758628843,8.53803365719784,0.0]]]]}},
{"type":"Feature","properties":{"Tank_name":"Arumuganeri","id":9890},"geometry":{"type":"MultiPolygon","coordinates":[[[[78.075739064974528,8.579376333833878,0.0],[78.075786654194644,8.579328744613758,0.0],[78.075834243414761,8.579328744613758,0.0],[78.075881832634792,8.579328744613758,0.0],[78.075929421854994,8.579328744613759,0.0],[78.075977011075025,8.57928115539355,0.0],[78.076024600295227,8.579281155393549,0.0],[78.076167367955492,8.579138387733277,0.0],[78.076310135615941,8.579090798513157,0.0],[78.076310135615941,8.579043209293035,0.0],[78.076500492496422,8.578948030852885,0.0],[78.076595670936641,8.578900441632584,0.0],[78.076643260156658,8.578900441632584,0.0],[78.076690849376874,8.578852852412645,0.0],[78.076738438596905,8.578805263192347,0.0],[78.076786027816951,8.578757673972403,0.0],[78.076833617037138,8.578710084752284,0.0],[78.07688120625717,8.578614906312129,0.0],[78.076976384697502,8.578472138651591,0.0],[78.076976384697502,8.578424549431652,0.0],[78.077119152357838,8.578234192551168,0.0],[78.077166741577884,8.578186603330957,0.0],[78.077357098458336,8.57799624645048,0.0],[78.077452276898583,8.577853478790118,0.0],[78.077595044559018,8.577758300349968,0.0],[78.07764263377905,8.577710711129667,0.0],[78.077690222999252,8.577663121909726,0.0],[78.077737812219368,8.577663121909728,0.0],[78.077737812219368,8.577567943469486,0.0],[78.077832990659516,8.577425175809216,0.0],[78.077928169099749,8.577329997368976,0.0],[78.078070936760014,8.577187229708434,0.0],[78.07826129364048,8.577044462048251,0.0],[78.07826129364048,8.576996872827953,0.0],[78.078356472080714,8.576901694387804,0.0],[78.078451650520947,8.576901694387804,0.0],[78.078499239741248,8.576806515947561,0.0],[78.078642007401427,8.57675892672744,0.0],[78.078737185841661,8.576616159066992,0.0],[78.08026004088542,8.575569196224524,0.0],[78.08026004088542,8.575521607004402,0.0],[78.08026004088542,8.575474017784282,0.0],[78.08026004088542,8.575426428564072,0.0],[78.080307630105466,8.575426428564072,0.0],[78.080307630105466,8.575378839344133,0.0],[78.080355219325469,8.57528366090389,0.0],[78.080355219325469,8.575236071683591,0.0],[78.080402808545671,8.575236071683591,0.0],[78.080450397765702,8.575188482463652,0.0],[78.080497986985918,8.57518848246365,0.0],[78.080497986985918,8.575140893243532,0.0],[78.080545576206035,8.575093304023412,0.0],[78.080545576206035,8.57504571480329,0.0],[78.080593165426137,8.575045714803286,0.0],[78.080688343866399,8.574998125583079,0.0],[78.080688343866399,8.574950536363138,0.0],[78.08087870074695,8.5748077687026,0.0],[78.081021468407116,8.574712590262358,0.0],[78.081116646847363,8.574617411822118,0.0],[78.081211825287582,8.574617411822118,0.0],[78.081307003727815,8.574474644161848,0.0],[78.081449771388264,8.574379465721607,0.0],[78.081640128268546,8.574284287281365,0.0],[78.081687717488762,8.574236698061155,0.0],[78.081782895928995,8.57418910884121,0.0],[78.081878074369243,8.574093930400972,0.0],[78.08192566358926,8.574093930400972,0.0],[78.082020842029493,8.573951162740611,0.0],[78.082068431249795,8.573903573520495,0.0],[78.082068431249795,8.573855984300462,0.0],[78.08221119890996,8.573665627419981,0.0],[78.082353966570395,8.573475270539499,0.0],[78.082353966570395,8.573380092099168,0.0],[78.082401555790426,8.573332502879049,0.0],[78.082401555790426,8.573142145998569,0.0],[78.082449145010642,8.572999378338299,0.0],[78.082449145010642,8.572904199898057,0.0],[78.082496734230759,8.572809021457815,0.0],[78.082496734230759,8.572761432237696,0.0],[78.082544323450875,8.572618664577247,0.0],[78.082639501891109,8.572428307696766,0.0],[78.082639501891109,8.572380718476822,0.0],[78.082734680331185,8.572285540036582,0.0],[78.082829858771404,8.572190361596252,0.0],[78.082925037211638,8.572095183156012,0.0],[78.08297262643184,8.572047593935892,0.0],[78.083020215651857,8.572000004715772,0.0],[78.083020215651857,8.571952415495652,0.0],[78.083067804872073,8.57190482627562,0.0],[78.084114767714482,8.570762684992735,0.0],[78.084114767714482,8.570715095772616,0.0],[78.084162356934684,8.570619917332465,0.0],[78.084209946154715,8.570524738892223,0.0],[78.084209946154715,8.570429560451984,0.0],[78.084257535374931,8.570429560451982,0.0],[78.084305124594948,8.570239203571413,0.0],[78.08435271381515,8.570239203571413,0.0],[78.08435271381515,8.570191614351382,0.0],[78.084400303035181,8.570096435911228,0.0],[78.084400303035181,8.570048846690932,0.0],[78.084447892255483,8.569953668250781,0.0],[78.084447892255483,8.56990607903075,0.0],[78.084495481475415,8.569715722150182,0.0],[78.084495481475415,8.569668132930062,0.0],[78.084543070695617,8.56947777604949,0.0],[78.084590659915662,8.569430186829548,0.0],[78.084638249135878,8.569335008389309,0.0],[78.084685838355895,8.569239829949067,0.0],[78.084733427576097,8.569097062288796,0.0],[78.084733427576097,8.569001883848465,0.0],[78.084733427576097,8.568954294628258,0.0],[78.084781016796114,8.568954294628258,0.0],[78.084781016796114,8.568906705408315,0.0],[78.08482860601633,8.568763937747864,0.0],[78.08482860601633,8.568716348527833,0.0],[78.084876195236447,8.568573580867385,0.0],[78.085018962896811,8.568335634766871,0.0],[78.085018962896811,8.568288045546572,0.0],[78.085114141336845,8.568192867106333,0.0],[78.085161730557047,8.568097688666093,0.0],[78.085161730557047,8.56800251022603,0.0],[78.085209319777093,8.56800251022603,0.0],[78.085256908997295,8.567859742565581,0.0],[78.085256908997295,8.567812153345638,0.0],[78.085352087437528,8.567621796465156,0.0],[78.085352087437528,8.567574207244951,0.0],[78.085399676657559,8.567431439584585,0.0],[78.085447265877775,8.567288671924226,0.0],[78.085494855097792,8.567288671924228,0.0],[78.085494855097792,8.567241082704106,0.0],[78.085494855097792,8.567193493483986,0.0],[78.085590033538026,8.567050725823714,0.0],[78.085590033538026,8.56700313660342,0.0],[78.085637622758327,8.566860368943235,0.0],[78.085685211978273,8.566670012062666,0.0],[78.085780390418492,8.566479655182185,0.0],[78.085780390418492,8.566384476741939,0.0],[78.085875568858739,8.56628929830179,0.0],[78.085875568858739,8.566241709081673,0.0],[78.085970747298958,8.566051352201191,0.0],[78.086018336519174,8.566003762981071,0.0],[78.086065925739291,8.565956173760952,0.0],[78.086065925739291,8.565813406100501,0.0],[78.086065925739291,8.565718227660263,0.0],[78.086065925739291,8.565623049220198,0.0],[78.086018336519174,8.565527870780048,0.0],[78.086018336519174,8.565385103119507,0.0],[78.085970747298958,8.56519474623903,0.0],[78.085875568858739,8.565051978578756,0.0],[78.085827979638708,8.564909210918396,0.0],[78.085780390418492,8.564766443258037,0.0],[78.085732801198461,8.564623675597588,0.0],[78.085685211978259,8.564623675597588,0.0],[78.085637622758313,8.564576086377645,0.0],[78.085590033538026,8.564576086377642,0.0],[78.085494855097778,8.564671264817797,0.0],[78.085399676657545,8.564718854037828,0.0],[78.085352087437528,8.564718854037832,0.0],[78.08525690899728,8.564766443258037,0.0],[78.08525690899728,8.564814032478155,0.0],[78.085161730557047,8.564956800138518,0.0],[78.085114141336845,8.564956800138516,0.0],[78.084923784456549,8.56509956779888,0.0],[78.0847810167961,8.56519474623903,0.0],[78.084685838355881,8.565337513899571,0.0],[78.084685838355881,8.565385103119512,0.0],[78.084638249135864,8.56538510311951,0.0],[78.084638249135864,8.56543269233981,0.0],[78.084590659915648,8.565623049220202,0.0],[78.084590659915648,8.565670638440322,0.0],[78.084543070695617,8.56567063844032,0.0],[78.084543070695617,8.565908584540743,0.0],[78.084447892255469,8.566098941421316,0.0],[78.084447892255469,8.566146530641435,0.0],[78.084447892255469,8.566289298301793,0.0],[78.084447892255469,8.566384476741947,0.0],[78.084400303035167,8.566432065962243,0.0],[78.084400303035167,8.566479655182187,0.0],[78.08435271381515,8.566574833622427,0.0],[78.084305124594948,8.566622422842634,0.0],[78.084305124594948,8.566670012062669,0.0],[78.084305124594948,8.566717601282878,0.0],[78.084257535374917,8.566765190502997,0.0],[78.084162356934669,8.566907958163183,0.0],[78.084162356934669,8.566955547383479,0.0],[78.08406717849445,8.567098315043662,0.0],[78.08406717849445,8.567145904263958,0.0],[78.083972000054203,8.567288671924228,0.0],[78.083972000054203,8.567336261144352,0.0],[78.083924410834001,8.567336261144352,0.0],[78.083876821613984,8.567526618024919,0.0],[78.083829232393953,8.567526618024923,0.0],[78.083734053953705,8.567716974905315,0.0],[78.083686464733603,8.567764564125342,0.0],[78.083638875513486,8.567859742565583,0.0],[78.083496107853051,8.567954921005914,0.0],[78.083496107853051,8.568050099446152,0.0],[78.083353340192772,8.568192867106339,0.0],[78.083258161752624,8.568335634766877,0.0],[78.083115394092104,8.56843081320703,0.0],[78.083115394092104,8.568478402427147,0.0],[78.083020215651857,8.568621170087509,0.0],[78.08297262643184,8.568621170087511,0.0],[78.082829858771404,8.568811526968078,0.0],[78.082734680331171,8.568954294628263,0.0],[78.082639501891109,8.569097062288799,0.0],[78.082544323450875,8.569192240728952,0.0],[78.082401555790412,8.569287419169013,0.0],[78.082353966570395,8.569335008389311,0.0],[78.082211198909945,8.569477776049494,0.0],[78.082163609689928,8.569572954489825,0.0],[78.082116020469726,8.569572954489827,0.0],[78.082116020469726,8.569620543709943,0.0],[78.081973252809448,8.569763311370302,0.0],[78.08192566358926,8.569810900590426,0.0],[78.081878074369229,8.569858489810544,0.0],[78.081782895928981,8.569906079030755,0.0],[78.081687717488762,8.570048846690938,0.0],[78.081640128268532,8.570048846690939,0.0],[78.081497360608282,8.570144025131178,0.0],[78.081307003727801,8.570286792791713,0.0],[78.081211825287582,8.570381971231868,0.0],[78.081211825287582,8.57042956045199,0.0],[78.081116646847349,8.570477149671936,0.0],[78.081021468407116,8.57061991733247,0.0],[78.080878700746936,8.57071509577262,0.0],[78.080831111526635,8.57071509577262,0.0],[78.080640754646168,8.570905452653104,0.0],[78.080545576206021,8.571000631093344,0.0],[78.080450397765688,8.571095809533672,0.0],[78.080402808545671,8.57109580953367,0.0],[78.080307630105452,8.57119098797391,0.0],[78.080260040885406,8.571333755634097,0.0],[78.08021245166519,8.571333755634097,0.0],[78.08021245166519,8.571381344854393,0.0],[78.080164862445173,8.571524112514666,0.0],[78.080117273225056,8.571524112514664,0.0],[78.08006968400494,8.571571701734785,0.0],[78.080022094784724,8.571762058615091,0.0],[78.079974505564692,8.571762058615088,0.0],[78.079879327124473,8.571952415495659,0.0],[78.079831737904257,8.572095183156017,0.0],[78.079784148684325,8.572190361596256,0.0],[78.079736559464038,8.572190361596258,0.0],[78.079736559464038,8.572237950816293,0.0],[78.079641381023791,8.572380718476827,0.0],[78.079593791803759,8.572475896917071,0.0],[78.079546202583657,8.572571075357217,0.0],[78.07949861336354,8.572666253797459,0.0],[78.079451024143324,8.572761432237701,0.0],[78.079403434923293,8.572761432237703,0.0],[78.079355845703176,8.572856610677768,0.0],[78.079355845703176,8.572904199898064,0.0],[78.079355845703176,8.572951789118006,0.0],[78.079260667262858,8.573046967558248,0.0],[78.079117899602593,8.573237324438814,0.0],[78.07902272116236,8.573284913658936,0.0],[78.07902272116236,8.573332502879055,0.0],[78.078975131942315,8.573380092099178,0.0],[78.078927542722198,8.573380092099177,0.0],[78.078879953502081,8.573427681319293,0.0],[78.07883236428188,8.573427681319297,0.0],[78.07883236428188,8.573475270539504,0.0],[78.078689596621629,8.573475270539504,0.0],[78.078642007401427,8.573522859759446,0.0],[78.078499239741234,8.573570448979746,0.0],[78.078404061300915,8.573618038199688,0.0],[78.078308882860682,8.573665627419986,0.0],[78.078261293640466,8.573713216639931,0.0],[78.078118525980216,8.573855984300467,0.0],[78.077975758319781,8.574093930400979,0.0],[78.077880579879718,8.574331876501491,0.0],[78.077737812219368,8.574522233381975,0.0],[78.077737812219368,8.574569822602092,0.0],[78.077166741577869,8.575236071683598,0.0],[78.077166741577869,8.575283660903898,0.0],[78.077166741577869,8.575569196224528,0.0],[78.077071563137721,8.575807142325129,0.0],[78.077071563137721,8.575949909985578,0.0],[78.077023973917605,8.575949909985578,0.0],[78.077023973917605,8.576092677645763,0.0],[78.076976384697488,8.576092677645763,0.0],[78.07688120625717,8.576187856086003,0.0],[78.076833617037138,8.57633062374645,0.0],[78.076738438596891,8.576425802186515,0.0],[78.076738438596891,8.576473391406815,0.0],[78.076643260156658,8.576568569847053,0.0],[78.076548081716524,8.576711337507327,0.0],[78.076452903276206,8.57680651594757,0.0],[78.076452903276206,8.576854105167685,0.0],[78.076357724835958,8.576949283607926,0.0],[78.076357724835958,8.576996872827957,0.0],[78.076262546395711,8.577092051268286,0.0],[78.076167367955492,8.577139640488497,0.0],[78.076024600295227,8.577187229708441,0.0],[78.075929421854994,8.577234818928737,0.0],[78.075881832634778,8.577282408148678,0.0],[78.075834243414747,8.57728240814868,0.0],[78.075834243414747,8.577329997368977,0.0],[78.075739064974528,8.577425175809218,0.0],[78.07564388653428,8.577520354249373,0.0],[78.075596297314078,8.577615532689434,0.0],[78.07550111887403,8.577758300349972,0.0],[78.075453529653814,8.577901068010243,0.0],[78.075405940433782,8.577901068010242,0.0],[78.07535835121368,8.578043835670604,0.0],[78.075358351213666,8.578091424890722,0.0],[78.075215583553316,8.578234192551172,0.0],[78.075167994333114,8.578281781771119,0.0],[78.075072815892881,8.578424549431656,0.0],[78.074930048232716,8.578614906312135,0.0],[78.074834869792383,8.578710084752288,0.0],[78.074787280572181,8.578805263192349,0.0],[78.07473969135215,8.578805263192349,0.0],[78.074692102131948,8.578900441632587,0.0],[78.074644512911902,8.578995620072829,0.0],[78.074644512911902,8.57904320929304,0.0],[78.074596923691786,8.57904320929304,0.0],[78.074596923691786,8.57909079851316,0.0],[78.074549334471669,8.57909079851316,0.0],[78.074549334471669,8.579138387733281,0.0],[78.074121031490705,8.579804636814961,0.0],[78.074168620710822,8.579804636814961,0.0],[78.074787280572181,8.579852226035081,0.0],[78.075167994333128,8.579852226035079,0.0],[78.075215583553316,8.579852226035081,0.0],[78.075263172773347,8.579852226035081,0.0],[78.075310761993563,8.579804636814959,0.0],[78.07535835121368,8.579757047594754,0.0],[78.075405940433782,8.579661869154513,0.0],[78.07550111887403,8.57956669071427,0.0],[78.075596297314078,8.579423923054089,0.0],[78.075739064974528,8.579376333833878,0.0]]]]}},
{"type":"Feature","properties":{"Tank_name":"Seenimavadi","id":9891},"geometry":{"type":"MultiPolygon","coordinates":[[[[78.057512393670905,8.577901068010277,0.0],[78.057893107431752,8.577853478790155,0.0],[78.057940696651869,8.577853478790155,0.0],[78.057940696651869,8.577805889569948,0.0],[78.057988285871986,8.577805889569948,0.0],[78.058083464312233,8.577758300350006,0.0],[78.05813105353225,8.577758300350007,0.0],[78.058226231972483,8.577758300350006,0.0],[78.058273821192785,8.577758300350004,0.0],[78.058368999632918,8.577758300350006,0.0],[78.05846417807318,8.577758300350006,0.0],[78.058511767293197,8.577758300350004,0.0],[78.058606945733416,8.577758300350004,0.0],[78.058654534953632,8.577710711129704,0.0],[78.058702124173678,8.577710711129706,0.0],[78.058844891834113,8.577710711129706,0.0],[78.058892481054144,8.577710711129708,0.0],[78.059035248714409,8.577710711129704,0.0],[78.059082837934611,8.577663121909762,0.0],[78.059082837934611,8.577615532689467,0.0],[78.059082837934611,8.577520354249403,0.0],[78.059130427154727,8.577329997369013,0.0],[78.059178016374844,8.577234818928771,0.0],[78.059320784035094,8.576949283607961,0.0],[78.059320784035094,8.576901694387841,0.0],[78.059320784035094,8.576854105167719,0.0],[78.05936837325531,8.576854105167717,0.0],[78.059463551695643,8.57671133750736,0.0],[78.059463551695643,8.576663748287327,0.0],[78.059511140915575,8.576616159067029,0.0],[78.059511140915575,8.576568569847087,0.0],[78.059558730135777,8.576520980626791,0.0],[78.059558730135777,8.576473391406848,0.0],[78.059558730135777,8.576425802186545,0.0],[78.059558730135777,8.576330623746484,0.0],[78.059606319355808,8.576330623746484,0.0],[78.059653908576024,8.576187856086037,0.0],[78.059701497796041,8.576092677645798,0.0],[78.059701497796041,8.576045088425852,0.0],[78.059701497796041,8.575997499205556,0.0],[78.059749087016243,8.575997499205554,0.0],[78.059749087016243,8.575949909985612,0.0],[78.059891854676607,8.575759553105042,0.0],[78.05993944389671,8.575711963884924,0.0],[78.060224979217239,8.57523607168363,0.0],[78.060224979217239,8.575188482463687,0.0],[78.060272568437455,8.575140893243569,0.0],[78.060320157657571,8.575045714803329,0.0],[78.060320157657571,8.57499812558312,0.0],[78.060367746877688,8.574950536363179,0.0],[78.060510514537953,8.574712590262399,0.0],[78.060510514537953,8.57466500104246,0.0],[78.060510514537953,8.574569822602127,0.0],[78.060558103758169,8.574474644161887,0.0],[78.060558103758169,8.574427054941767,0.0],[78.060605692978186,8.574331876501526,0.0],[78.060605692978186,8.574141519620957,0.0],[78.060700871418419,8.573903573520536,0.0],[78.060700871418419,8.573808395080205,0.0],[78.060700871418419,8.57376080586026,0.0],[78.060748460638621,8.573570448979781,0.0],[78.060748460638621,8.573522859759484,0.0],[78.060796049858666,8.573475270539541,0.0],[78.060796049858666,8.57338009209921,0.0],[78.060796049858652,8.573284913658972,0.0],[78.060843639078854,8.57318973521873,0.0],[78.0608912282989,8.573046967558282,0.0],[78.060938817519101,8.572856610677801,0.0],[78.060938817519101,8.572666253797498,0.0],[78.060986406739133,8.572618664577289,0.0],[78.060986406739133,8.572475896917108,0.0],[78.061033995959335,8.572380718476866,0.0],[78.061081585179451,8.572190361596293,0.0],[78.061081585179451,8.572142772376173,0.0],[78.061081585179451,8.572000004715814,0.0],[78.061081585179451,8.571952415495694,0.0],[78.061081585179451,8.571762058615127,0.0],[78.061081585179451,8.571714469395186,0.0],[78.061081585179451,8.571666880174885,0.0],[78.061129174399568,8.5715241125147,0.0],[78.061129174399568,8.571476523294583,0.0],[78.061129174399568,8.571286166414103,0.0],[78.061176763619599,8.571095809533709,0.0],[78.061271942059832,8.570857863433021,0.0],[78.061319531279864,8.570715095772659,0.0],[78.061319531279864,8.570667506552454,0.0],[78.061319531279864,8.57057232811221,0.0],[78.061319531279864,8.570524738892269,0.0],[78.061319531279864,8.570477149671971,0.0],[78.061367120500066,8.570286792791753,0.0],[78.061367120500066,8.570239203571457,0.0],[78.061414709720083,8.570001257471038,0.0],[78.061414709720083,8.569906079030796,0.0],[78.061462298940299,8.569715722150224,0.0],[78.061462298940299,8.569620543709984,0.0],[78.061462298940299,8.569525365269742,0.0],[78.061462298940299,8.569477776049535,0.0],[78.061462298940299,8.569335008389354,0.0],[78.061462298940299,8.569287419169054,0.0],[78.061462298940299,8.569192240728993,0.0],[78.061462298940299,8.569049473068542,0.0],[78.061462298940299,8.568906705408361,0.0],[78.061462298940299,8.56885911618806,0.0],[78.061462298940299,8.568716348527881,0.0],[78.061557477380518,8.568525991647308,0.0],[78.061605066600549,8.568335634766919,0.0],[78.061605066600549,8.568192867106379,0.0],[78.061605066600549,8.568050099446195,0.0],[78.061605066600549,8.567907331785925,0.0],[78.061605066600549,8.567764564125387,0.0],[78.061557477380518,8.567669385685146,0.0],[78.061509888160401,8.567621796465202,0.0],[78.061509888160401,8.567526618024962,0.0],[78.061509888160401,8.567479028804753,0.0],[78.061462298940299,8.567383850364514,0.0],[78.061462298940299,8.567336261144394,0.0],[78.061462298940299,8.567288671924274,0.0],[78.061414709720083,8.567145904264002,0.0],[78.061414709720083,8.566955547383523,0.0],[78.061414709720083,8.566765190503041,0.0],[78.061414709720083,8.566527244402533,0.0],[78.061414709720083,8.566384476741991,0.0],[78.061414709720083,8.566336887522048,0.0],[78.061414709720083,8.566241709081721,0.0],[78.061414709720083,8.566146530641481,0.0],[78.061414709720083,8.566051352201239,0.0],[78.061414709720083,8.565956173760998,0.0],[78.061414709720083,8.565908584540789,0.0],[78.061414709720083,8.565765816880607,0.0],[78.061414709720083,8.565718227660311,0.0],[78.061414709720083,8.565480281559797,0.0],[78.061414709720083,8.565289924679403,0.0],[78.061367120500051,8.565099567798924,0.0],[78.061367120500051,8.565051978578804,0.0],[78.06131953127985,8.564909210918444,0.0],[78.061271942059818,8.564766443258087,0.0],[78.061176763619571,8.564623675597637,0.0],[78.061176763619571,8.564528497157395,0.0],[78.061129174399554,8.564528497157395,0.0],[78.06103399595932,8.564338140277091,0.0],[78.060891228298885,8.564195372616643,0.0],[78.06084363907884,8.564147783396702,0.0],[78.060796049858638,8.564147783396701,0.0],[78.060748460638607,8.564052604956458,0.0],[78.060700871418391,8.564005015736251,0.0],[78.060700871418391,8.563957426516223,0.0],[78.060653282198473,8.563862248075889,0.0],[78.060605692978172,8.563719480415532,0.0],[78.06055810375814,8.56357671275517,0.0],[78.06055810375814,8.563529123534961,0.0],[78.060510514537938,8.563338766654482,0.0],[78.060510514537938,8.563291177434539,0.0],[78.060510514537938,8.563243588214418,0.0],[78.060415336097691,8.563005642113728,0.0],[78.060415336097691,8.562910463673489,0.0],[78.06036774687766,8.562767696013305,0.0],[78.06036774687766,8.562720106793009,0.0],[78.06022497921721,8.562529749912615,0.0],[78.060129800776991,8.562339393032047,0.0],[78.060129800776991,8.562291803812016,0.0],[78.060129800776991,8.562244214591805,0.0],[78.06008221155696,8.562149036151567,0.0],[78.060034622336929,8.562006268491386,0.0],[78.059987033116712,8.561863500831111,0.0],[78.059987033116712,8.561815911610816,0.0],[78.059939443896695,8.561625554730334,0.0],[78.059844265456462,8.561244840969463,0.0],[78.05960631935578,8.560959305648742,0.0],[78.059415962475299,8.560673770328108,0.0],[78.059415962475299,8.560626181107899,0.0],[78.059368373255268,8.560626181107899,0.0],[78.05932078403508,8.560435824227422,0.0],[78.059273194815049,8.560435824227419,0.0],[78.059225605594833,8.560435824227421,0.0],[78.059225605594833,8.560388235007478,0.0],[78.059225605594833,8.560293056567147,0.0],[78.059178016374801,8.560293056567147,0.0],[78.059178016374801,8.56019787812691,0.0],[78.059178016374801,8.560007521246428,0.0],[78.059130427154685,8.560007521246426,0.0],[78.059130427154685,8.55986475358598,0.0],[78.059082837934568,8.559864753585979,0.0],[78.058940070274119,8.559721985925798,0.0],[78.058797302613868,8.559674396705768,0.0],[78.058797302613868,8.559626807485557,0.0],[78.058749713393823,8.559626807485555,0.0],[78.058702124173635,8.559626807485557,0.0],[78.058606945733388,8.559674396705766,0.0],[78.058368999632876,8.559817164366038,0.0],[78.058321410412702,8.559864753585982,0.0],[78.057988285871943,8.56000752124643,0.0],[78.057940696651826,8.56005511046655,0.0],[78.057893107431724,8.56010269968667,0.0],[78.057655161331226,8.560150288906794,0.0],[78.05760757211101,8.560150288906794,0.0],[78.057512393670862,8.560197878126916,0.0],[78.057464804450746,8.560245467347032,0.0],[78.057512393670862,8.560293056567151,0.0],[78.057559982890979,8.560340645787186,0.0],[78.05760757211101,8.560388235007483,0.0],[78.057655161331226,8.560388235007482,0.0],[78.057655161331226,8.560435824227426,0.0],[78.057797928991477,8.560483413447722,0.0],[78.057845518211508,8.560531002667664,0.0],[78.057845518211508,8.560578591887964,0.0],[78.057940696651826,8.560626181107903,0.0],[78.058035875091988,8.560673770328112,0.0],[78.058083464312205,8.560721359548143,0.0],[78.058226231972441,8.560816537988471,0.0],[78.05836899963289,8.560864127208596,0.0],[78.058464178073137,8.560911716428713,0.0],[78.058511767293169,8.561054484088896,0.0],[78.058606945733388,8.561292430189583,0.0],[78.058654534953618,8.561482787070066,0.0],[78.058749713393823,8.561720733170668,0.0],[78.058797302613868,8.561958679271269,0.0],[78.058844891834084,8.562244214591809,0.0],[78.058844891834084,8.562529749912621,0.0],[78.058892481054116,8.562529749912621,0.0],[78.058987659494335,8.562767696013308,0.0],[78.058987659494335,8.56286287445355,0.0],[78.059035248714366,8.562910463673491,0.0],[78.059178016374815,8.563195998994299,0.0],[78.059225605594833,8.563291177434541,0.0],[78.059225605594833,8.563338766654482,0.0],[78.059368373255282,8.563671891195412,0.0],[78.059368373255282,8.563719480415532,0.0],[78.059368373255282,8.563767069635654,0.0],[78.059415962475313,8.563862248075893,0.0],[78.059415962475313,8.564100194176408,0.0],[78.059463551695615,8.564338140277094,0.0],[78.059511140915546,8.564623675597639,0.0],[78.059558730135748,8.564623675597639,0.0],[78.059558730135748,8.564671264817846,0.0],[78.059653908575996,8.564956800138567,0.0],[78.059701497796027,8.565004389358688,0.0],[78.059701497796027,8.565099567798928,0.0],[78.059749087016229,8.565147157019137,0.0],[78.05979667623626,8.565385103119558,0.0],[78.05979667623626,8.5654802815598,0.0],[78.05979667623626,8.565718227660314,0.0],[78.05979667623626,8.56576581688061,0.0],[78.05979667623626,8.565813406100554,0.0],[78.059701497796027,8.565956173761002,0.0],[78.059701497796027,8.566003762981126,0.0],[78.05960631935578,8.566146530641484,0.0],[78.059463551695615,8.566336887522054,0.0],[78.059463551695615,8.566384476741995,0.0],[78.05932078403508,8.566622422842684,0.0],[78.059273194815063,8.566622422842688,0.0],[78.05903524871438,8.566860368943287,0.0],[78.058892481054116,8.567003136603471,0.0],[78.058702124173649,8.567193493484039,0.0],[78.058559356513385,8.567383850364523,0.0],[78.058559356513385,8.567431439584642,0.0],[78.058559356513385,8.567574207245002,0.0],[78.058559356513385,8.567621796465209,0.0],[78.058559356513385,8.567764564125392,0.0],[78.058559356513385,8.56781215334569,0.0],[78.058559356513385,8.567859742565636,0.0],[78.058559356513385,8.568050099446202,0.0],[78.058559356513385,8.568097688666144,0.0],[78.058511767293183,8.568288045546629,0.0],[78.058511767293183,8.568525991647316,0.0],[78.05841658885295,8.568716348527888,0.0],[78.05841658885295,8.568859116188067,0.0],[78.058368999632904,8.56914465150888,0.0],[78.058321410412717,8.569382597609303,0.0],[78.058321410412717,8.569430186829598,0.0],[78.058321410412717,8.569477776049542,0.0],[78.05827382119277,8.569763311370352,0.0],[78.058226231972469,8.569953668250834,0.0],[78.058178642752438,8.570001257471038,0.0],[78.058178642752438,8.570048846690986,0.0],[78.058035875092003,8.570286792791761,0.0],[78.058035875092003,8.570334382011794,0.0],[78.057893107431738,8.570572328112217,0.0],[78.057797928991505,8.570857863433027,0.0],[78.057797928991505,8.570905452653147,0.0],[78.05765516133124,8.571048220313507,0.0],[78.05765516133124,8.571143398753657,0.0],[78.057607572111039,8.57142893407438,0.0],[78.057512393670891,8.571762058615134,0.0],[78.057512393670891,8.571809647835344,0.0],[78.057464804450774,8.571857237055376,0.0],[78.057322036790339,8.572237950816337,0.0],[78.057322036790339,8.572333129256664,0.0],[78.057226858350091,8.572618664577297,0.0],[78.05717926913006,8.572666253797506,0.0],[78.057131679909872,8.572761432237746,0.0],[78.056988912249594,8.572999378338348,0.0],[78.056988912249594,8.573046967558289,0.0],[78.056941323029477,8.573237324438859,0.0],[78.056941323029477,8.573380092099217,0.0],[78.056941323029477,8.573427681319338,0.0],[78.056941323029477,8.57347527053955,0.0],[78.05689373380936,8.573665627420029,0.0],[78.056846144589144,8.57371321663997,0.0],[78.056846144589144,8.573903573520541,0.0],[78.056846144589144,8.574189108841262,0.0],[78.056798555369127,8.574427054941774,0.0],[78.056798555369127,8.574665001042465,0.0],[78.056798555369127,8.574950536363184,0.0],[78.056798555369127,8.574998125583127,0.0],[78.056798555369141,8.575093304023456,0.0],[78.056941323029477,8.575426428564118,0.0],[78.056988912249608,8.575474017784328,0.0],[78.056988912249608,8.575711963884931,0.0],[78.056988912249608,8.576045088425857,0.0],[78.056988912249608,8.576092677645802,0.0],[78.056988912249608,8.576140266866011,0.0],[78.05689373380936,8.576425802186554,0.0],[78.05689373380936,8.576473391406852,0.0],[78.05689373380936,8.576520980626794,0.0],[78.05689373380936,8.576616159067035,0.0],[78.05689373380936,8.576711337507366,0.0],[78.05689373380936,8.576758926727488,0.0],[78.056846144589159,8.576758926727486,0.0],[78.056846144589159,8.576854105167724,0.0],[78.056846144589159,8.576901694387844,0.0],[78.056750966149025,8.576996872827996,0.0],[78.056703376928908,8.577139640488536,0.0],[78.056513020048428,8.577329997369016,0.0],[78.05646543082841,8.577472765029286,0.0],[78.056370252388177,8.577567943469528,0.0],[78.056322663168061,8.577615532689471,0.0],[78.056370252388177,8.577758300350007,0.0],[78.05641784160818,8.577758300350011,0.0],[78.05646543082841,8.577758300350011,0.0],[78.056513020048428,8.577758300350011,0.0],[78.056703376928908,8.577758300350007,0.0],[78.056798555369141,8.577758300350007,0.0],[78.056846144589159,8.577758300350009,0.0],[78.057084090689941,8.57780588956995,0.0],[78.057179269130074,8.577853478790157,0.0],[78.057226858350091,8.577853478790159,0.0],[78.057274447570322,8.577853478790161,0.0],[78.057512393670905,8.577901068010277,0.0]]]]}},
{"type":"Feature","properties":{"Tank_name":"Nathakulam","id":9894},"geometry":{"type":"MultiPolygon","coordinates":[[[[78.078502504790492,8.55032561411144,0.0],[78.077975758319724,8.550299320342679,0.0],[78.074549334471627,8.552107710706986,0.0],[78.072217462685956,8.552916727449034,0.0],[78.070417861988616,8.552388022989621,0.0],[78.070417861988616,8.552635512054866,0.0],[78.070417861988616,8.552800504765024,0.0],[78.070665351053933,8.553295482895864,0.0],[78.070995336474596,8.553872957381781,0.0],[78.071160329184735,8.554120446447113,0.0],[78.071407818250066,8.554450431867524,0.0],[78.07157281096039,8.554780417288111,0.0],[78.071655307315382,8.554862913643278,0.0],[78.07173780367053,8.555027906353532,0.0],[78.071820300025706,8.55502790635353,0.0],[78.071902796380854,8.55502790635353,0.0],[78.071985292735846,8.555192899063691,0.0],[78.072397774511501,8.55544038812902,0.0],[78.072397774511515,8.555605380839447,0.0],[78.072645263576987,8.555770373549521,0.0],[78.072810256287156,8.555935366259854,0.0],[78.072810256287156,8.556017862615027,0.0],[78.073057745352557,8.556182855325186,0.0],[78.073140241707634,8.556265351680356,0.0],[78.073305234417973,8.556512840745777,0.0],[78.073635219838437,8.556842826166275,0.0],[78.073717716193428,8.556842826166271,0.0],[78.073717716193428,8.556925322521355,0.0],[78.073882708903838,8.557090315231516,0.0],[78.07396520525883,8.557090315231518,0.0],[78.074047701613921,8.557172811586684,0.0],[78.074130197969083,8.557172811586685,0.0],[78.074460183389562,8.557172811586682,0.0],[78.074542679744738,8.557172811586684,0.0],[78.074625176099715,8.557172811586684,0.0],[78.074955161520194,8.557172811586682,0.0],[78.075120154230518,8.557172811586682,0.0],[78.075202650585695,8.557172811586682,0.0],[78.075450139651025,8.557090315231513,0.0],[78.075780125071475,8.556925322521348,0.0],[78.075945117781643,8.556842826166269,0.0],[78.075945117781643,8.556760329811098,0.0],[78.076110110491982,8.556760329811098,0.0],[78.076110110491982,8.556677833456108,0.0],[78.076192606847115,8.556677833456108,0.0],[78.076275103202306,8.556677833456108,0.0],[78.076357599557298,8.556677833456105,0.0],[78.076770081332938,8.556595337100941,0.0],[78.077017570398255,8.556595337100937,0.0],[78.077100066753403,8.556512840745764,0.0],[78.078502504790492,8.555605380839435,0.0],[78.078997482921139,8.554037950092107,0.0],[78.078997482921139,8.55271800840984,0.0],[78.078997482921125,8.552635512054849,0.0],[78.078997482921125,8.552140533924096,0.0],[78.078832490210971,8.551810548503513,0.0],[78.078832490210971,8.551728052148341,0.0],[78.078667497500646,8.551398066728019,0.0],[78.078667497500646,8.551315570372935,0.0],[78.078585001145655,8.55123307401777,0.0],[78.078585001145655,8.550985584952352,0.0],[78.078585001145655,8.55073809588702,0.0],[78.078502504790492,8.550573103176772,0.0],[78.078502504790492,8.55032561411144,0.0]]]]}},
{"type":"Feature","properties":{"Tank_name":"Seidukkuvaithan","id":9896},"geometry":{"type":"MultiPolygon","coordinates":[[[[78.036192423059745,8.615353784242036,0.0],[78.036240012279961,8.615163427361555,0.0],[78.036335190720038,8.615020659701285,0.0],[78.036335190720038,8.614973070481167,0.0],[78.036430369160257,8.614735124380651,0.0],[78.036477958380473,8.614639945940411,0.0],[78.03652554760059,8.61444958905993,0.0],[78.03652554760059,8.61440199983981,0.0],[78.03652554760059,8.614211642959418,0.0],[78.03652554760059,8.614164053739122,0.0],[78.03652554760059,8.614068875298882,0.0],[78.03652554760059,8.613926107638697,0.0],[78.03652554760059,8.613783339978252,0.0],[78.03652554760059,8.613688161538011,0.0],[78.03652554760059,8.613640572317889,0.0],[78.03652554760059,8.613545393877738,0.0],[78.03652554760059,8.613450215437497,0.0],[78.03652554760059,8.61335503699717,0.0],[78.03652554760059,8.613164680116778,0.0],[78.03652554760059,8.613021912456503,0.0],[78.036573136820692,8.612831555576026,0.0],[78.036573136820692,8.612783966355726,0.0],[78.036573136820692,8.612593609475248,0.0],[78.036573136820692,8.612546020255216,0.0],[78.036620726040709,8.612498431035094,0.0],[78.036620726040709,8.612450841814974,0.0],[78.036573136820692,8.612212895714283,0.0],[78.036335190720024,8.612165306494344,0.0],[78.036287601499993,8.612165306494344,0.0],[78.036240012279961,8.612165306494342,0.0],[78.036002066179293,8.612117717274044,0.0],[78.035811709298798,8.612070128054103,0.0],[78.035668941638548,8.612022538833985,0.0],[78.035478584758081,8.612022538833983,0.0],[78.035478584758081,8.611974949613863,0.0],[78.035430995537865,8.611974949613863,0.0],[78.035240638657399,8.611927360393743,0.0],[78.035193049437368,8.611879771173534,0.0],[78.035145460217166,8.611879771173534,0.0],[78.03495510333687,8.611879771173534,0.0],[78.03495510333687,8.611832181953593,0.0],[78.034764746456403,8.611832181953595,0.0],[78.034717157236202,8.611784592733294,0.0],[78.03466956801617,8.611784592733294,0.0],[78.034621978795954,8.611784592733295,0.0],[78.034526800355707,8.611784592733294,0.0],[78.034479211135789,8.611784592733295,0.0],[78.034431621915473,8.611784592733294,0.0],[78.034384032695456,8.611784592733295,0.0],[78.034288854255223,8.611784592733294,0.0],[78.034241265035106,8.611784592733295,0.0],[78.034193675814976,8.611784592733295,0.0],[78.034193675814976,8.612022538833985,0.0],[78.034193675814976,8.612070128054105,0.0],[78.034193675814976,8.61230807415453,0.0],[78.034193675814976,8.612450841814978,0.0],[78.034193675814976,8.61254602025522,0.0],[78.034193675814976,8.612593609475251,0.0],[78.034146086594859,8.61278396635573,0.0],[78.034098497374757,8.612974323236214,0.0],[78.034098497374742,8.613069501676453,0.0],[78.034050908154541,8.613355036997175,0.0],[78.034050908154541,8.613497804657447,0.0],[78.033955729714307,8.613735750758133,0.0],[78.033812962054043,8.614021286078946,0.0],[78.033812962054043,8.614068875298887,0.0],[78.033812962054043,8.614116464519183,0.0],[78.033670194393792,8.614354410619697,0.0],[78.033622605173562,8.614401999839817,0.0],[78.033575015953545,8.614449589059936,0.0],[78.033337069852877,8.61478271360069,0.0],[78.033194302192598,8.615020659701289,0.0],[78.033051534532163,8.615115838141621,0.0],[78.033003945312132,8.61521101658186,0.0],[78.032956356092015,8.61521101658186,0.0],[78.032908766871913,8.615258605801802,0.0],[78.033003945312132,8.616020033323815,0.0],[78.033765372834011,8.616543514744958,0.0],[78.033765372834011,8.616591103965254,0.0],[78.034050908154541,8.616733871625527,0.0],[78.034288854255237,8.616829050065764,0.0],[78.034621978795968,8.616876639285705,0.0],[78.034621978795968,8.616924228505919,0.0],[78.034669568016184,8.616924228505917,0.0],[78.034717157236216,8.616924228505917,0.0],[78.034764746456403,8.616971817725949,0.0],[78.034812335676435,8.616971817725947,0.0],[78.034859924896651,8.617019406946243,0.0],[78.034859924896651,8.617066996166187,0.0],[78.035097870997149,8.61716217460652,0.0],[78.035097870997149,8.617209763826638,0.0],[78.03514546021718,8.617209763826638,0.0],[78.035193049437382,8.617209763826637,0.0],[78.035335817097732,8.617257353046758,0.0],[78.035383406317848,8.617257353046758,0.0],[78.03543099553788,8.617257353046757,0.0],[78.035478584758096,8.617257353046755,0.0],[78.035573763198315,8.617257353046758,0.0],[78.035621352418346,8.617257353046755,0.0],[78.035764120078781,8.617066996166185,0.0],[78.035811709298812,8.617019406946243,0.0],[78.035811709298812,8.616924228505916,0.0],[78.036002066179293,8.616638693185193,0.0],[78.036002066179293,8.61659110396525,0.0],[78.036049655399495,8.616543514744953,0.0],[78.036049655399495,8.616448336304712,0.0],[78.036097244619626,8.61640074708477,0.0],[78.036097244619626,8.616353157864562,0.0],[78.036097244619626,8.616305568644529,0.0],[78.036097244619626,8.616162800983989,0.0],[78.036097244619626,8.616115211763962,0.0],[78.036097244619626,8.616067622543838,0.0],[78.036097244619626,8.615924854883481,0.0],[78.036097244619626,8.615877265663267,0.0],[78.036097244619626,8.615829676443331,0.0],[78.036144833839742,8.615591730342729,0.0],[78.036192423059745,8.615401373462245,0.0],[78.036192423059745,8.615353784242036,0.0]]]]}},
{"type":"Feature","properties":{"Tank_name":"Authoor","id":9897},"geometry":{"type":"MultiPolygon","coordinates":[[[[78.07830888286081,8.625585466567079,0.0],[78.078356472080827,8.625537877347048,0.0],[78.078404061301015,8.62553787734705,0.0],[78.078451650521046,8.625490288126839,0.0],[78.078594418181495,8.625442698906719,0.0],[78.07873718584176,8.625395109686508,0.0],[78.078784775061976,8.625395109686508,0.0],[78.078879953502195,8.625299931246268,0.0],[78.079117899602707,8.625204752806027,0.0],[78.079117899602707,8.625157163586088,0.0],[78.079165488822738,8.625109574365966,0.0],[78.079213078042926,8.625061985145846,0.0],[78.079308256483174,8.624919217485573,0.0],[78.079308256483174,8.624871628265277,0.0],[78.079403434923407,8.624824039045334,0.0],[78.079498613363654,8.624681271384796,0.0],[78.079546202583757,8.624681271384794,0.0],[78.079593791803873,8.624538503724523,0.0],[78.079641381023905,8.624443325284284,0.0],[78.079688970244206,8.624443325284282,0.0],[78.079736559464152,8.624348146844042,0.0],[78.079784148684439,8.624252968403892,0.0],[78.079831737904371,8.624110200743351,0.0],[78.079879327124587,8.624062611523412,0.0],[78.079926916344618,8.62396743308317,0.0],[78.080069684005068,8.623729486982567,0.0],[78.08011727322517,8.623729486982569,0.0],[78.08011727322517,8.623681897762358,0.0],[78.080164862445272,8.623634308542416,0.0],[78.080212451665304,8.623539130102179,0.0],[78.080212451665304,8.623491540881876,0.0],[78.080307630105565,8.623348773221606,0.0],[78.080355219325583,8.623348773221606,0.0],[78.080402808545784,8.623253594781362,0.0],[78.080402808545784,8.623206005561247,0.0],[78.080497986986018,8.623110827121007,0.0],[78.080545576206134,8.622968059460645,0.0],[78.080593165426251,8.622872881020493,0.0],[78.080640754646282,8.622872881020493,0.0],[78.080688343866498,8.622730113360133,0.0],[78.080783522306731,8.622587345699685,0.0],[78.080831111526749,8.622492167259445,0.0],[78.080831111526749,8.622444578039502,0.0],[78.08087870074705,8.622396988819201,0.0],[78.08087870074705,8.622349399599258,0.0],[78.080926289966982,8.622301810379049,0.0],[78.081021468407229,8.622159042718689,0.0],[78.081069057627431,8.622159042718689,0.0],[78.081069057627431,8.622111453498569,0.0],[78.081116646847462,8.622016275058328,0.0],[78.081116646847462,8.621968685838208,0.0],[78.081116646847462,8.62192109661809,0.0],[78.081069057627431,8.62192109661809,0.0],[78.080926289966982,8.621778328957728,0.0],[78.080926289966982,8.62173073973752,0.0],[78.080926289966982,8.621683150517576,0.0],[78.080783522306717,8.621492793637097,0.0],[78.080783522306717,8.621254847536584,0.0],[78.080783522306717,8.621064490656103,0.0],[78.080783522306717,8.620874133775535,0.0],[78.080783522306717,8.620731366115173,0.0],[78.080783522306717,8.620683776895145,0.0],[78.080783522306717,8.620541009234604,0.0],[78.080783522306717,8.620493420014663,0.0],[78.080783522306717,8.62025547391406,0.0],[78.080783522306717,8.620112706253613,0.0],[78.080783522306717,8.62006511703367,0.0],[78.080735933086515,8.619922349373134,0.0],[78.080735933086515,8.619874760153191,0.0],[78.080688343866498,8.619827170932981,0.0],[78.080688343866498,8.619636814052502,0.0],[78.080688343866484,8.619398867951899,0.0],[78.080688343866484,8.619351278731692,0.0],[78.080735933086515,8.619303689511749,0.0],[78.080926289966982,8.619208511071507,0.0],[78.080973879187283,8.619208511071506,0.0],[78.081116646847462,8.619113332631267,0.0],[78.081211825287681,8.619018154190938,0.0],[78.081259414507898,8.618875386530755,0.0],[78.081259414507898,8.618827797310459,0.0],[78.081259414507898,8.618780208090511,0.0],[78.081259414507898,8.618732618870215,0.0],[78.081211825287681,8.618637440430064,0.0],[78.08116423606765,8.618637440430065,0.0],[78.08116423606765,8.618589851209945,0.0],[78.081116646847448,8.618494672769705,0.0],[78.081021468407215,8.618304315889223,0.0],[78.080973879187283,8.618304315889226,0.0],[78.08087870074705,8.618161548228775,0.0],[78.08087870074705,8.618113959008834,0.0],[78.080831111526749,8.61792360212835,0.0],[78.080783522306717,8.617923602128352,0.0],[78.080783522306717,8.61787601290823,0.0],[78.080735933086515,8.617733245247784,0.0],[78.080688343866484,8.617542888367391,0.0],[78.080688343866484,8.617257353046673,0.0],[78.080688343866484,8.61697181772586,0.0],[78.080688343866484,8.616924228505829,0.0],[78.080640754646268,8.616733871625437,0.0],[78.080640754646268,8.616686282405317,0.0],[78.080593165426222,8.616638693185109,0.0],[78.08054557620612,8.616638693185109,0.0],[78.080497986986003,8.616495925524925,0.0],[78.080497986986003,8.616448336304629,0.0],[78.080450397765787,8.616305568644446,0.0],[78.080355219325568,8.616067622543754,0.0],[78.080307630105551,8.616020033323727,0.0],[78.080260040885506,8.615734498003002,0.0],[78.080260040885506,8.615686908782704,0.0],[78.08021245166529,8.615591730342643,0.0],[78.08021245166529,8.615448962682192,0.0],[78.080164862445272,8.615211016581769,0.0],[78.080117273225156,8.615020659701202,0.0],[78.080117273225156,8.61497307048108,0.0],[78.080022094784837,8.614877892040839,0.0],[78.080022094784837,8.614830302820721,0.0],[78.079974505564792,8.614639945940329,0.0],[78.079926916344604,8.614306821399488,0.0],[78.079879327124559,8.614164053739042,0.0],[78.079879327124559,8.614068875298797,0.0],[78.079831737904343,8.613926107638616,0.0],[78.079831737904343,8.613830929198285,0.0],[78.079784148684425,8.61373575075805,0.0],[78.079784148684425,8.613640572317806,0.0],[78.079736559464124,8.613450215437412,0.0],[78.079736559464124,8.61340262621712,0.0],[78.079736559464124,8.613355036997087,0.0],[78.079736559464124,8.613259858556932,0.0],[78.079736559464124,8.613212269336811,0.0],[78.079736559464124,8.613164680116695,0.0],[78.079736559464124,8.613021912456421,0.0],[78.079688970244177,8.612926734016181,0.0],[78.079498613363626,8.612879144795885,0.0],[78.07945102414341,8.612879144795887,0.0],[78.079403434923378,8.612879144795887,0.0],[78.079117899602679,8.612783966355645,0.0],[78.078832364281965,8.612736377135699,0.0],[78.078642007401498,8.612688787915495,0.0],[78.078499239741333,8.612641198695377,0.0],[78.078451650521018,8.612593609475168,0.0],[78.078308882860782,8.612498431035016,0.0],[78.078166115200403,8.612308074154447,0.0],[78.078118525980287,8.612308074154447,0.0],[78.078070936760085,8.612308074154447,0.0],[78.077928169099835,8.612212895714205,0.0],[78.077880579879789,8.612165306494264,0.0],[78.077737812219439,8.612117717273966,0.0],[78.077690222999323,8.612117717273966,0.0],[78.077595044559104,8.612117717273964,0.0],[78.077547455338888,8.612117717273966,0.0],[78.077452276898654,8.612022538833905,0.0],[78.077404687678609,8.612022538833903,0.0],[78.077214330798142,8.611974949613787,0.0],[78.077119152357923,8.611879771173454,0.0],[78.077119152357923,8.611832181953512,0.0],[78.077119152357923,8.611784592733216,0.0],[78.077119152357923,8.611689414293066,0.0],[78.07716674157794,8.611594235852733,0.0],[78.07716674157794,8.611451468192463,0.0],[78.077214330798142,8.611356289752223,0.0],[78.077214330798142,8.611213522091862,0.0],[78.077309509238475,8.611023165211289,0.0],[78.077357098458407,8.61083280833099,0.0],[78.077357098458407,8.61073762989075,0.0],[78.077357098458407,8.610547273010356,0.0],[78.077357098458407,8.610452094570118,0.0],[78.077357098458407,8.610404505349909,0.0],[78.077309509238475,8.610261737689546,0.0],[78.077309509238475,8.610023791588945,0.0],[78.077309509238475,8.609881023928674,0.0],[78.077309509238475,8.609690667048193,0.0],[78.077309509238475,8.609643077828073,0.0],[78.077309509238475,8.609547899387834,0.0],[78.077309509238475,8.609452720947685,0.0],[78.077309509238475,8.609405131727382,0.0],[78.077309509238475,8.609357542507441,0.0],[78.077261920018174,8.60916718562696,0.0],[78.077261920018174,8.609024417966513,0.0],[78.077214330798142,8.608929239526267,0.0],[78.07716674157794,8.608738882645701,0.0],[78.077119152357909,8.608596114985517,0.0],[78.077071563137793,8.608358168885006,0.0],[78.077071563137793,8.608310579664712,0.0],[78.077023973917662,8.608167812004528,0.0],[78.077023973917662,8.608025044343986,0.0],[78.076976384697559,8.607977455124045,0.0],[78.076976384697559,8.607929865903749,0.0],[78.076928795477443,8.607929865903751,0.0],[78.076881206257227,8.607834687463598,0.0],[78.076833617037195,8.607834687463598,0.0],[78.076690849376945,8.607691919803237,0.0],[78.076548081716581,8.607596741362995,0.0],[78.076500492496479,8.607596741363,0.0],[78.076500492496479,8.60754915214279,0.0],[78.076357724836015,8.607406384482609,0.0],[78.076310135615998,8.607406384482609,0.0],[78.076310135615998,8.607358795262307,0.0],[78.076262546395796,8.607311206042365,0.0],[78.076262546395796,8.607216027602126,0.0],[78.076214957175765,8.607168438382097,0.0],[78.076167367955563,8.607073259941764,0.0],[78.076167367955563,8.607025670721555,0.0],[78.076119778735602,8.606930492281316,0.0],[78.076119778735602,8.606882903061372,0.0],[78.076072189515315,8.606644956960684,0.0],[78.075977011075082,8.606549778520444,0.0],[78.075739064974599,8.606502189300326,0.0],[78.075596297314135,8.606454600080205,0.0],[78.075501118874101,8.606454600080207,0.0],[78.075405940433839,8.606454600080204,0.0],[78.075263172773404,8.606454600080207,0.0],[78.075215583553373,8.606502189300326,0.0],[78.075167994333171,8.606502189300326,0.0],[78.075072815892938,8.606502189300326,0.0],[78.074977637452719,8.606502189300326,0.0],[78.074834869792426,8.606502189300327,0.0],[78.074692102131991,8.606502189300327,0.0],[78.074501745251524,8.606502189300327,0.0],[78.074454156031493,8.606502189300327,0.0],[78.074311388371243,8.606454600080209,0.0],[78.074263799151126,8.606407010860176,0.0],[78.073454782409115,8.606216653979697,0.0],[78.072645765667204,8.605788350998708,0.0],[78.072550587227056,8.606882903061383,0.0],[78.072550587227056,8.606978081501623,0.0],[78.07255058722707,8.60702567072156,0.0],[78.07255058722707,8.607073259941769,0.0],[78.072502998006769,8.607073259941771,0.0],[78.072455408786738,8.607263616822253,0.0],[78.072407819566536,8.607311206042375,0.0],[78.072265051906271,8.607596741363006,0.0],[78.072265051906271,8.607644330583124,0.0],[78.072265051906271,8.607739509023366,0.0],[78.072265051906271,8.607834687463606,0.0],[78.072265051906271,8.607977455124054,0.0],[78.072217462686069,8.608215401224479,0.0],[78.072217462686069,8.608310579664719,0.0],[78.072217462686069,8.608358168885019,0.0],[78.072169873466038,8.608596114985529,0.0],[78.072169873466038,8.608643704205473,0.0],[78.072122284245836,8.608786471865921,0.0],[78.072074695025805,8.60892923952628,0.0],[78.072074695025805,8.609072007186644,0.0],[78.072074695025805,8.609309953287156,0.0],[78.072027105805589,8.609309953287156,0.0],[78.072027105805589,8.609357542507453,0.0],[78.071979516585571,8.609547899387845,0.0],[78.071979516585571,8.609595488607965,0.0],[78.071979516585571,8.609643077828084,0.0],[78.071979516585571,8.609690667048202,0.0],[78.071979516585571,8.609881023928684,0.0],[78.071979516585571,8.610118970029198,0.0],[78.071979516585571,8.610166559249317,0.0],[78.071979516585571,8.610356916129886,0.0],[78.071931927365554,8.610499683790069,0.0],[78.071931927365554,8.610642451450522,0.0],[78.071931927365554,8.610690040670551,0.0],[78.071931927365554,8.610785219110879,0.0],[78.07178915970519,8.611023165211304,0.0],[78.07178915970519,8.611070754431601,0.0],[78.071741570485074,8.611118343651546,0.0],[78.071551213604678,8.611451468192474,0.0],[78.071408445944172,8.611689414293078,0.0],[78.071360856724226,8.611879771173466,0.0],[78.071313267503925,8.611927360393675,0.0],[78.071265678283908,8.612165306494278,0.0],[78.071170499843674,8.612450841814907,0.0],[78.071122910623458,8.612498431035029,0.0],[78.071122910623458,8.612546020255149,0.0],[78.071122910623458,8.612641198695391,0.0],[78.071122910623458,8.612688787915509,0.0],[78.071122910623458,8.612926734016199,0.0],[78.071122910623473,8.613021912456436,0.0],[78.071170499843674,8.613021912456439,0.0],[78.071170499843674,8.613164680116713,0.0],[78.071170499843674,8.613307447776899,0.0],[78.071170499843674,8.613355036997101,0.0],[78.071218089063692,8.613355036997106,0.0],[78.071313267503925,8.613450215437432,0.0],[78.071503624384405,8.613497804657374,0.0],[78.071503624384405,8.613545393877668,0.0],[78.07164639204484,8.613592983097702,0.0],[78.07164639204484,8.613640572317824,0.0],[78.071741570485074,8.613688161537944,0.0],[78.071836748925307,8.613783339978182,0.0],[78.071884338145338,8.613830929198301,0.0],[78.072074695025819,8.613878518418421,0.0],[78.072217462686083,8.614068875298813,0.0],[78.072265051906285,8.614068875298813,0.0],[78.07240781956655,8.614306821399502,0.0],[78.072455408786752,8.614306821399504,0.0],[78.07259817644703,8.614497178279809,0.0],[78.072693354887249,8.614639945940343,0.0],[78.072740944107466,8.614687535160286,0.0],[78.072788533327497,8.614687535160288,0.0],[78.07288371176773,8.614782713600617,0.0],[78.072931300987932,8.614877892040855,0.0],[78.072978890208063,8.614973070481096,0.0],[78.072978890208063,8.615020659701216,0.0],[78.073026479428165,8.615068248921336,0.0],[78.073074068648197,8.615306195022027,0.0],[78.073074068648197,8.615353784241966,0.0],[78.073121657868398,8.615448962682207,0.0],[78.07316924708843,8.615591730342659,0.0],[78.07316924708843,8.615639319562778,0.0],[78.07316924708843,8.615686908782719,0.0],[78.07316924708843,8.615734498003018,0.0],[78.07316924708843,8.615782087222959,0.0],[78.07316924708843,8.615829676443258,0.0],[78.073074068648197,8.615877265663201,0.0],[78.073026479428165,8.615877265663199,0.0],[78.072931300987932,8.615924854883412,0.0],[78.072788533327497,8.616020033323741,0.0],[78.07259817644703,8.616162800983922,0.0],[78.072550587227084,8.61616280098392,0.0],[78.072312641126317,8.616400747084702,0.0],[78.072312641126317,8.616448336304643,0.0],[78.072360230346533,8.616686282405333,0.0],[78.072360230346533,8.616733871625456,0.0],[78.072360230346533,8.616924228505846,0.0],[78.072360230346533,8.617114585386327,0.0],[78.072312641126317,8.617257353046686,0.0],[78.072265051906285,8.617257353046687,0.0],[78.072265051906285,8.617304942266809,0.0],[78.072169873466066,8.617447709927079,0.0],[78.072169873466066,8.617495299147377,0.0],[78.072027105805603,8.617590477587617,0.0],[78.071884338145352,8.617590477587619,0.0],[78.071836748925307,8.617590477587619,0.0],[78.07178915970519,8.617590477587623,0.0],[78.071693981264872,8.617542888367408,0.0],[78.07136085672424,8.617447709927081,0.0],[78.071313267503939,8.61740012070705,0.0],[78.071218089063706,8.61740012070705,0.0],[78.071170499843689,8.61740012070705,0.0],[78.070980142963208,8.617447709927079,0.0],[78.070932553742992,8.617447709927079,0.0],[78.070504250762028,8.617495299147382,0.0],[78.070456661541996,8.617495299147381,0.0],[78.070218715441328,8.617542888367408,0.0],[78.070171126221368,8.617590477587624,0.0],[78.070171126221368,8.617638066807563,0.0],[78.070171126221368,8.617685656027771,0.0],[78.070171126221368,8.617733245247802,0.0],[78.070171126221368,8.617876012908253,0.0],[78.070171126221368,8.617923602128373,0.0],[78.070171126221368,8.618018780568615,0.0],[78.070171126221368,8.618113959008852,0.0],[78.070171126221368,8.618304315889244,0.0],[78.070171126221368,8.618494672769726,0.0],[78.070218715441328,8.618732618870238,0.0],[78.07026630466153,8.618970564970928,0.0],[78.07026630466153,8.619018154190959,0.0],[78.07026630466153,8.619065743411257,0.0],[78.070361483101777,8.619208511071527,0.0],[78.070361483101777,8.619256100291471,0.0],[78.070361483101777,8.61935127873171,0.0],[78.070361483101777,8.619398867951917,0.0],[78.070361483101777,8.619541635612283,0.0],[78.070409072321809,8.619636814052523,0.0],[78.070409072321809,8.619684403272643,0.0],[78.070551839982244,8.619731992492762,0.0],[78.07074219686271,8.619874760153213,0.0],[78.070884964522975,8.619969938593453,0.0],[78.070884964522975,8.620017527813394,0.0],[78.070932553742992,8.620017527813392,0.0],[78.071027732183325,8.620207884693869,0.0],[78.071075321403441,8.620207884693873,0.0],[78.071075321403441,8.620255473914082,0.0],[78.071218089063706,8.62035065235432,0.0],[78.071313267503939,8.620398241574444,0.0],[78.071693981264872,8.620541009234625,0.0],[78.071741570485088,8.620541009234623,0.0],[78.071884338145352,8.620636187674863,0.0],[78.072027105805617,8.620683776895165,0.0],[78.072074695025819,8.620683776895163,0.0],[78.072217462686098,8.620778955335313,0.0],[78.072312641126331,8.620826544555435,0.0],[78.072455408786766,8.620826544555433,0.0],[78.072502998006797,8.620826544555431,0.0],[78.072645765667232,8.620826544555431,0.0],[78.072693354887264,8.620826544555431,0.0],[78.07274094410748,8.620826544555433,0.0],[78.07288371176773,8.620778955335311,0.0],[78.073074068648211,8.620731366115187,0.0],[78.073216836308475,8.620683776895159,0.0],[78.073312014748709,8.620683776895158,0.0],[78.073407193189027,8.620683776895159,0.0],[78.073502371629175,8.620683776895158,0.0],[78.073597550069422,8.620731366115189,0.0],[78.073740317729957,8.620731366115189,0.0],[78.073787906949875,8.620778955335311,0.0],[78.073930674610324,8.620826544555431,0.0],[78.073978263830369,8.620826544555428,0.0],[78.074121031490805,8.620874133775549,0.0],[78.074311388371257,8.620969312215786,0.0],[78.074311388371257,8.62101690143591,0.0],[78.074311388371257,8.621159669096357,0.0],[78.074263799151154,8.621350025976836,0.0],[78.074263799151154,8.621445204417078,0.0],[78.074216209931038,8.621540382857232,0.0],[78.074168620710921,8.621635561297291,0.0],[78.074073442270588,8.621778328957742,0.0],[78.074025853050571,8.621873507397984,0.0],[78.073930674610324,8.621968685838226,0.0],[78.073883085390108,8.622016275058346,0.0],[78.073883085390108,8.622063864278463,0.0],[78.073835496170076,8.622063864278463,0.0],[78.073740317729957,8.622159042718703,0.0],[78.073645139289624,8.622254221159034,0.0],[78.073597550069422,8.622254221159032,0.0],[78.073549960849391,8.622301810379065,0.0],[78.073502371629175,8.622301810379065,0.0],[78.073407193189027,8.622396988819215,0.0],[78.073312014748709,8.622634934919997,0.0],[78.073312014748709,8.622682524140027,0.0],[78.073359603968925,8.622682524140028,0.0],[78.073454782409144,8.62282529180021,0.0],[78.073597550069422,8.622968059460659,0.0],[78.073692728509641,8.623158416341139,0.0],[78.073740317729957,8.6233011840015,0.0],[78.073740317729957,8.623348773221618,0.0],[78.073740317729957,8.62339636244174,0.0],[78.073740317729957,8.623539130102188,0.0],[78.073740317729957,8.62363430854243,0.0],[78.073692728509641,8.623729486982581,0.0],[78.073597550069422,8.623872254642942,0.0],[78.073502371629175,8.624015022303125,0.0],[78.073407193189041,8.624062611523422,0.0],[78.073407193189041,8.624110200743363,0.0],[78.073312014748709,8.624157789963663,0.0],[78.073264425528691,8.624157789963665,0.0],[78.073121657868427,8.624205379183605,0.0],[78.073074068648211,8.624300557623936,0.0],[78.073074068648211,8.624348146844055,0.0],[78.073121657868427,8.624348146844055,0.0],[78.073169247088458,8.624538503724537,0.0],[78.073169247088458,8.624633682164868,0.0],[78.073216836308475,8.624633682164866,0.0],[78.073264425528691,8.624681271384809,0.0],[78.073312014748709,8.624728860605105,0.0],[78.073359603968925,8.624728860605103,0.0],[78.073407193189041,8.624776449825138,0.0],[78.073454782409158,8.624776449825138,0.0],[78.073502371629175,8.624776449825138,0.0],[78.073597550069422,8.624776449825136,0.0],[78.073692728509641,8.624776449825138,0.0],[78.073740317729957,8.624776449825136,0.0],[78.073930674610324,8.624776449825138,0.0],[78.074168620710921,8.624776449825136,0.0],[78.074216209931038,8.624776449825136,0.0],[78.074406566811334,8.624776449825134,0.0],[78.074644512911988,8.624776449825132,0.0],[78.074692102132033,8.624776449825134,0.0],[78.074787280572281,8.624776449825134,0.0],[78.074930048232801,8.624776449825134,0.0],[78.07507281589298,8.624776449825134,0.0],[78.075120405113182,8.624776449825134,0.0],[78.075215583553415,8.624824039045341,0.0],[78.075501118874129,8.624919217485582,0.0],[78.075548708094161,8.62491921748558,0.0],[78.075739064974641,8.624966806705524,0.0],[78.076024600295327,8.625014395925822,0.0],[78.076072189515358,8.625061985145852,0.0],[78.076119778735645,8.62506198514585,0.0],[78.076167367955591,8.625061985145852,0.0],[78.076262546395824,8.62506198514585,0.0],[78.076405314056259,8.62510957436597,0.0],[78.076548081716624,8.625157163586092,0.0],[78.076833617037238,8.625347520466571,0.0],[78.077119152357938,8.625442698906722,0.0],[78.077166741577983,8.625490288126841,0.0],[78.077214330798185,8.625490288126841,0.0],[78.07735709845845,8.625537877347051,0.0],[78.077404687678651,8.625537877347051,0.0],[78.077499866118885,8.625585466567081,0.0],[78.077785401439584,8.625585466567079,0.0],[78.078070936760113,8.625585466567079,0.0],[78.07826129364058,8.625585466567079,0.0],[78.07830888286081,8.625585466567079,0.0]]]]}},
{"type":"Feature","properties":{"Tank_name":"Nallur Keelakulam","id":9898},"geometry":{"type":"MultiPolygon","coordinates":[[[[78.055078703088739,8.588370696436007,0.0],[78.055941949407043,8.589084534737628,0.0],[78.057179269130117,8.591130871202704,0.0],[78.057512393670933,8.59246336936598,0.0],[78.05755998289105,8.592415780145858,0.0],[78.057607572111067,8.592368190925743,0.0],[78.057655161331283,8.592320601705618,0.0],[78.057702750551329,8.592320601705618,0.0],[78.057750339771346,8.592273012485499,0.0],[78.057797928991548,8.592273012485499,0.0],[78.057988285872014,8.592177834045259,0.0],[78.058035875092045,8.592177834045257,0.0],[78.058083464312261,8.592177834045255,0.0],[78.058178642752495,8.592130244825139,0.0],[78.058226231972512,8.592130244825139,0.0],[78.058321410412759,8.592035066384986,0.0],[78.058368999632961,8.592035066384986,0.0],[78.058511767293226,8.591939887944744,0.0],[78.058606945733459,8.591939887944744,0.0],[78.058797302613925,8.591797120284383,0.0],[78.058844891834156,8.591749531064263,0.0],[78.059035248714437,8.591701941844232,0.0],[78.059082837934653,8.591701941844232,0.0],[78.059320784035137,8.59170194184423,0.0],[78.059368373255339,8.591701941844232,0.0],[78.05941596247537,8.591701941844232,0.0],[78.059558730135819,8.591701941844232,0.0],[78.059653908576053,8.591701941844228,0.0],[78.05970149779607,8.591701941844228,0.0],[78.059796676236317,8.591654352623932,0.0],[78.059939443896752,8.591606763403989,0.0],[78.060129800777048,8.591511584963747,0.0],[78.060224979217281,8.591511584963747,0.0],[78.060558103758183,8.591416406523505,0.0],[78.060653282198516,8.591416406523505,0.0],[78.060938817519144,8.591416406523503,0.0],[78.061033995959363,8.591416406523503,0.0],[78.061176763619642,8.591368817303206,0.0],[78.061224352839844,8.591368817303207,0.0],[78.061367120500094,8.59127363886306,0.0],[78.061414709720125,8.59127363886306,0.0],[78.061509888160444,8.591226049642936,0.0],[78.061605066600606,8.591178460422817,0.0],[78.061747834261041,8.591083281982574,0.0],[78.062033369581755,8.590988103542333,0.0],[78.062176137242005,8.590940514322215,0.0],[78.062223726462221,8.590892925102004,0.0],[78.062271315682338,8.590892925102004,0.0],[78.062271315682338,8.590845335882063,0.0],[78.062366494122585,8.590845335882062,0.0],[78.062414083342702,8.590750157441821,0.0],[78.062747207883419,8.590559800561339,0.0],[78.06279479710345,8.590559800561339,0.0],[78.062937564763885,8.590512211341219,0.0],[78.062985153983917,8.590512211341219,0.0],[78.063127921644366,8.590464622121011,0.0],[78.063175510864383,8.590417032901067,0.0],[78.063318278524832,8.590417032901069,0.0],[78.063365867744878,8.590369443680769,0.0],[78.06355622462543,8.590321854460829,0.0],[78.063651403065577,8.590274265240527,0.0],[78.063746581505811,8.590226676020587,0.0],[78.063841759946044,8.590179086800289,0.0],[78.063984527606308,8.590036319140015,0.0],[78.064127295266744,8.589893551479653,0.0],[78.064317652147224,8.589703194599085,0.0],[78.064460419807489,8.589560426938901,0.0],[78.064555598247708,8.589417659278544,0.0],[78.064698365908157,8.589322480838391,0.0],[78.064745955128188,8.589227302398061,0.0],[78.064745955128188,8.589179713177854,0.0],[78.064841133568507,8.589084534737614,0.0],[78.064936312008655,8.588989356297457,0.0],[78.064983901228686,8.588798999416978,0.0],[78.065079079669005,8.588608642536499,0.0],[78.065079079669005,8.588561053316381,0.0],[78.065174258109252,8.58841828565593,0.0],[78.065174258109252,8.588370696435986,0.0],[78.065269436549386,8.588227928775623,0.0],[78.065317025769588,8.588132750335472,0.0],[78.065364614989619,8.588132750335474,0.0],[78.065364614989619,8.588085161115176,0.0],[78.065364614989619,8.587989982674936,0.0],[78.065412204209906,8.587942393454991,0.0],[78.06541220420992,8.587894804234697,0.0],[78.065412204209906,8.587847215014753,0.0],[78.065459793429866,8.587752036574514,0.0],[78.065459793429866,8.587609268914063,0.0],[78.065507382650068,8.587561679693943,0.0],[78.065554971870085,8.587371322813466,0.0],[78.065602561090301,8.58718096593307,0.0],[78.065650150310319,8.586990609052592,0.0],[78.065745328750552,8.58680025217202,0.0],[78.065792917970768,8.586609895291627,0.0],[78.065792917970768,8.586514716851386,0.0],[78.065888096411001,8.586324359970908,0.0],[78.065888096411001,8.586229181530667,0.0],[78.065888096411001,8.586086413870307,0.0],[78.065888096411001,8.585991235430157,0.0],[78.065888096411001,8.585848467769793,0.0],[78.065888096411001,8.585753289329642,0.0],[78.065888096411001,8.585658110889314,0.0],[78.065888096411001,8.585610521669103,0.0],[78.065888096411001,8.585467754008924,0.0],[78.065888096411001,8.585324986348382,0.0],[78.065935685631032,8.585182218688114,0.0],[78.065935685631032,8.585087040247872,0.0],[78.065983274851249,8.584944272587423,0.0],[78.065983274851249,8.584801504927242,0.0],[78.066030864071251,8.584611148046758,0.0],[78.066030864071251,8.584468380386488,0.0],[78.066030864071251,8.584325612725948,0.0],[78.066030864071251,8.584278023506011,0.0],[78.066030864071251,8.584087666625436,0.0],[78.066030864071251,8.583944898965076,0.0],[78.066030864071251,8.583849720524837,0.0],[78.066030864071251,8.583802131304806,0.0],[78.065983274851234,8.583659363644268,0.0],[78.065935685631032,8.583516595984083,0.0],[78.065935685631032,8.583469006763966,0.0],[78.065888096411001,8.583278649883574,0.0],[78.065792917970754,8.583183471443334,0.0],[78.065792917970754,8.583088293003094,0.0],[78.065792917970754,8.583040703782794,0.0],[78.065745328750538,8.582993114562854,0.0],[78.065745328750538,8.582945525342645,0.0],[78.065602561090301,8.582897936122524,0.0],[78.065554971870071,8.582850346902315,0.0],[78.065507382650054,8.582802757682282,0.0],[78.065459793429866,8.582802757682284,0.0],[78.065412204209906,8.582755168462164,0.0],[78.065364614989605,8.582755168462164,0.0],[78.065269436549372,8.582755168462164,0.0],[78.06522184732934,8.582755168462162,0.0],[78.065126668889121,8.582802757682284,0.0],[78.06507907966899,8.582850346902315,0.0],[78.065031490448874,8.582850346902315,0.0],[78.064936312008641,8.582945525342645,0.0],[78.064888722788439,8.582945525342643,0.0],[78.064793544348376,8.582993114562855,0.0],[78.064745955128174,8.582993114562855,0.0],[78.064698365908143,8.583040703782798,0.0],[78.06460318746791,8.583088293003096,0.0],[78.064555598247694,8.583135882223035,0.0],[78.064460419807475,8.583183471443338,0.0],[78.064222473707062,8.583231060663278,0.0],[78.063984527606294,8.583326239103519,0.0],[78.063794170725814,8.583326239103521,0.0],[78.063746581505796,8.583326239103519,0.0],[78.063556224625415,8.583373828323728,0.0],[78.063413456965066,8.583421417543844,0.0],[78.063365867744849,8.583421417543848,0.0],[78.063127921644352,8.583516595984092,0.0],[78.06308033242415,8.583516595984088,0.0],[78.063032743204204,8.583516595984088,0.0],[78.062699618663288,8.583611774424243,0.0],[78.062652029443171,8.58361177442424,0.0],[78.06260444022297,8.583659363644275,0.0],[78.062556851002938,8.583706952864572,0.0],[78.062509261782736,8.583706952864571,0.0],[78.062509261782736,8.583754542084513,0.0],[78.062461672562705,8.583802131304811,0.0],[78.06231890490244,8.583849720524844,0.0],[78.062223726462207,8.583897309744964,0.0],[78.062176137241991,8.583944898965081,0.0],[78.062128548021974,8.583944898965084,0.0],[78.062033369581741,8.583992488185205,0.0],[78.061938191141479,8.583992488185203,0.0],[78.06184301270136,8.584040077405325,0.0],[78.061747834261027,8.584087666625448,0.0],[78.061700245040825,8.584087666625443,0.0],[78.061605066600592,8.584182845065774,0.0],[78.06150988816043,8.584230434285718,0.0],[78.061367120500094,8.584373201946166,0.0],[78.061319531279878,8.584373201946166,0.0],[78.061081585179465,8.584515969606441,0.0],[78.061033995959363,8.584515969606441,0.0],[78.060986406739147,8.584563558826737,0.0],[78.06093881751913,8.584563558826741,0.0],[78.060653282198516,8.58470632648701,0.0],[78.060558103758183,8.584706326487007,0.0],[78.060177389997236,8.584849094147193,0.0],[78.060129800777034,8.584849094147192,0.0],[78.060082211557003,8.584896683367491,0.0],[78.059749087016272,8.584944272587435,0.0],[78.05936837325531,8.585039451027765,0.0],[78.059130427154741,8.585087040247888,0.0],[78.058940070274176,8.585134629468007,0.0],[78.058797302613925,8.585134629468007,0.0],[78.05874971339388,8.585134629468005,0.0],[78.058702124173692,8.585134629468003,0.0],[78.058606945733445,8.585182218688129,0.0],[78.058559356513413,8.585182218688129,0.0],[78.058559356513413,8.585229807908249,0.0],[78.058464178073194,8.585229807908249,0.0],[78.058416588852964,8.585277397128365,0.0],[78.058321410412759,8.585420164788639,0.0],[78.058273821192799,8.585420164788641,0.0],[78.058273821192799,8.585515343228879,0.0],[78.058178642752466,8.585610521669121,0.0],[78.058083464312247,8.585753289329658,0.0],[78.058083464312247,8.585800878549689,0.0],[78.057988285872,8.585896056989933,0.0],[78.057940696651883,8.585991235430173,0.0],[78.057893107431781,8.586086413870323,0.0],[78.057845518211565,8.586181592310563,0.0],[78.057702750551314,8.586324359970924,0.0],[78.057702750551314,8.586371949191042,0.0],[78.057559982891036,8.586562306071615,0.0],[78.057369626010569,8.586800252172036,0.0],[78.05722685835012,8.586990609052606,0.0],[78.057084090689955,8.587085787492848,0.0],[78.057084090689955,8.587133376712877,0.0],[78.056988912249636,8.587228555153031,0.0],[78.056846144589173,8.587371322813478,0.0],[78.056750966149039,8.587466501253719,0.0],[78.056703376928937,8.587514090473841,0.0],[78.056608198488689,8.587561679693961,0.0],[78.056465430828425,8.587656858134201,0.0],[78.056465430828425,8.587704447354321,0.0],[78.056417841608209,8.587704447354321,0.0],[78.056179895507711,8.587799625794471,0.0],[78.056179895507711,8.587847215014772,0.0],[78.056179895507711,8.587894804234713,0.0],[78.056037127847276,8.587942393455011,0.0],[78.055941949407043,8.587989982674955,0.0],[78.055941949407043,8.588037571895253,0.0],[78.055751592526576,8.588132750335493,0.0],[78.055656414086329,8.588227928775643,0.0],[78.055466057205862,8.588323107215709,0.0],[78.055418467985831,8.588323107215706,0.0],[78.055323289545612,8.588370696436005,0.0],[78.055275700325581,8.588370696436003,0.0],[78.055085343445114,8.588370696436003,0.0],[78.055078703088739,8.588370696436007,0.0]]]]}},
{"type":"Feature","properties":{"Tank_name":"Nallur Mellakulam","id":9899},"geometry":{"type":"MultiPolygon","coordinates":[[[[78.057512393670933,8.59246336936598,0.0],[78.057179269130117,8.591130871202704,0.0],[78.055941949407043,8.589084534737628,0.0],[78.055078703088739,8.588370696436007,0.0],[78.055037754224898,8.588370696436007,0.0],[78.054704629684252,8.588370696436007,0.0],[78.054609451243934,8.588370696436007,0.0],[78.054561862023718,8.588370696436009,0.0],[78.054514272803701,8.588418285655949,0.0],[78.054514272803701,8.588465874876162,0.0],[78.054466683583485,8.588465874876162,0.0],[78.054419094363439,8.588561053316401,0.0],[78.054371505143337,8.588561053316401,0.0],[78.05432391592322,8.588751410196878,0.0],[78.054276326703004,8.58884658863712,0.0],[78.054228737482987,8.588941767077449,0.0],[78.054228737482987,8.589036945517689,0.0],[78.054228737482987,8.589084534737635,0.0],[78.054228737482987,8.589274891618112,0.0],[78.054181148262785,8.58932248083841,0.0],[78.054181148262785,8.58946524849868,0.0],[78.054181148262785,8.589512837718626,0.0],[78.054181148262785,8.589560426938924,0.0],[78.054181148262785,8.589608016158868,0.0],[78.054133559042839,8.589703194599105,0.0],[78.054085969822722,8.589798373039436,0.0],[78.054085969822722,8.589845962259556,0.0],[78.054038380602506,8.589893551479674,0.0],[78.054038380602506,8.589941140699795,0.0],[78.053990791382475,8.590036319140033,0.0],[78.053943202162372,8.59013149758036,0.0],[78.053943202162372,8.590179086800308,0.0],[78.05384802372204,8.590274265240549,0.0],[78.05384802372204,8.590321854460845,0.0],[78.053800434502008,8.590321854460843,0.0],[78.052229990238217,8.591178460422835,0.0],[78.052229990238217,8.591226049642955,0.0],[78.052182401018015,8.591416406523521,0.0],[78.052134811797998,8.591416406523521,0.0],[78.052134811797998,8.591511584963763,0.0],[78.052087222577782,8.591559174183706,0.0],[78.052087222577782,8.591606763404004,0.0],[78.052039633357765,8.591654352623948,0.0],[78.052039633357765,8.591701941844244,0.0],[78.051992044137549,8.591749531064274,0.0],[78.051944454917518,8.591797120284395,0.0],[78.051896865697316,8.591844709504516,0.0],[78.051849276477284,8.591939887944754,0.0],[78.051706508817034,8.592035066385,0.0],[78.051706508817034,8.592082655604941,0.0],[78.051516151936553,8.592225423265479,0.0],[78.051325795056172,8.59236819092575,0.0],[78.051135438175706,8.592463369365992,0.0],[78.051087848955405,8.592463369365994,0.0],[78.05094508129514,8.592558547806233,0.0],[78.050897492074938,8.592606137026442,0.0],[78.05080231363479,8.592653726246384,0.0],[78.050707135194457,8.592701315466682,0.0],[78.050611956754238,8.592796493906835,0.0],[78.050469189093945,8.592844083126865,0.0],[78.050421599873943,8.592844083126865,0.0],[78.050231242993448,8.592986850787405,0.0],[78.050183653773274,8.592986850787403,0.0],[78.049993296892779,8.593082029227379,0.0],[78.049945707672848,8.593082029227379,0.0],[78.049945707672848,8.593129618447678,0.0],[78.049945707672848,8.593177207667621,0.0],[78.049945707672848,8.593272386107859,0.0],[78.049945707672848,8.593510332208549,0.0],[78.049945707672848,8.593605510648787,0.0],[78.049945707672848,8.593653099868819,0.0],[78.049945707672848,8.593795867529359,0.0],[78.049945707672848,8.593891045969597,0.0],[78.049945707672848,8.59393863518954,0.0],[78.04989811845256,8.594033813629784,0.0],[78.049850529232515,8.594081402849989,0.0],[78.049802940012327,8.594081402849989,0.0],[78.04970776157208,8.594176581290233,0.0],[78.049660172352048,8.594176581290233,0.0],[78.049612583131932,8.594176581290231,0.0],[78.049374637031349,8.594271759730383,0.0],[78.049327047811317,8.594271759730383,0.0],[78.048993923270416,8.594319348950595,0.0],[78.048851155610237,8.594319348950593,0.0],[78.048755977170003,8.594319348950593,0.0],[78.048708387949688,8.594366938170538,0.0],[78.048660798729671,8.594366938170538,0.0],[78.048518031069236,8.594462116610776,0.0],[78.048422852629074,8.594509705831076,0.0],[78.048327674188741,8.594557295051107,0.0],[78.048280084968738,8.594557295051107,0.0],[78.048232495748522,8.594652473491344,0.0],[78.048089728088257,8.594700062711468,0.0],[78.047994549648109,8.594747651931588,0.0],[78.047946960428007,8.594747651931588,0.0],[78.047804192767572,8.594842830371828,0.0],[78.047518657446844,8.594890419592039,0.0],[78.047328300566392,8.594938008811981,0.0],[78.047137943685897,8.595033187252223,0.0],[78.04709035446588,8.595033187252222,0.0],[78.046899997585399,8.595080776472519,0.0],[78.046852408365368,8.595080776472519,0.0],[78.046757229925149,8.595128365692464,0.0],[78.046709640704933,8.595128365692464,0.0],[78.046662051484901,8.595128365692464,0.0],[78.046424105384233,8.595128365692464,0.0],[78.046376516164287,8.595128365692464,0.0],[78.046186159283735,8.595128365692466,0.0],[78.045995802403269,8.595128365692464,0.0],[78.045948213183053,8.595128365692462,0.0],[78.045662677862509,8.595175954912674,0.0],[78.045615088642407,8.595175954912674,0.0],[78.04556749942229,8.595175954912674,0.0],[78.045377142541838,8.595175954912674,0.0],[78.045329553321622,8.595175954912674,0.0],[78.045186785661429,8.595271133353002,0.0],[78.045139196441127,8.595271133353005,0.0],[78.044948839560661,8.595318722573037,0.0],[78.044758482680194,8.595461490233221,0.0],[78.044663304239961,8.595556668673458,0.0],[78.044520536579711,8.595651847113698,0.0],[78.044425358139549,8.595699436333909,0.0],[78.044377768919446,8.595747025554031,0.0],[78.044377768919446,8.595794614774148,0.0],[78.044425358139549,8.595794614774148,0.0],[78.044472947359665,8.595842203994268,0.0],[78.044520536579711,8.595842203994268,0.0],[78.044710893460163,8.59588979321439,0.0],[78.044710893460163,8.59593738243451,0.0],[78.044853661120527,8.59603256087475,0.0],[78.044901250340644,8.596032560874749,0.0],[78.044996428780877,8.5961277393149,0.0],[78.045044018000908,8.59622291775514,0.0],[78.045186785661443,8.596318096195381,0.0],[78.045281964101576,8.596413274635621,0.0],[78.045329553321622,8.596413274635621,0.0],[78.045377142541838,8.596460863855828,0.0],[78.045424731761855,8.596508453075948,0.0],[78.045472320982057,8.596508453075948,0.0],[78.045519910202074,8.596556042296069,0.0],[78.04556749942229,8.596651220736133,0.0],[78.04556749942229,8.596698809956429,0.0],[78.045662677862524,8.596841577616614,0.0],[78.045710267082555,8.596889166836823,0.0],[78.045853034742834,8.597031934497181,0.0],[78.045900623963021,8.597079523717298,0.0],[78.045948213183053,8.59717470215754,0.0],[78.045948213183067,8.597317469817815,0.0],[78.045948213183067,8.597412648258056,0.0],[78.045948213183067,8.597555415918501,0.0],[78.045900623963021,8.597603005138533,0.0],[78.045853034742834,8.597745772798984,0.0],[78.045805445522788,8.59774577279898,0.0],[78.045805445522788,8.597793362019104,0.0],[78.045757856302771,8.597793362019104,0.0],[78.045662677862524,8.59793612967929,0.0],[78.045662677862524,8.598126486559856,0.0],[78.045662677862524,8.598269254220217,0.0],[78.045662677862524,8.598364432660457,0.0],[78.045710267082569,8.598507200320817,0.0],[78.045757856302771,8.598602378761059,0.0],[78.045900623963021,8.598697557201209,0.0],[78.045948213183067,8.598697557201211,0.0],[78.045995802403283,8.598745146421416,0.0],[78.046233748503781,8.598840324861746,0.0],[78.046281337723968,8.598840324861744,0.0],[78.046376516164301,8.598887914081777,0.0],[78.046424105384247,8.598887914081775,0.0],[78.046614462264714,8.598935503301895,0.0],[78.046709640704947,8.598935503301895,0.0],[78.046899997585413,8.598983092522015,0.0],[78.047042765245678,8.599030681741958,0.0],[78.047137943685911,8.599030681741958,0.0],[78.047185532906127,8.59903068174196,0.0],[78.047233122126244,8.59903068174196,0.0],[78.047280711346346,8.59903068174196,0.0],[78.047280711346346,8.599078270962254,0.0],[78.047328300566392,8.599078270962254,0.0],[78.047423479006625,8.5991258601822,0.0],[78.047566246667159,8.599173449402496,0.0],[78.047613835887091,8.599173449402494,0.0],[78.047661425107293,8.599173449402496,0.0],[78.047804192767572,8.599221038622437,0.0],[78.047946960428007,8.599268627842644,0.0],[78.048089728088271,8.599316217062764,0.0],[78.048232495748536,8.599316217062764,0.0],[78.048327674188755,8.599316217062764,0.0],[78.048422852629088,8.599316217062764,0.0],[78.048470441849219,8.599316217062764,0.0],[78.048613209509483,8.599316217062762,0.0],[78.048660798729685,8.599316217062762,0.0],[78.048993923270416,8.599316217062764,0.0],[78.049089101710649,8.599316217062762,0.0],[78.049136690930865,8.599316217062762,0.0],[78.049279458591116,8.599316217062761,0.0],[78.049422226251394,8.599316217062764,0.0],[78.049564993911829,8.599316217062764,0.0],[78.049612583131946,8.599316217062762,0.0],[78.049802940012341,8.599363806282884,0.0],[78.049850529232529,8.599363806282884,0.0],[78.04989811845256,8.599363806282883,0.0],[78.049945707672862,8.599363806282883,0.0],[78.050040886112996,8.599363806282881,0.0],[78.050231242993462,8.599363806282883,0.0],[78.050278832213507,8.599363806282883,0.0],[78.050326421433724,8.599363806282881,0.0],[78.050421599873957,8.599363806282881,0.0],[78.050564367534221,8.599316217062761,0.0],[78.050611956754253,8.599221038622433,0.0],[78.050659545974455,8.599221038622433,0.0],[78.050659545974455,8.599173449402489,0.0],[78.050802313634804,8.599125860182193,0.0],[78.050945081295168,8.598983092522008,0.0],[78.050992670515186,8.598983092522008,0.0],[78.051183027395652,8.598887914081772,0.0],[78.051325795056187,8.598792735641437,0.0],[78.051373384276133,8.598792735641437,0.0],[78.051563741156684,8.5986975572012,0.0],[78.051611330376801,8.5986975572012,0.0],[78.051754098037065,8.598649967981256,0.0],[78.051801687257097,8.598602378761045,0.0],[78.051944454917532,8.598554789541014,0.0],[78.052039633357779,8.598507200320807,0.0],[78.052087222577796,8.598507200320807,0.0],[78.052277579458277,8.598459611100775,0.0],[78.052277579458277,8.598412021880476,0.0],[78.05251552555896,8.598316843440323,0.0],[78.052610703999179,8.598316843440324,0.0],[78.05265829321921,8.598269254220202,0.0],[78.052753471659543,8.598269254220206,0.0],[78.052848650099676,8.598221665000082,0.0],[78.05294382853991,8.598126486559844,0.0],[78.052991417759955,8.598126486559842,0.0],[78.053039006980143,8.598126486559842,0.0],[78.05313418542039,8.598078897339811,0.0],[78.053181774640507,8.598078897339809,0.0],[78.053276953080641,8.598031308119515,0.0],[78.053372131520888,8.597936129679274,0.0],[78.053467309961121,8.59788854045933,0.0],[78.053514899181408,8.597888540459328,0.0],[78.053610077621556,8.597840951239034,0.0],[78.053752845281835,8.597745772798966,0.0],[78.053800434502037,8.597745772798964,0.0],[78.053848023722054,8.597698183578848,0.0],[78.053943202162387,8.597650594358814,0.0],[78.053990791382503,8.597650594358814,0.0],[78.054038380602535,8.597603005138517,0.0],[78.054181148262799,8.597555415918489,0.0],[78.054228737483001,8.597507826698278,0.0],[78.054419094363467,8.597412648258038,0.0],[78.054419094363467,8.597365059038095,0.0],[78.054466683583513,8.597365059038093,0.0],[78.054514272803729,8.597317469817799,0.0],[78.054561862023732,8.597317469817801,0.0],[78.054609451243948,8.597269880597855,0.0],[78.054657040463965,8.597222291377644,0.0],[78.054752218904213,8.597174702157526,0.0],[78.0547998081244,8.597127112937406,0.0],[78.054942575784679,8.597031934497165,0.0],[78.055085343445114,8.596936756056925,0.0],[78.055228111105393,8.596793988396565,0.0],[78.055370878765643,8.596698809956411,0.0],[78.055466057205876,8.596651220736113,0.0],[78.055513646426093,8.596651220736113,0.0],[78.055513646426093,8.596603631516169,0.0],[78.055608824866326,8.596556042296047,0.0],[78.055704003306559,8.596508453075927,0.0],[78.05575159252659,8.596460863855807,0.0],[78.055846770966824,8.59636568541557,0.0],[78.05589436018704,8.59636568541557,0.0],[78.05603712784729,8.596270506975419,0.0],[78.056084717067506,8.596270506975415,0.0],[78.056275073947972,8.596080150094936,0.0],[78.056275073947972,8.596032560874727,0.0],[78.056608198488718,8.595794614774126,0.0],[78.056655787708721,8.595794614774123,0.0],[78.056750966149053,8.595747025554008,0.0],[78.05679855536917,8.595699436333886,0.0],[78.05679855536917,8.595604257893735,0.0],[78.056893733809403,8.595461490233195,0.0],[78.05694132302952,8.595461490233195,0.0],[78.056988912249651,8.595271133352981,0.0],[78.057084090689983,8.595223544132685,0.0],[78.057084090689983,8.595175954912653,0.0],[78.057131679909901,8.595128365692442,0.0],[78.057179269130117,8.595080776472502,0.0],[78.057179269130117,8.595033187252202,0.0],[78.057179269130117,8.59498559803226,0.0],[78.057226858350134,8.594985598032261,0.0],[78.057226858350134,8.594938008811965,0.0],[78.05727444757035,8.594795241151692,0.0],[78.05727444757035,8.594747651931568,0.0],[78.057322036790396,8.594557295051091,0.0],[78.057369626010583,8.594509705831058,0.0],[78.057369626010583,8.594462116610762,0.0],[78.057369626010583,8.594176581290217,0.0],[78.057369626010583,8.594033813629769,0.0],[78.057369626010583,8.593986224409736,0.0],[78.057369626010583,8.593938635189525,0.0],[78.057369626010583,8.593891045969585,0.0],[78.057369626010583,8.593843456749289,0.0],[78.057369626010583,8.593700689089104,0.0],[78.057417215230615,8.593653099868806,0.0],[78.057464804450831,8.593557921428655,0.0],[78.057512393670933,8.59246336936598,0.0]]]]}},
{"type":"Feature","properties":{"Tank_name":"Korkai","id":9900},"geometry":{"type":"MultiPolygon","coordinates":[[[[78.06777262952761,8.647190972500058,0.0],[78.067943950719851,8.64713386543591,0.0],[78.068001057784002,8.647133865435908,0.0],[78.068172378976598,8.647133865435908,0.0],[78.068172378976598,8.647076758371675,0.0],[78.068286593104688,8.646677008922754,0.0],[78.068286593104688,8.64661990185852,0.0],[78.068286593104688,8.646562794794377,0.0],[78.068343700168924,8.646505687730231,0.0],[78.068343700168924,8.646334366537891,0.0],[78.068343700168924,8.646277259473832,0.0],[78.068229486040565,8.646105938281226,0.0],[78.06805816484831,8.645934617089056,0.0],[78.068001057784002,8.645877510024915,0.0],[78.067943950719837,8.645763295896538,0.0],[78.067829736591747,8.645477760575906,0.0],[78.06777262952761,8.64524933231924,0.0],[78.06777262952761,8.644906689934375,0.0],[78.06777262952761,8.644621154613741,0.0],[78.06777262952761,8.644564047549508,0.0],[78.06777262952761,8.64416429810059,0.0],[78.06777262952761,8.644050083972301,0.0],[78.067715522463459,8.643821655715636,0.0],[78.067658415399308,8.643650334523469,0.0],[78.067544201271033,8.643479013330859,0.0],[78.067487094206996,8.643421906266802,0.0],[78.067487094206996,8.643307692138603,0.0],[78.067372880078608,8.643193478010318,0.0],[78.067315773014471,8.643022156817796,0.0],[78.067258665950334,8.642907942689593,0.0],[78.067201558886183,8.642793728561303,0.0],[78.067144451822045,8.642736621497161,0.0],[78.067144451822045,8.642679514432928,0.0],[78.067087344757894,8.642565300304643,0.0],[78.067030237693857,8.642451086176441,0.0],[78.066916023565483,8.642222657919778,0.0],[78.066858916501332,8.642222657919778,0.0],[78.066858916501332,8.642165550855637,0.0],[78.066801809437209,8.64199422966329,0.0],[78.066744702373057,8.64199422966329,0.0],[78.066573381180731,8.64199422966329,0.0],[78.066516274116495,8.64199422966329,0.0],[78.066173631731644,8.642108443791491,0.0],[78.066116524667592,8.642165550855635,0.0],[78.065773882282656,8.642279764984009,0.0],[78.065716775218505,8.642336872048157,0.0],[78.06543123989799,8.642336872048157,0.0],[78.065374132833853,8.642336872048158,0.0],[78.065202811641413,8.642336872048158,0.0],[78.06497438338485,8.642336872048157,0.0],[78.064917276320728,8.642336872048157,0.0],[78.064745955128288,8.64233687204816,0.0],[78.064631741000014,8.642336872048158,0.0],[78.064574633935877,8.642336872048162,0.0],[78.064517526871725,8.642336872048158,0.0],[78.064346205679399,8.642336872048158,0.0],[78.064289098615163,8.642393979112304,0.0],[78.063946456230326,8.642451086176447,0.0],[78.063603813845646,8.642451086176449,0.0],[78.063261171460809,8.642451086176449,0.0],[78.063032743204317,8.64245108617645,0.0],[78.062975636140095,8.64245108617645,0.0],[78.062918529075958,8.64245108617645,0.0],[78.062861422011821,8.642451086176449,0.0],[78.06269010081941,8.642451086176449,0.0],[78.062632993755244,8.642451086176452,0.0],[78.062575886691207,8.642393979112308,0.0],[78.06251877962697,8.642165550855644,0.0],[78.06251877962697,8.641937122599154,0.0],[78.06251877962697,8.641880015535007,0.0],[78.062518779626956,8.641708694342487,0.0],[78.062461672562833,8.641594480214199,0.0],[78.062461672562833,8.641423159021945,0.0],[78.062461672562833,8.641366051957888,0.0],[78.062347458434544,8.641251837829422,0.0],[78.062290351370393,8.641194730765193,0.0],[78.062176137242119,8.641137623701312,0.0],[78.062061923113916,8.640966302508794,0.0],[78.062004816049694,8.640966302508794,0.0],[78.061947708985556,8.640852088380507,0.0],[78.061890601921419,8.640737874252217,0.0],[78.061776387793131,8.640623660124017,0.0],[78.061776387793131,8.64056655305987,0.0],[78.061719280728994,8.640395231867352,0.0],[78.061662173664942,8.64028101773906,0.0],[78.061605066600706,8.640166803610864,0.0],[78.061433745408294,8.640052589482574,0.0],[78.061376638344129,8.639995482418342,0.0],[78.061262424215855,8.639995482418346,0.0],[78.061205317151803,8.639995482418344,0.0],[78.061205317151803,8.639938375354198,0.0],[78.061205317151803,8.639881268290054,0.0],[78.061148210087566,8.639767054161855,0.0],[78.061033995959477,8.63959573296942,0.0],[78.061033995959477,8.63953862590528,0.0],[78.060919781831188,8.639367304712755,0.0],[78.060862674766867,8.639138876456448,0.0],[78.060805567702715,8.639024662327889,0.0],[78.060805567702715,8.638739127007346,0.0],[78.060748460638749,8.638739127007348,0.0],[78.060748460638749,8.638624912879063,0.0],[78.060634246510475,8.638396484622568,0.0],[78.060577139446337,8.63839648462257,0.0],[78.060462925318049,8.63822516343005,0.0],[78.060405818253912,8.638168056365997,0.0],[78.06034871118986,8.637996735173564,0.0],[78.060291604125624,8.637768306916898,0.0],[78.060177389997349,8.637539878660412,0.0],[78.060120282933212,8.637368557467891,0.0],[78.060063175869061,8.637197236275458,0.0],[78.060006068804924,8.637025915083113,0.0],[78.060006068804924,8.636968808018969,0.0],[78.060006068804924,8.636911700954824,0.0],[78.060063175869061,8.636797486826449,0.0],[78.060120282933212,8.636797486826447,0.0],[78.060177389997335,8.636740379762303,0.0],[78.060234497061487,8.636740379762303,0.0],[78.060291604125624,8.636740379762305,0.0],[78.060291604125624,8.636683272698159,0.0],[78.06034871118986,8.636683272698161,0.0],[78.06034871118986,8.636626165634103,0.0],[78.060405818253898,8.636626165634102,0.0],[78.060405818253898,8.636569058570137,0.0],[78.060462925318049,8.636569058570137,0.0],[78.060462925318049,8.636454844441847,0.0],[78.060462925318049,8.636283523249329,0.0],[78.0605200323822,8.63605509499275,0.0],[78.0605200323822,8.63588377380032,0.0],[78.0605200323822,8.635826666736174,0.0],[78.0605200323822,8.63565534554383,0.0],[78.0605200323822,8.635598238479597,0.0],[78.0605200323822,8.635541131415453,0.0],[78.0605200323822,8.635369810223018,0.0],[78.0605200323822,8.635198489030675,0.0],[78.0605200323822,8.635084274902301,0.0],[78.0605200323822,8.634970060774011,0.0],[78.060462925318049,8.634798739581667,0.0],[78.060462925318049,8.634741632517525,0.0],[78.060462925318049,8.634627418389149,0.0],[78.060348711189846,8.634456097196713,0.0],[78.060291604125624,8.634341883068513,0.0],[78.060177389997335,8.634227668940316,0.0],[78.059948961740773,8.633999240683824,0.0],[78.059663426420073,8.633713705363018,0.0],[78.059606319355922,8.633713705363016,0.0],[78.059606319355922,8.633656598298876,0.0],[78.059549212291799,8.633542384170672,0.0],[78.059549212291785,8.63348527710653,0.0],[78.059492105227633,8.633428170042382,0.0],[78.059320784035208,8.633256848849868,0.0],[78.059206569906948,8.633085527657522,0.0],[78.059149462842782,8.633085527657522,0.0],[78.05909235577866,8.633085527657524,0.0],[78.058863927522097,8.633142634721578,0.0],[78.058806820457946,8.633142634721578,0.0],[78.058692606329842,8.63319974178572,0.0],[78.05863549926552,8.63319974178572,0.0],[78.058464178073294,8.633199741785722,0.0],[78.058407071009128,8.633199741785722,0.0],[78.058235749816717,8.633199741785724,0.0],[78.058178642752566,8.633199741785722,0.0],[78.058064428624292,8.633256848849866,0.0],[78.058007321560154,8.633256848849868,0.0],[78.057950214496017,8.633371062978245,0.0],[78.057893107431866,8.633371062978245,0.0],[78.057836000367729,8.633428170042391,0.0],[78.057778893303606,8.633485277106534,0.0],[78.057721786239441,8.633485277106534,0.0],[78.057664679175403,8.633485277106535,0.0],[78.057550465047115,8.633542384170678,0.0],[78.057493357982878,8.633542384170678,0.0],[78.057436250918741,8.633599491234731,0.0],[78.057379143854604,8.633599491234733,0.0],[78.057322036790467,8.633599491234733,0.0],[78.057207822662178,8.633599491234737,0.0],[78.05709360853389,8.633599491234735,0.0],[78.056922287341465,8.63354238417068,0.0],[78.056865180277342,8.633485277106535,0.0],[78.056636752020779,8.633371062978245,0.0],[78.056465430828524,8.633313955914105,0.0],[78.056408323764188,8.633313955914105,0.0],[78.056351216700065,8.633256848849872,0.0],[78.056237002571763,8.633256848849873,0.0],[78.056179895507796,8.633256848849872,0.0],[78.056122788443673,8.633256848849873,0.0],[78.055951467251063,8.633256848849873,0.0],[78.055780146058822,8.633256848849872,0.0],[78.055608824866397,8.633256848849872,0.0],[78.055494610738108,8.633256848849873,0.0],[78.055437503674071,8.633256848849873,0.0],[78.055323289545697,8.633256848849873,0.0],[78.055266182481546,8.633256848849873,0.0],[78.055151968353272,8.633256848849873,0.0],[78.055094861289135,8.633256848849873,0.0],[78.055037754224983,8.633256848849873,0.0],[78.054923540096709,8.633256848849873,0.0],[78.054866433032572,8.633256848849873,0.0],[78.054580897711844,8.633256848849873,0.0],[78.054523790647806,8.633256848849875,0.0],[78.05446668358357,8.633256848849873,0.0],[78.054238255326993,8.633199741785727,0.0],[78.054181148262884,8.633199741785727,0.0],[78.054066934134681,8.63308552765753,0.0],[78.054009827070445,8.633085527657533,0.0],[78.05383850587819,8.633028420593391,0.0],[78.053724291749731,8.632971313529243,0.0],[78.053610077621627,8.632857099400868,0.0],[78.053552970557504,8.632857099400869,0.0],[78.053495863493339,8.632971313529243,0.0],[78.053495863493339,8.633142634721588,0.0],[78.053495863493339,8.633199741785729,0.0],[78.053667184685594,8.633371062978254,0.0],[78.053724291749731,8.633428170042396,0.0],[78.053781398814053,8.633485277106539,0.0],[78.053781398814053,8.633542384170683,0.0],[78.054009827070445,8.633770812427262,0.0],[78.054066934134681,8.633942133619692,0.0],[78.054066934134681,8.633999240683837,0.0],[78.054238255327007,8.634170561876184,0.0],[78.054352469455296,8.634341883068522,0.0],[78.054409576519433,8.634341883068528,0.0],[78.054752218904298,8.634627418389158,0.0],[78.054752218904298,8.6346845254533,0.0],[78.055094861289135,8.634855846645822,0.0],[78.055209075417423,8.634912953709875,0.0],[78.055209075417423,8.63508427490231,0.0],[78.05526618248156,8.635255596094831,0.0],[78.05526618248156,8.635312703158975,0.0],[78.055323289545697,8.635426917287173,0.0],[78.055323289545697,8.635484024351321,0.0],[78.055437503674071,8.635598238479608,0.0],[78.05555171780226,8.635712452607983,0.0],[78.055608824866397,8.635712452607983,0.0],[78.055837253122959,8.63588377380033,0.0],[78.056008574315399,8.635940880864469,0.0],[78.056065681379522,8.635997987928617,0.0],[78.056122788443673,8.635997987928617,0.0],[78.056122788443673,8.636055094992759,0.0],[78.05617989550781,8.636169309121136,0.0],[78.05617989550781,8.636340630313301,0.0],[78.05617989550781,8.636397737377624,0.0],[78.056122788443673,8.636683272698166,0.0],[78.056122788443673,8.636854593890776,0.0],[78.05617989550781,8.636911700954833,0.0],[78.05617989550781,8.636968808018976,0.0],[78.056237002571777,8.637025915083118,0.0],[78.056351216700065,8.637197236275467,0.0],[78.056408323764202,8.637197236275465,0.0],[78.056579644956614,8.637311450403841,0.0],[78.056579644956614,8.637368557467894,0.0],[78.056750966149153,8.637425664532131,0.0],[78.05680807321319,8.637482771596273,0.0],[78.05697939440563,8.637596985724471,0.0],[78.057036501469767,8.637654092788615,0.0],[78.057150715598041,8.637768306916902,0.0],[78.057150715598041,8.637825413981137,0.0],[78.057322036790467,8.637882521045281,0.0],[78.057379143854604,8.637996735173569,0.0],[78.057436250918755,8.637996735173569,0.0],[78.057436250918755,8.638053842237623,0.0],[78.057550465047115,8.638053842237625,0.0],[78.057778893303606,8.638110949301769,0.0],[78.058064428624292,8.638110949301769,0.0],[78.058121535688528,8.638110949301769,0.0],[78.05817864275258,8.638110949301769,0.0],[78.058349963945005,8.638110949301767,0.0],[78.058521285137346,8.638168056366,0.0],[78.058692606329856,8.638168056365997,0.0],[78.058863927522111,8.638225163430054,0.0],[78.058863927522111,8.63828227049429,0.0],[78.058921034586248,8.638282270494289,0.0],[78.059149462842797,8.638567805814919,0.0],[78.059549212291799,8.639024662327895,0.0],[78.059834747612499,8.639253090584562,0.0],[78.059834747612499,8.639310197648705,0.0],[78.059948961740787,8.639424411776904,0.0],[78.059948961740787,8.639481518841048,0.0],[78.059948961740787,8.639538625905283,0.0],[78.059948961740787,8.639652840033479,0.0],[78.059948961740787,8.639881268290058,0.0],[78.059948961740787,8.6399383753542,0.0],[78.059948961740787,8.640166803610864,0.0],[78.059948961740787,8.640223910675012,0.0],[78.059948961740787,8.640338124803208,0.0],[78.059948961740787,8.640395231867357,0.0],[78.059948961740787,8.640509445995733,0.0],[78.059948961740787,8.640566553059879,0.0],[78.059891854676735,8.640623660124016,0.0],[78.059891854676735,8.640680767188163,0.0],[78.059834747612513,8.640794981316363,0.0],[78.059663426420087,8.641023409573032,0.0],[78.059492105227648,8.641194730765196,0.0],[78.05943499816361,8.641308944893664,0.0],[78.059320784035236,8.641423159021949,0.0],[78.059320784035236,8.64165158727835,0.0],[78.059320784035236,8.641880015535014,0.0],[78.059320784035236,8.64193712259916,0.0],[78.059320784035236,8.642222657919792,0.0],[78.059263676971099,8.642565300304657,0.0],[78.059149462842811,8.642679514432945,0.0],[78.059035248714537,8.642736621497175,0.0],[78.058863927522125,8.642850835625469,0.0],[78.05880682045796,8.642850835625469,0.0],[78.05880682045796,8.642907942689613,0.0],[78.058749713393993,8.642965049753666,0.0],[78.058749713393993,8.643193478010334,0.0],[78.058863927522125,8.64342190626682,0.0],[78.059035248714537,8.643650334523487,0.0],[78.059149462842811,8.643821655715652,0.0],[78.059149462842811,8.64399297690826,0.0],[78.059149462842811,8.644107191036461,0.0],[78.059149462842811,8.644164298100607,0.0],[78.059149462842811,8.644221405164751,0.0],[78.059149462842811,8.644506940485384,0.0],[78.059149462842811,8.644849582870247,0.0],[78.059149462842811,8.644906689934391,0.0],[78.059149462842811,8.644963796998624,0.0],[78.059206569906976,8.645363546447633,0.0],[78.059263676971099,8.645591974704212,0.0],[78.059263676971099,8.645649081768266,0.0],[78.059320784035236,8.645649081768267,0.0],[78.059377891099388,8.645877510024933,0.0],[78.059434998163624,8.64599172415322,0.0],[78.059492105227662,8.646048831217097,0.0],[78.059549212291827,8.646048831217096,0.0],[78.059549212291827,8.646105938281242,0.0],[78.059891854676749,8.646220152409708,0.0],[78.061033995959477,8.646334366537905,0.0],[78.062347458434544,8.646220152409702,0.0],[78.062404565498696,8.646220152409702,0.0],[78.062632993755258,8.646334366537902,0.0],[78.06269010081941,8.646334366537904,0.0],[78.062804314947684,8.646334366537902,0.0],[78.062861422011835,8.6463343665379,0.0],[78.063146957332535,8.6462201524097,0.0],[78.063204064396672,8.6462201524097,0.0],[78.063318278524946,8.64616304534538,0.0],[78.063718027973749,8.645991724153214,0.0],[78.0640606703586,8.645877510024924,0.0],[78.064231991551125,8.645877510024922,0.0],[78.064289098615177,8.645877510024922,0.0],[78.064346205679414,8.645877510024921,0.0],[78.064403312743437,8.645877510024919,0.0],[78.064460419807602,8.645991724153209,0.0],[78.064574633935891,8.646105938281229,0.0],[78.064745955128302,8.646277259473843,0.0],[78.064860169256576,8.646448580666183,0.0],[78.064917276320728,8.646448580666185,0.0],[78.065088597513139,8.646619901858525,0.0],[78.065202811641427,8.646677008922758,0.0],[78.06543123989799,8.646791223051046,0.0],[78.065602561090429,8.646791223051048,0.0],[78.065602561090429,8.646848330115192,0.0],[78.065830989346978,8.646962544243392,0.0],[78.065888096411129,8.646962544243392,0.0],[78.066002310539247,8.646962544243394,0.0],[78.066230738795795,8.647019651307534,0.0],[78.066630488244783,8.64713386543591,0.0],[78.067087344757908,8.647190972500056,0.0],[78.06714445182206,8.647190972500056,0.0],[78.067201558886197,8.647190972500054,0.0],[78.067258665950348,8.647190972500056,0.0],[78.067372880078622,8.647190972500054,0.0],[78.067544201271033,8.647190972500052,0.0],[78.06777262952761,8.647190972500058,0.0]]]]}},
{"type":"Feature","properties":{"Tank_name":"Arumugamangalam","id":9901},"geometry":{"type":"MultiPolygon","coordinates":[[[[78.040932309383237,8.670661975861501,0.0],[78.041389165896376,8.6705477617333,0.0],[78.041446272960499,8.670547761733296,0.0],[78.041446272960499,8.670490654669154,0.0],[78.041674701216905,8.670490654669152,0.0],[78.041731808281227,8.670490654669154,0.0],[78.041846022409516,8.670490654669154,0.0],[78.041903129473639,8.670490654669154,0.0],[78.042074450665879,8.670433547605011,0.0],[78.042188664794352,8.670376440540863,0.0],[78.042245771858319,8.670376440540865,0.0],[78.042645521307293,8.670319333476634,0.0],[78.042702628371444,8.670319333476632,0.0],[78.042759735435581,8.670319333476632,0.0],[78.042759735435581,8.670262226412484,0.0],[78.042759735435581,8.669862476963656,0.0],[78.042759735435581,8.669805369899333,0.0],[78.042759735435581,8.669748262835189,0.0],[78.042759735435581,8.669691155771314,0.0],[78.042759735435581,8.669576941643022,0.0],[78.042759735435581,8.66951983457888,0.0],[78.042759735435581,8.669462727514645,0.0],[78.042759735435581,8.669405620450499,0.0],[78.042816842499718,8.669348513386359,0.0],[78.042931056628092,8.669234299258159,0.0],[78.042931056628092,8.669177192194017,0.0],[78.043216591948706,8.669120085129867,0.0],[78.04333080607698,8.669062978065634,0.0],[78.043445020205283,8.669005871001493,0.0],[78.04350212726942,8.668948763937349,0.0],[78.043559234333571,8.668834549809057,0.0],[78.043559234333557,8.668777442745004,0.0],[78.043616341397708,8.668720335680858,0.0],[78.043673448461831,8.668663228616715,0.0],[78.043730555525997,8.668663228616714,0.0],[78.043787662590134,8.668491907424194,0.0],[78.043958983782559,8.668377693295904,0.0],[78.043958983782559,8.668320586231848,0.0],[78.044073197910834,8.66820637210356,0.0],[78.044130304974971,8.668206372103558,0.0],[78.044130304974971,8.668149265039416,0.0],[78.044187412039108,8.667977943846896,0.0],[78.044244519103174,8.667863729718697,0.0],[78.044301626167211,8.667749515590407,0.0],[78.044358733231363,8.667521087333739,0.0],[78.044415840295684,8.667406873205721,0.0],[78.044415840295684,8.667292659077344,0.0],[78.044472947359807,8.667235552013198,0.0],[78.044472947359807,8.667178444949052,0.0],[78.044472947359822,8.667121337884909,0.0],[78.044472947359822,8.667064230820765,0.0],[78.044530054423774,8.666950016692565,0.0],[78.044530054423774,8.666892909628334,0.0],[78.044530054423774,8.666835802564187,0.0],[78.044530054423774,8.6667215884359,0.0],[78.044587161487925,8.666493160179412,0.0],[78.044644268552162,8.666436053115266,0.0],[78.044644268552162,8.666378946051124,0.0],[78.044758482680336,8.666150517794456,0.0],[78.044758482680336,8.666093410730403,0.0],[78.044872696808625,8.665922089537974,0.0],[78.044872696808625,8.665750768345449,0.0],[78.044872696808625,8.665579447153105,0.0],[78.044872696808625,8.665408125960761,0.0],[78.044872696808625,8.66529391183229,0.0],[78.044872696808625,8.665122590640127,0.0],[78.044872696808625,8.66500837651175,0.0],[78.044872696808625,8.664951269447606,0.0],[78.044872696808625,8.664894162383286,0.0],[78.044872696808625,8.66472284119112,0.0],[78.044872696808625,8.664665734126974,0.0],[78.044872696808611,8.664551519998598,0.0],[78.044872696808625,8.664494412934454,0.0],[78.044872696808625,8.66443730587031,0.0],[78.044815589744488,8.664380198806164,0.0],[78.044815589744488,8.66432309174211,0.0],[78.044815589744488,8.664265984677964,0.0],[78.044815589744488,8.664208877613822,0.0],[78.044758482680336,8.664094663485534,0.0],[78.044758482680336,8.664037556421301,0.0],[78.044758482680336,8.663980449357156,0.0],[78.044758482680336,8.66392334229301,0.0],[78.044758482680336,8.663866235228957,0.0],[78.044758482680336,8.663752021100668,0.0],[78.044701375616199,8.663637806972291,0.0],[78.044701375616199,8.663580699908238,0.0],[78.044701375616199,8.663466485779857,0.0],[78.044587161487911,8.663180950459227,0.0],[78.044587161487911,8.663066736330848,0.0],[78.044587161487911,8.663009629266705,0.0],[78.044530054423774,8.662838308074537,0.0],[78.044530054423774,8.662666986881842,0.0],[78.044530054423774,8.662495665689674,0.0],[78.044530054423774,8.662381451561298,0.0],[78.044530054423774,8.662267237433008,0.0],[78.04453005442376,8.662153023304718,0.0],[78.044530054423774,8.662095916240665,0.0],[78.044472947359807,8.661981702112376,0.0],[78.044472947359807,8.661924595048145,0.0],[78.043730555525968,8.659982954867422,0.0],[78.043730555525968,8.659925847803274,0.0],[78.043673448461817,8.659754526610934,0.0],[78.043673448461817,8.659697419546699,0.0],[78.043673448461817,8.659640312482555,0.0],[78.043673448461817,8.659583205418411,0.0],[78.043673448461817,8.659526098354265,0.0],[78.043673448461817,8.659468991290122,0.0],[78.043616341397694,8.659468991290121,0.0],[78.043616341397694,8.659354777161921,0.0],[78.043616341397694,8.65929767009778,0.0],[78.043559234333543,8.65929767009778,0.0],[78.043502127269392,8.659126348905257,0.0],[78.043502127269392,8.659069241841115,0.0],[78.043502127269392,8.659012134776971,0.0],[78.043502127269392,8.658955027712912,0.0],[78.043445020205255,8.658955027712912,0.0],[78.043387913141132,8.658897920648768,0.0],[78.043387913141132,8.658840813584627,0.0],[78.043387913141132,8.65872659945625,0.0],[78.043387913141132,8.658555278263817,0.0],[78.043330806076966,8.658498171199762,0.0],[78.043330806076966,8.65826974294327,0.0],[78.043273699012843,8.657984207622638,0.0],[78.043273699012843,8.657869993494263,0.0],[78.043216591948678,8.657641565237778,0.0],[78.043216591948678,8.657470244045342,0.0],[78.043159484884541,8.65747024404534,0.0],[78.043159484884541,8.657298922852823,0.0],[78.043159484884541,8.657184708724621,0.0],[78.043159484884541,8.657127601660481,0.0],[78.043102377820404,8.656956280467957,0.0],[78.043102377820404,8.656899173403817,0.0],[78.043102377820404,8.656842066339669,0.0],[78.043102377820404,8.656727852211469,0.0],[78.043102377820404,8.656670745147325,0.0],[78.043102377820404,8.656556531019037,0.0],[78.043102377820404,8.656385209826515,0.0],[78.043102377820404,8.656270995698316,0.0],[78.043045270756252,8.656270995698316,0.0],[78.043045270756267,8.656042567441741,0.0],[78.043045270756252,8.655985460377506,0.0],[78.043045270756252,8.655871246249218,0.0],[78.043045270756252,8.655814139185161,0.0],[78.043045270756252,8.655699925056963,0.0],[78.043045270756252,8.655642817992907,0.0],[78.043045270756252,8.655585710928676,0.0],[78.043045270756252,8.655528603864353,0.0],[78.043045270756252,8.655471496800207,0.0],[78.043045270756252,8.655357282672185,0.0],[78.043102377820404,8.655128854415519,0.0],[78.043102377820404,8.654900426159033,0.0],[78.043102377820404,8.654786212030656,0.0],[78.043102377820404,8.65472910496651,0.0],[78.043102377820404,8.654614890838223,0.0],[78.043102377820404,8.654500676710022,0.0],[78.043102377820404,8.654386462581733,0.0],[78.043102377820404,8.654329355517502,0.0],[78.043102377820404,8.654215141389216,0.0],[78.043102377820404,8.654043820196872,0.0],[78.043045270756252,8.653929606068582,0.0],[78.042988163692101,8.653872499004434,0.0],[78.042931056628063,8.653815391940205,0.0],[78.042873949563827,8.65364407074777,0.0],[78.04281684249969,8.653472749555426,0.0],[78.042759735435553,8.653415642491462,0.0],[78.042759735435553,8.653358535427317,0.0],[78.042702628371401,8.653073000106595,0.0],[78.042702628371401,8.652958785978308,0.0],[78.042645521307264,8.652901678914077,0.0],[78.042588414243141,8.652730357721731,0.0],[78.042531307178976,8.652559036529301,0.0],[78.042474200114938,8.652559036529301,0.0],[78.042417093050702,8.652387715336777,0.0],[78.042302878922413,8.652216394144434,0.0],[78.04224577185829,8.652045072951916,0.0],[78.04224577185829,8.651987965887768,0.0],[78.04218866479431,8.651930858823627,0.0],[78.04218866479431,8.651873751759481,0.0],[78.042131557729988,8.651873751759481,0.0],[78.042131557730002,8.651816644695424,0.0],[78.042131557729988,8.651759537631282,0.0],[78.042131557729988,8.651702430567138,0.0],[78.042131557729988,8.651645323502994,0.0],[78.042131557729988,8.651588216438761,0.0],[78.042131557729988,8.651531109374615,0.0],[78.042131557729988,8.651302681118128,0.0],[78.042131557729988,8.651131359925785,0.0],[78.042131557729988,8.651074252861461,0.0],[78.042131557729988,8.650902931669119,0.0],[78.042131557729988,8.650845824605151,0.0],[78.042131557729988,8.650788717540921,0.0],[78.042131557729988,8.650731610476775,0.0],[78.042131557729988,8.65067450341272,0.0],[78.042131557729988,8.650560289284341,0.0],[78.042131557729988,8.650446075156143,0.0],[78.04218866479431,8.650274753963711,0.0],[78.04218866479431,8.650217646899479,0.0],[78.04224577185829,8.650046325707134,0.0],[78.04224577185829,8.649989218642988,0.0],[78.04224577185829,8.649932111578845,0.0],[78.04224577185829,8.649875004514611,0.0],[78.04224577185829,8.649760790386322,0.0],[78.04218866479431,8.64970368332218,0.0],[78.042131557729988,8.64970368332218,0.0],[78.041788915345322,8.649532362129838,0.0],[78.041503380024622,8.649361040937402,0.0],[78.041446272960471,8.649361040937405,0.0],[78.041446272960471,8.649303933873172,0.0],[78.041217844703908,8.649189719744882,0.0],[78.041160737639856,8.649189719744884,0.0],[78.04110363057562,8.649132612680829,0.0],[78.041046523511483,8.649075505616688,0.0],[78.040989416447331,8.649075505616686,0.0],[78.040875202319057,8.649018398552538,0.0],[78.040703881126717,8.648961291488307,0.0],[78.040589666998358,8.648904184424252,0.0],[78.040532559934206,8.648904184424252,0.0],[78.04030413167763,8.648789970295878,0.0],[78.040189917549355,8.648732863231732,0.0],[78.040132810485304,8.648675756167677,0.0],[78.039904382228656,8.648504434975335,0.0],[78.039847275164504,8.648390220846956,0.0],[78.03973306103623,8.648276006718847,0.0],[78.03973306103623,8.648218899654703,0.0],[78.039675953972093,8.648047578462268,0.0],[78.039618846908127,8.647933364333893,0.0],[78.039561739843975,8.647819150205693,0.0],[78.039333311587413,8.647762043141549,0.0],[78.039276204523276,8.647762043141547,0.0],[78.039219097459139,8.647762043141547,0.0],[78.039047776266713,8.647704936077409,0.0],[78.038876455074288,8.647647829013259,0.0],[78.038762240945999,8.64759072194903,0.0],[78.038705133881876,8.647590721949033,0.0],[78.038648026817725,8.64759072194903,0.0],[78.038533812689437,8.647476507820741,0.0],[78.0384767056253,8.647476507820739,0.0],[78.03830538443286,8.647362293692542,0.0],[78.038019849112246,8.647305186628397,0.0],[78.037962742048009,8.647248079564253,0.0],[78.037791420855598,8.647248079564251,0.0],[78.037734313791447,8.647248079564255,0.0],[78.037448778470747,8.647190972500111,0.0],[78.037334564342643,8.647133865435965,0.0],[78.037220350214184,8.647076758371732,0.0],[78.037163243150047,8.647076758371732,0.0],[78.037106136085995,8.646905437179392,0.0],[78.037049029021944,8.646848330115246,0.0],[78.036877707829518,8.646562794794436,0.0],[78.036877707829518,8.64650568773029,0.0],[78.036706386637178,8.646220152409748,0.0],[78.036706386637178,8.646163045345432,0.0],[78.036706386637178,8.646105938281284,0.0],[78.036306637188105,8.645249332319299,0.0],[78.036249530124053,8.645249332319301,0.0],[78.035849780674965,8.645306439383441,0.0],[78.035735566546791,8.645306439383441,0.0],[78.035735566546791,8.645363546447674,0.0],[78.035678459482554,8.645363546447676,0.0],[78.035564245354266,8.645477760575966,0.0],[78.035507138290129,8.645591974704253,0.0],[78.035392924161826,8.645649081768308,0.0],[78.035335817097803,8.645706188832452,0.0],[78.035221602969514,8.6457632958966,0.0],[78.035050281777188,8.6457632958966,0.0],[78.034878960584663,8.645820402960746,0.0],[78.034593425264049,8.645820402960746,0.0],[78.034536318199727,8.645820402960744,0.0],[78.034364997007472,8.645820402960746,0.0],[78.034193675815047,8.645820402960746,0.0],[78.033965247558484,8.645820402960746,0.0],[78.033736819301907,8.645820402960746,0.0],[78.033394176917056,8.645763295896602,0.0],[78.033337069852934,8.645763295896602,0.0],[78.03305153453222,8.645763295896604,0.0],[78.032823106275657,8.645706188832458,0.0],[78.032765999211534,8.645706188832458,0.0],[78.032480463890991,8.645591974704264,0.0],[78.032309142698381,8.645534867640116,0.0],[78.03213782150614,8.64547776057597,0.0],[78.031852286185426,8.645477760575972,0.0],[78.031795179121389,8.645477760575973,0.0],[78.031623857928864,8.645477760575973,0.0],[78.031452536736452,8.645477760575973,0.0],[78.031338322608249,8.645477760575972,0.0],[78.03105278728745,8.645477760575973,0.0],[78.030824359030987,8.645420653511833,0.0],[78.030710144902599,8.645420653511835,0.0],[78.030653037838462,8.645420653511831,0.0],[78.030595930774325,8.645420653511831,0.0],[78.030538823710188,8.645706188832461,0.0],[78.030481716646037,8.645820402960751,0.0],[78.030481716646037,8.645877510024985,0.0],[78.030424609581999,8.645991724153276,0.0],[78.030424609581999,8.646048831217152,0.0],[78.030367502517748,8.646220152409763,0.0],[78.030367502517748,8.646448580666247,0.0],[78.030367502517748,8.646677008922822,0.0],[78.030367502517748,8.646791223051116,0.0],[78.030424609581999,8.6470196513076,0.0],[78.030481716646037,8.647362293692558,0.0],[78.030481716646037,8.647419400756613,0.0],[78.030481716646037,8.647476507820755,0.0],[78.030538823710202,8.647762043141563,0.0],[78.030538823710202,8.647933364333909,0.0],[78.030538823710202,8.647990471398051,0.0],[78.030538823710202,8.648161792590576,0.0],[78.030538823710202,8.648333113782742,0.0],[78.030538823710202,8.648390220846972,0.0],[78.030481716646037,8.648504434975351,0.0],[78.030424609581999,8.648561542039497,0.0],[78.030424609581999,8.648675756167695,0.0],[78.030424609581999,8.64873286323175,0.0],[78.030424609581999,8.648904184424268,0.0],[78.030424609581999,8.648961291488325,0.0],[78.030367502517763,8.649075505616706,0.0],[78.030367502517763,8.64913261268085,0.0],[78.030367502517763,8.649303933873192,0.0],[78.030367502517763,8.649418148001565,0.0],[78.030310395453625,8.649418148001567,0.0],[78.030310395453625,8.649589469194005,0.0],[78.030310395453625,8.649875004514634,0.0],[78.030310395453625,8.649932111578865,0.0],[78.030310395453625,8.649989218643011,0.0],[78.030310395453625,8.650274753963734,0.0],[78.030310395453625,8.650331861027878,0.0],[78.030310395453625,8.650674503412739,0.0],[78.030310395453625,8.65090293166914,0.0],[78.030310395453625,8.651017145797343,0.0],[78.030253288389488,8.651188466989861,0.0],[78.030253288389488,8.651245574054004,0.0],[78.030196181325522,8.651359788182296,0.0],[78.030196181325522,8.651416895246351,0.0],[78.030196181325522,8.651588216438784,0.0],[78.030196181325522,8.651645323503013,0.0],[78.030196181325522,8.651873751759505,0.0],[78.030196181325522,8.651930858823649,0.0],[78.030196181325522,8.651987965887789,0.0],[78.030196181325522,8.652216394144455,0.0],[78.030196181325522,8.652273501208599,0.0],[78.030196181325522,8.652330608272658,0.0],[78.030196181325522,8.652501929465087,0.0],[78.030196181325522,8.652616143593466,0.0],[78.030196181325522,8.652673250657612,0.0],[78.030196181325522,8.652730357721751,0.0],[78.030196181325522,8.65278746478581,0.0],[78.030196181325522,8.653015893042475,0.0],[78.030196181325522,8.65307300010662,0.0],[78.030196181325522,8.653130107170766,0.0],[78.030196181325522,8.653415642491485,0.0],[78.030196181325522,8.653472749555451,0.0],[78.030196181325522,8.653644070747793,0.0],[78.030196181325522,8.653815391940226,0.0],[78.030253288389488,8.653872499004459,0.0],[78.030424609582013,8.654043820196895,0.0],[78.030653037838476,8.65410092726095,0.0],[78.030995680223327,8.654215141389237,0.0],[78.031167001415739,8.654329355517524,0.0],[78.031224108479904,8.654329355517522,0.0],[78.031224108479904,8.654386462581755,0.0],[78.031338322608278,8.654443569645897,0.0],[78.031395429672315,8.654500676710045,0.0],[78.031566750864755,8.654614890838246,0.0],[78.031623857928892,8.654729104966531,0.0],[78.031680964993015,8.654729104966533,0.0],[78.03202360737788,8.654957533223198,0.0],[78.032194928570291,8.655014640287254,0.0],[78.032252035634258,8.655014640287252,0.0],[78.032423356826854,8.655128854415537,0.0],[78.032594678019123,8.655185961479686,0.0],[78.032765999211549,8.655300175608062,0.0],[78.032880213339823,8.65552860386437,0.0],[78.032994427468097,8.655642817992925,0.0],[78.033051534532234,8.655814139185182,0.0],[78.033165748660522,8.656042567441757,0.0],[78.033165748660522,8.656099674505899,0.0],[78.033165748660522,8.656156781570047,0.0],[78.033222855724674,8.656385209826531,0.0],[78.033222855724674,8.656442316890677,0.0],[78.033222855724674,8.656670745147343,0.0],[78.033222855724674,8.656899173403831,0.0],[78.033165748660522,8.657127601660497,0.0],[78.033108641596471,8.657241815788694,0.0],[78.033051534532234,8.657356029916984,0.0],[78.032994427468111,8.657413136981129,0.0],[78.032994427468111,8.65758445817365,0.0],[78.032937320403974,8.657584458173648,0.0],[78.032880213339823,8.657755779365816,0.0],[78.032765999211549,8.657927100558426,0.0],[78.032708892147397,8.657984207622659,0.0],[78.032708892147397,8.658041314686626,0.0],[78.032651785083345,8.658098421750683,0.0],[78.032594678019123,8.658212635878968,0.0],[78.032537570954972,8.65821263587897,0.0],[78.032537570954986,8.658383957071495,0.0],[78.032480463891019,8.658441064135639,0.0],[78.032423356826868,8.658555278263838,0.0],[78.032423356826868,8.658669492392123,0.0],[78.032423356826868,8.658726599456269,0.0],[78.032366249762731,8.658955027712935,0.0],[78.032366249762731,8.659126348905279,0.0],[78.032366249762731,8.659183455969513,0.0],[78.032309142698423,8.659468991290145,0.0],[78.032309142698423,8.659526098354286,0.0],[78.032309142698423,8.65986874073924,0.0],[78.032309142698423,8.660040061931586,0.0],[78.032309142698423,8.66009716899573,0.0],[78.032309142698423,8.660211383124109,0.0],[78.032309142698423,8.660325597252131,0.0],[78.032366249762745,8.660325597252125,0.0],[78.032366249762745,8.660382704316271,0.0],[78.03265178508336,8.66055402550888,0.0],[78.032937320403974,8.660668239637079,0.0],[78.032994427468111,8.660725346701224,0.0],[78.033051534532248,8.660725346701227,0.0],[78.033622605173676,8.660839560829423,0.0],[78.033965247558513,8.660896667893569,0.0],[78.034079461686801,8.660896667893569,0.0],[78.034479211135874,8.661010882021856,0.0],[78.034479211135874,8.661067989086089,0.0],[78.034536318199756,8.661067989086087,0.0],[78.034536318199756,8.661125096150233,0.0],[78.034593425264077,8.661296417342577,0.0],[78.034821853520455,8.661753273855728,0.0],[78.034993174712881,8.66203880917654,0.0],[78.034993174712881,8.662095916240682,0.0],[78.035050281777202,8.662210130368878,0.0],[78.035107388841169,8.662210130368878,0.0],[78.035164495905306,8.662438558625547,0.0],[78.03527871003358,8.662724093946181,0.0],[78.035335817097831,8.662952522202666,0.0],[78.035392924161869,8.663180950459244,0.0],[78.035392924161869,8.66323805752339,0.0],[78.035392924161869,8.663409378715821,0.0],[78.035392924161869,8.663466485779875,0.0],[78.035450031226034,8.663466485779876,0.0],[78.035450031226034,8.663523592844021,0.0],[78.035507138290157,8.663637806972305,0.0],[78.035678459482583,8.663809128164827,0.0],[78.035678459482583,8.663866235228975,0.0],[78.035906887739145,8.664094663485548,0.0],[78.036135315995722,8.664265984677982,0.0],[78.036249530124081,8.664437305870326,0.0],[78.036306637188147,8.664437305870322,0.0],[78.036306637188147,8.664494412934468,0.0],[78.03653506544471,8.664722841191136,0.0],[78.036592172508847,8.664722841191134,0.0],[78.036592172508847,8.66477994825528,0.0],[78.036649279573084,8.664894162383304,0.0],[78.036706386637221,8.665122590640143,0.0],[78.036706386637221,8.665351018896454,0.0],[78.036706386637221,8.665465233024831,0.0],[78.036706386637221,8.665522340088973,0.0],[78.036706386637221,8.665750768345465,0.0],[78.036706386637221,8.665922089537984,0.0],[78.036706386637221,8.666207624858616,0.0],[78.036706386637221,8.66637894605114,0.0],[78.036706386637221,8.666493160179428,0.0],[78.036706386637221,8.666550267243569,0.0],[78.036706386637221,8.666721588435916,0.0],[78.036706386637221,8.666835802564201,0.0],[78.036706386637221,8.667178444949066,0.0],[78.036763493701258,8.667349766141585,0.0],[78.036763493701258,8.667406873205733,0.0],[78.036820600765424,8.667463980269611,0.0],[78.036934814893712,8.667635301462221,0.0],[78.036991921957835,8.667806622654565,0.0],[78.037049029021986,8.667920836782764,0.0],[78.037163243150076,8.668092157975197,0.0],[78.037220350214241,8.668149265039428,0.0],[78.037391671406652,8.668320586231863,0.0],[78.037505885534927,8.668491907424205,0.0],[78.037562992599163,8.668606121552493,0.0],[78.037620099663215,8.668606121552493,0.0],[78.037677206727366,8.668777442745013,0.0],[78.037734313791503,8.668777442745016,0.0],[78.037905634983929,8.668891656873214,0.0],[78.03807695617634,8.669005871001502,0.0],[78.038134063240491,8.669005871001504,0.0],[78.03824827736878,8.669062978065643,0.0],[78.038362491497054,8.669120085129878,0.0],[78.038419598561191,8.66912008512988,0.0],[78.038476705625357,8.669120085129878,0.0],[78.038705133881919,8.669234299258168,0.0],[78.038762240946042,8.669234299258166,0.0],[78.039104883330879,8.669234299258166,0.0],[78.039333311587455,8.66929140632222,0.0],[78.039447525715573,8.669291406322222,0.0],[78.039504632779895,8.669291406322222,0.0],[78.039504632779895,8.669348513386364,0.0],[78.039561739844018,8.669348513386362,0.0],[78.039618846908155,8.669462727514652,0.0],[78.039618846908155,8.669519834578885,0.0],[78.039675953972136,8.669576941643029,0.0],[78.039675953972136,8.669634048707174,0.0],[78.039733061036273,8.669748262835194,0.0],[78.039790168100424,8.669748262835194,0.0],[78.039790168100424,8.66986247696366,0.0],[78.039847275164547,8.669919584027804,0.0],[78.039847275164547,8.669976691092039,0.0],[78.0408752023191,8.670661975861497,0.0],[78.040932309383237,8.670661975861501,0.0]]]]}},
{"type":"Feature","properties":{"Tank_name":"Palayakayal","id":9902},"geometry":{"type":"MultiPolygon","coordinates":[[[[78.091643382336699,8.684653206575749,0.0],[78.092271560042249,8.684596099511694,0.0],[78.093927664902338,8.684596099511689,0.0],[78.095583769762342,8.684538992447363,0.0],[78.09564087682638,8.684538992447363,0.0],[78.09581219801882,8.684596099511683,0.0],[78.095869305082942,8.684596099511685,0.0],[78.095983519211231,8.684596099511683,0.0],[78.096040626275453,8.684596099511683,0.0],[78.096269054531959,8.684596099511685,0.0],[78.096326161596068,8.684596099511683,0.0],[78.096554589852474,8.684596099511683,0.0],[78.096725911044885,8.684596099511685,0.0],[78.096954339301462,8.684596099511683,0.0],[78.097068553429736,8.684596099511683,0.0],[78.097411195814587,8.684596099511682,0.0],[78.097810945263674,8.684538992447358,0.0],[78.097925159391849,8.684538992447358,0.0],[78.097982266456,8.684538992447358,0.0],[78.098324908840837,8.684424778319071,0.0],[78.098382015904974,8.684424778319068,0.0],[78.098439122969125,8.68442477831907,0.0],[78.098496230033277,8.684424778319071,0.0],[78.098895979482236,8.684310564190959,0.0],[78.099067300674491,8.684310564190957,0.0],[78.099124407738643,8.684310564190959,0.0],[78.099238621866917,8.684196350062756,0.0],[78.099295728931054,8.684082135934203,0.0],[78.099352835995205,8.684082135934203,0.0],[78.099352835995205,8.683967921806181,0.0],[78.099409943059328,8.683739493549515,0.0],[78.099409943059328,8.683568172357083,0.0],[78.099409943059328,8.683396851164737,0.0],[78.099409943059328,8.683282637036363,0.0],[78.099352835995191,8.683168422908071,0.0],[78.099295728931054,8.682997101715731,0.0],[78.099238621866917,8.682825780523208,0.0],[78.099181514802765,8.682768673459064,0.0],[78.099010193610354,8.68259735226672,0.0],[78.099010193610354,8.682540245202579,0.0],[78.098838872418114,8.682368924010053,0.0],[78.098781765353777,8.68225470988177,0.0],[78.098781765353777,8.682197602817622,0.0],[78.098667551225574,8.682083388689424,0.0],[78.098610444161551,8.681969174561312,0.0],[78.098553337097385,8.681854960432757,0.0],[78.098553337097385,8.681797853368613,0.0],[78.098496230033263,8.681683639240592,0.0],[78.098496230033263,8.681626532176448,0.0],[78.098382015904974,8.681455210983927,0.0],[78.098210694712535,8.681226782727437,0.0],[78.098153587648412,8.681169675663293,0.0],[78.097982266455986,8.680941247406627,0.0],[78.097925159391835,8.68082703327843,0.0],[78.097925159391835,8.680769926214287,0.0],[78.09781094526366,8.680598605021858,0.0],[78.09781094526366,8.680541497957622,0.0],[78.097753838199409,8.680370176765276,0.0],[78.097753838199409,8.680255962636991,0.0],[78.097696731135272,8.680141748508611,0.0],[78.097639624071135,8.67997042731618,0.0],[78.097582517006998,8.679799106123749,0.0],[78.09746830287871,8.679684891995638,0.0],[78.09746830287871,8.679627784931313,0.0],[78.097354088750521,8.679456463739152,0.0],[78.097296981686284,8.679342249610862,0.0],[78.097239874622147,8.679228035482485,0.0],[78.097182767557996,8.679113821354198,0.0],[78.097182767557996,8.679056714290143,0.0],[78.097125660493873,8.678942500161853,0.0],[78.097068553429722,8.67888539309762,0.0],[78.097011446365585,8.678771178969329,0.0],[78.096954339301448,8.678714071905189,0.0],[78.096897232237396,8.678714071905187,0.0],[78.096783018109022,8.678599857776987,0.0],[78.096668803980748,8.678314322456266,0.0],[78.096611696916781,8.678200108327887,0.0],[78.09655458985246,8.678028787135549,0.0],[78.096497482788308,8.677857465943026,0.0],[78.096440375724271,8.67780035887888,0.0],[78.096383268660034,8.677686144750682,0.0],[78.096326161596068,8.677629037686536,0.0],[78.09626905453193,8.677457716494192,0.0],[78.096154840403642,8.677286395301584,0.0],[78.096154840403642,8.677229288237529,0.0],[78.09609773333932,8.67722928823753,0.0],[78.095983519211217,8.676943752916719,0.0],[78.095869305082928,8.676772431724553,0.0],[78.095869305082928,8.676715324660321,0.0],[78.095755090954654,8.676544003467892,0.0],[78.095640876826366,8.676258468147255,0.0],[78.095526662698077,8.676087146954822,0.0],[78.095469555634054,8.676030039890591,0.0],[78.095412448569817,8.675972932826447,0.0],[78.095298234441515,8.675801611634105,0.0],[78.095184020313241,8.675687397505728,0.0],[78.095184020313241,8.675630290441584,0.0],[78.095069806184952,8.675516076313295,0.0],[78.094955592056678,8.675344755120953,0.0],[78.09484137792839,8.675230540992574,0.0],[78.09484137792839,8.675173433928428,0.0],[78.094670056736064,8.675002112736088,0.0],[78.094612949671827,8.674830791543743,0.0],[78.094498735543553,8.674602363287256,0.0],[78.094441628479416,8.67454525622311,0.0],[78.094384521415265,8.674373935030589,0.0],[78.094327414351127,8.674316827966445,0.0],[78.09427030728699,8.674259720902302,0.0],[78.094213200222839,8.674145506774103,0.0],[78.094156093158702,8.674031292645815,0.0],[78.094041879030613,8.673859971453291,0.0],[78.093984771966447,8.673802864389147,0.0],[78.093927664902324,8.673745757325005,0.0],[78.093927664902324,8.673688650260949,0.0],[78.093927664902324,8.673631543196805,0.0],[78.093813450773851,8.673460222004284,0.0],[78.093756343709899,8.673346007875994,0.0],[78.093756343709899,8.673288900811853,0.0],[78.093756343709899,8.673231793747796,0.0],[78.093699236645762,8.67317468668365,0.0],[78.093699236645762,8.673117579619507,0.0],[78.093642129581596,8.673117579619511,0.0],[78.093527915453336,8.672889151362844,0.0],[78.093413701325048,8.6727178301705,0.0],[78.093356594260982,8.672660723106354,0.0],[78.093185273068471,8.672489401913834,0.0],[78.093185273068471,8.672432294849688,0.0],[78.093071058940197,8.672203866593291,0.0],[78.092956844811908,8.672032545400857,0.0],[78.09284263068362,8.671861224208516,0.0],[78.09284263068362,8.67180411714437,0.0],[78.092671309491209,8.671689903016084,0.0],[78.092557095362935,8.671461474759505,0.0],[78.092499988298783,8.671404367695365,0.0],[78.092385774170594,8.671290153567073,0.0],[78.092385774170594,8.67123304650293,0.0],[78.092214452978084,8.671118832374555,0.0],[78.092214452978084,8.671061725310409,0.0],[78.092043131785644,8.670947511182209,0.0],[78.091986024721606,8.670719082925546,0.0],[78.09192891765737,8.670719082925546,0.0],[78.091814703529096,8.670547761733202,0.0],[78.091700489400992,8.670319333476712,0.0],[78.09147206114443,8.670033798156082,0.0],[78.091414954080264,8.670033798156085,0.0],[78.091186525823716,8.66980536989924,0.0],[78.091015204631304,8.669634048707074,0.0],[78.090958097567139,8.669462727514553,0.0],[78.090843883438879,8.669348513386264,0.0],[78.090729669310576,8.669234299258063,0.0],[78.090672562246539,8.669120085129776,0.0],[78.090672562246539,8.66906297806554,0.0],[78.090615455182302,8.668948763937255,0.0],[78.090558348118165,8.668948763937253,0.0],[78.090501241054028,8.668834549808967,0.0],[78.090501241054028,8.66877744274491,0.0],[78.090444133989891,8.66877744274491,0.0],[78.090444133989877,8.668720335680769,0.0],[78.09038702692574,8.668663228616625,0.0],[78.09038702692574,8.668606121552386,0.0],[78.090272812797451,8.668549014488333,0.0],[78.090272812797451,8.668491907424103,0.0],[78.090272812797451,8.668434800359959,0.0],[78.090215705733399,8.668434800359959,0.0],[78.090158598669177,8.668320586231761,0.0],[78.090044384540889,8.668206372103468,0.0],[78.089930170412615,8.66803505091095,0.0],[78.089873063348477,8.66803505091095,0.0],[78.089644635091901,8.667863729718606,0.0],[78.089587528027764,8.667863729718606,0.0],[78.089416206835352,8.667692408526262,0.0],[78.089359099771201,8.66763530146212,0.0],[78.08918777857896,8.667521087333652,0.0],[78.089073564450658,8.667463980269776,0.0],[78.089073564450658,8.66740687320563,0.0],[78.088959350322213,8.667349766141486,0.0],[78.088845136194109,8.667292659077255,0.0],[78.088730922065821,8.667235552013109,0.0],[78.088673815001684,8.667235552013111,0.0],[78.088616707937547,8.667178444948968,0.0],[78.088445386745207,8.667178444948968,0.0],[78.088216958488559,8.667178444948968,0.0],[78.087988530232082,8.66717844494897,0.0],[78.087931423167845,8.667235552013111,0.0],[78.087760101975434,8.667292659077257,0.0],[78.087702994911282,8.667292659077257,0.0],[78.087531673718871,8.667349766141491,0.0],[78.08747456665472,8.667349766141491,0.0],[78.087417459590583,8.66734976614149,0.0],[78.087074817205831,8.667349766141488,0.0],[78.08684638894934,8.667349766141491,0.0],[78.086732174820895,8.667349766141491,0.0],[78.086389532436215,8.667349766141491,0.0],[78.086218211243803,8.667349766141491,0.0],[78.086161104179652,8.66734976614149,0.0],[78.086103997115515,8.667349766141493,0.0],[78.085989782987241,8.667406873205639,0.0],[78.085989782987241,8.667521087333659,0.0],[78.08593267592309,8.667578194397805,0.0],[78.08593267592309,8.667749515590504,0.0],[78.08593267592309,8.667806622654467,0.0],[78.086103997115515,8.667977943846813,0.0],[78.086103997115515,8.668035050910957,0.0],[78.086503746564503,8.668149265039334,0.0],[78.086560853628654,8.668149265039331,0.0],[78.08684638894934,8.668263479167623,0.0],[78.086903496013505,8.668320586231767,0.0],[78.087246138398157,8.668320586231765,0.0],[78.087303245462309,8.668320586231765,0.0],[78.087588780783008,8.668434800359964,0.0],[78.087702994911282,8.668491907424107,0.0],[78.087817209039571,8.668606121552395,0.0],[78.087931423167859,8.668720335680774,0.0],[78.087931423167859,8.668777442744917,0.0],[78.088102744360285,8.669005871001406,0.0],[78.088274065552696,8.669348513386272,0.0],[78.088445386745207,8.669576941642932,0.0],[78.08855960087341,8.669805369899242,0.0],[78.088616707937561,8.669805369899242,0.0],[78.088616707937561,8.669862476963566,0.0],[78.088730922065821,8.669976691091943,0.0],[78.088730922065821,8.670033798156091,0.0],[78.088902243258332,8.670262226412396,0.0],[78.088902243258346,8.670319333476719,0.0],[78.089073564450672,8.670490654669061,0.0],[78.08918777857896,8.670661975861405,0.0],[78.089359099771215,8.670833297053838,0.0],[78.089416206835352,8.670947511182217,0.0],[78.089416206835352,8.671004618246361,0.0],[78.089416206835352,8.671175939438704,0.0],[78.089473313899674,8.671347260631226,0.0],[78.089530420963641,8.671575688887712,0.0],[78.089530420963641,8.671632795951856,0.0],[78.089587528027778,8.671632795951856,0.0],[78.089701742156052,8.671918331272664,0.0],[78.089758849220289,8.671975438336721,0.0],[78.089815956284326,8.672089652465006,0.0],[78.089930170412615,8.672203866593298,0.0],[78.089987277476752,8.672260973657533,0.0],[78.089987277476752,8.672318080721674,0.0],[78.090044384540903,8.672375187785555,0.0],[78.090158598669177,8.672546508978163,0.0],[78.090329919861617,8.672774937234651,0.0],[78.090444133989891,8.67294625842699,0.0],[78.090672562246539,8.673117579619515,0.0],[78.090786776374742,8.673346007876001,0.0],[78.090843883438879,8.673346007876001,0.0],[78.091015204631304,8.673631543196812,0.0],[78.091072311695441,8.673745757325008,0.0],[78.091072311695441,8.673802864389154,0.0],[78.091129418759664,8.673802864389152,0.0],[78.091129418759664,8.673859971453298,0.0],[78.09118652582373,8.673917078517441,0.0],[78.091871810593247,8.675287648056813,0.0],[78.091814703529096,8.67534475512096,0.0],[78.091700489401006,8.675458969249245,0.0],[78.09164338233667,8.675458969249245,0.0],[78.09164338233667,8.675516076313301,0.0],[78.091586275272547,8.675516076313301,0.0],[78.091529168208481,8.675516076313302,0.0],[78.091243632887867,8.675401862185101,0.0],[78.091072311695441,8.675230540992581,0.0],[78.091015204631304,8.675230540992581,0.0],[78.091015204631304,8.675173433928435,0.0],[78.090958097567153,8.675116326864293,0.0],[78.09090099050303,8.675059219800149,0.0],[78.090843883438879,8.675002112736095,0.0],[78.090786776374742,8.674887898607984,0.0],[78.090729669310591,8.674887898607984,0.0],[78.090615455182316,8.67483079154375,0.0],[78.090558348118179,8.674773684479609,0.0],[78.090272812797465,8.674716577415285,0.0],[78.090158598669177,8.674716577415285,0.0],[78.090101491605054,8.674716577415284,0.0],[78.090044384540903,8.674716577415284,0.0],[78.089815956284326,8.674716577415285,0.0],[78.089701742156066,8.674716577415287,0.0],[78.089587528027778,8.674716577415289,0.0],[78.089530420963641,8.674716577415285,0.0],[78.089359099771215,8.674716577415287,0.0],[78.089073564450672,8.674716577415289,0.0],[78.088788029130001,8.674716577415287,0.0],[78.088788029130001,8.674773684479611,0.0],[78.088788029130001,8.674830791543757,0.0],[78.088788029130001,8.674887898607988,0.0],[78.088788029130001,8.674945005671953,0.0],[78.088788029130001,8.675002112736102,0.0],[78.088788029130001,8.675059219800154,0.0],[78.088788029130001,8.675116326864298,0.0],[78.088673815001698,8.675573183377452,0.0],[78.088616707937575,8.675801611634117,0.0],[78.088616707937575,8.676030039890604,0.0],[78.088616707937575,8.676201361083125,0.0],[78.088616707937575,8.676372682275558,0.0],[78.088730922065835,8.676544003467905,0.0],[78.088730922065835,8.676601110532047,0.0],[78.088845136194124,8.676772431724569,0.0],[78.08890224325836,8.676943752916735,0.0],[78.088959350322227,8.676943752916735,0.0],[78.089016457386549,8.677115074109343,0.0],[78.089073564450686,8.677172181173576,0.0],[78.089073564450686,8.677229288237541,0.0],[78.089130671514852,8.677400609429885,0.0],[78.089130671514852,8.677457716494208,0.0],[78.089073564450686,8.677686144750696,0.0],[78.088959350322241,8.677800358878896,0.0],[78.08890224325836,8.677800358878896,0.0],[78.08890224325836,8.677857465943042,0.0],[78.08890224325836,8.677914573007186,0.0],[78.088730922065849,8.678143001263848,0.0],[78.088559600873424,8.678257215392051,0.0],[78.088559600873424,8.678314322456282,0.0],[78.088502493809287,8.678314322456282,0.0],[78.088445386745235,8.678314322456282,0.0],[78.088388279680998,8.678428536584576,0.0],[78.088216958488587,8.678599857777005,0.0],[78.088102744360299,8.678771178969349,0.0],[78.088102744360299,8.678828286033491,0.0],[78.088102744360299,8.67894250016187,0.0],[78.088045637296162,8.679056714290159,0.0],[78.087988530232096,8.679113821354216,0.0],[78.087874316103751,8.679285142546647,0.0],[78.087760101975448,8.679342249610881,0.0],[78.0875316737189,8.679456463739172,0.0],[78.087417459590611,8.679570677867192,0.0],[78.087246138398172,8.679627784931336,0.0],[78.087189031334049,8.67968489199566,0.0],[78.087189031334049,8.679741999059802,0.0],[78.087360352526474,8.679970427316201,0.0],[78.087417459590611,8.680027534380347,0.0],[78.087474566654762,8.680141748508635,0.0],[78.0875316737189,8.680198855572867,0.0],[78.087588780783022,8.680198855572867,0.0],[78.087588780783022,8.680255962637011,0.0],[78.087588780783022,8.680313069701159,0.0],[78.087645887847188,8.680370176765297,0.0],[78.087645887847188,8.680427283829356,0.0],[78.087645887847188,8.680541497957645,0.0],[78.087645887847188,8.680598605021876,0.0],[78.087645887847188,8.680655712085931,0.0],[78.087645887847188,8.680712819150164,0.0],[78.087702994911325,8.680769926214309,0.0],[78.087931423167873,8.680941247406652,0.0],[78.088102744360299,8.681055461535028,0.0],[78.08815985142445,8.681055461535028,0.0],[78.088274065552724,8.681112568599083,0.0],[78.088274065552724,8.681169675663316,0.0],[78.088331172616876,8.681169675663314,0.0],[78.088388279681013,8.681226782727462,0.0],[78.088445386745235,8.681283889791606,0.0],[78.088445386745235,8.68134099685566,0.0],[78.088502493809287,8.68134099685566,0.0],[78.088673815001712,8.68162653217647,0.0],[78.088673815001712,8.681683639240614,0.0],[78.088788029130001,8.681740746304756,0.0],[78.088788029130001,8.681797853368636,0.0],[78.088845136194138,8.681854960432776,0.0],[78.0890735644507,8.682083388689446,0.0],[78.089359099771244,8.682311816945932,0.0],[78.089416206835367,8.682311816945935,0.0],[78.089473313899703,8.682311816945932,0.0],[78.089530420963669,8.682368924010076,0.0],[78.089587528027792,8.68242603107422,0.0],[78.089644635091929,8.682426031074217,0.0],[78.089930170412643,8.682540245202599,0.0],[78.090101491605068,8.682711566394939,0.0],[78.090215705733442,8.682768673459083,0.0],[78.090387026925768,8.682939994651605,0.0],[78.090558348118194,8.683168422908091,0.0],[78.090615455182331,8.683225529972324,0.0],[78.09078677637477,8.683396851164757,0.0],[78.09078677637477,8.683453958228901,0.0],[78.090958097567182,8.683568172357102,0.0],[78.091015204631333,8.683568172357102,0.0],[78.091015204631333,8.683739493549529,0.0],[78.091072311695456,8.68385370767791,0.0],[78.091072311695456,8.684025028870256,0.0],[78.091186525823744,8.684196350062772,0.0],[78.091243632887895,8.684196350062772,0.0],[78.091300739952018,8.684310564190973,0.0],[78.091300739952018,8.68436767125503,0.0],[78.09135784701617,8.684424778319086,0.0],[78.09135784701617,8.68448188538323,0.0],[78.091414954080307,8.68448188538323,0.0],[78.091414954080307,8.684538992447374,0.0],[78.091472061144472,8.684538992447372,0.0],[78.091529168208496,8.684596099511694,0.0],[78.091586275272562,8.684653206575749,0.0],[78.091643382336699,8.684653206575749,0.0]]]]}},
{"type":"Feature","properties":{"Tank_name":"Peikulam","id":9903},"geometry":{"type":"MultiPolygon","coordinates":[[[[78.058364975318071,8.695994064019626,0.0],[78.058288578215922,8.695688475610915,0.0],[78.058212181113774,8.695612078508669,0.0],[78.058135784011697,8.695382887202111,0.0],[78.05798298980713,8.69515369589547,0.0],[78.057753798500499,8.694771710384517,0.0],[78.057753798500499,8.694618916180202,0.0],[78.057677401398351,8.694618916180202,0.0],[78.057677401398351,8.694542519077782,0.0],[78.057448210091891,8.69408413646476,0.0],[78.057448210091891,8.694007739362606,0.0],[78.057371812989558,8.693854945158117,0.0],[78.057219018785261,8.693549356749228,0.0],[78.057066224580794,8.693396562544917,0.0],[78.056989827478631,8.693320165442671,0.0],[78.056989827478631,8.693243768340517,0.0],[78.056913430376483,8.693014577033784,0.0],[78.05683703327432,8.693014577033784,0.0],[78.056684239069853,8.692861782829562,0.0],[78.056607841967676,8.692632591522829,0.0],[78.056455047763293,8.692403400216364,0.0],[78.056455047763293,8.692327003114116,0.0],[78.05637865066106,8.692097811807384,0.0],[78.05637865066106,8.692021414705319,0.0],[78.056225856456592,8.691715826296431,0.0],[78.0561494593546,8.691715826296431,0.0],[78.0561494593546,8.691639429194366,0.0],[78.056073062252352,8.691333840785473,0.0],[78.056073062252352,8.691257443683407,0.0],[78.055996665150118,8.691181046581251,0.0],[78.055996665150118,8.691104649478834,0.0],[78.055843870945637,8.69095185527452,0.0],[78.055843870945637,8.690799061070118,0.0],[78.055843870945637,8.690722663967875,0.0],[78.055767473843474,8.690722663967877,0.0],[78.055691076741425,8.690569869763387,0.0],[78.055614679639177,8.690417075559163,0.0],[78.055538282536844,8.690187884252433,0.0],[78.05546188543471,8.689958692945964,0.0],[78.05546188543471,8.68988229584372,0.0],[78.05546188543471,8.689500310332766,0.0],[78.055309091230484,8.689194721923965,0.0],[78.055309091230484,8.6889655306175,0.0],[78.055232694128236,8.6889655306175,0.0],[78.055232694128236,8.688736339310855,0.0],[78.055232694128236,8.688659942208432,0.0],[78.055156297025917,8.688583545106365,0.0],[78.055156297025917,8.688430750902054,0.0],[78.055079899923768,8.688430750902054,0.0],[78.050343279587679,8.680027069660067,0.0],[78.050343279587679,8.679950672558,0.0],[78.050266882485531,8.679874275455665,0.0],[78.050266882485531,8.679797878353423,0.0],[78.050190485383197,8.679568687047045,0.0],[78.050114088281049,8.679415892842469,0.0],[78.050114088281049,8.6793394957404,0.0],[78.050114088281049,8.679186701535913,0.0],[78.050114088281049,8.679110304433756,0.0],[78.050037691178986,8.679033907331512,0.0],[78.049961294076738,8.678957510229267,0.0],[78.049884896974419,8.678804716024956,0.0],[78.04980849987227,8.678651921820556,0.0],[78.049732102770108,8.678499127616067,0.0],[78.049655705668044,8.678499127616067,0.0],[78.049655705668044,8.678346333411579,0.0],[78.049655705668044,8.678269936309512,0.0],[78.049579308565811,8.678193539207358,0.0],[78.049579308565811,8.678117142105114,0.0],[78.049502911463478,8.677964347900627,0.0],[78.049502911463478,8.677887950798558,0.0],[78.049502911463478,8.677735156593984,0.0],[78.049502911463478,8.67758236238967,0.0],[78.049426514361329,8.677505965287603,0.0],[78.049426514361329,8.677429568185445,0.0],[78.049273720156847,8.677276773980962,0.0],[78.049273720156847,8.677200376878714,0.0],[78.049197323054699,8.677123979776647,0.0],[78.049120925952536,8.676971185572071,0.0],[78.049120925952536,8.676894788470005,0.0],[78.049044528850402,8.676894788470005,0.0],[78.048891734645906,8.676741994265514,0.0],[78.048738940441595,8.676589200061118,0.0],[78.048586146237113,8.676436405856629,0.0],[78.048356954930568,8.676360008754564,0.0],[78.048356954930568,8.676283611652407,0.0],[78.048280557828335,8.676130817447916,0.0],[78.048204160726186,8.676130817447916,0.0],[78.048204160726186,8.676054420345672,0.0],[78.048127763624038,8.675978023243607,0.0],[78.048051366521889,8.675901626141453,0.0],[78.048051366521875,8.675748831936962,0.0],[78.047974969419641,8.675748831936964,0.0],[78.047898572317393,8.675596037732651,0.0],[78.047669381010763,8.675366846426007,0.0],[78.047516586806466,8.675214052221696,0.0],[78.047363792601985,8.675061258017209,0.0],[78.047134601295525,8.674984860915051,0.0],[78.046981807091058,8.674832066710563,0.0],[78.046752615784598,8.674602875404096,0.0],[78.046752615784598,8.674526478301678,0.0],[78.046676218682265,8.674526478301679,0.0],[78.046676218682265,8.674450081199607,0.0],[78.046447027375635,8.674220889892965,0.0],[78.046370630273472,8.674220889892966,0.0],[78.046294233171324,8.674068095688655,0.0],[78.046217836069189,8.673991698586235,0.0],[78.046141438966856,8.673915301484168,0.0],[78.045988644762545,8.673762507279768,0.0],[78.045912247660397,8.673762507279767,0.0],[78.045530262149356,8.673533315973209,0.0],[78.045453865047122,8.673533315973211,0.0],[78.045377467944974,8.673456918871056,0.0],[78.045301070842811,8.673456918871057,0.0],[78.044995482434032,8.673380521768813,0.0],[78.044842688229551,8.67330412466657,0.0],[78.044537099820772,8.673227727564324,0.0],[78.044078717207668,8.673151330462259,0.0],[78.043620334594408,8.673074933360105,0.0],[78.043620334594408,8.672998536257859,0.0],[78.043391143287963,8.672922139155615,0.0],[78.043085554879184,8.672769344951309,0.0],[78.04285636357254,8.672616550746818,0.0],[78.042703569368157,8.672540153644663,0.0],[78.042474378061598,8.672463756542419,0.0],[78.042321583857216,8.67246375654242,0.0],[78.042321583857216,8.67238735944035,0.0],[78.042245186754968,8.67238735944035,0.0],[78.042092392550501,8.672310962337932,0.0],[78.042015995448338,8.672234565235861,0.0],[78.041863201244027,8.672234565235863,0.0],[78.041786804141893,8.672234565235863,0.0],[78.041557612835334,8.672234565235863,0.0],[78.041481215733086,8.672234565235863,0.0],[78.041404818630781,8.672234565235863,0.0],[78.04125202442647,8.672234565235865,0.0],[78.04125202442647,8.672310962337932,0.0],[78.04125202442647,8.672387359440352,0.0],[78.041175627324137,8.672692947848885,0.0],[78.041175627324137,8.672845742053376,0.0],[78.041175627324137,8.673151330462266,0.0],[78.041175627324137,8.673227727564329,0.0],[78.041099230222002,8.673686110177711,0.0],[78.041099230222002,8.674144492790731,0.0],[78.041099230222002,8.674526478301686,0.0],[78.041099230222002,8.674908463812644,0.0],[78.041099230222002,8.674984860915064,0.0],[78.041175627324137,8.675290449323777,0.0],[78.041175627324137,8.675366846426019,0.0],[78.041175627324137,8.675596037732662,0.0],[78.041175627324137,8.675672434834729,0.0],[78.04125202442647,8.675901626141464,0.0],[78.041634009937411,8.675978023243617,0.0],[78.041786804141893,8.675978023243617,0.0],[78.042397980959279,8.675978023243617,0.0],[78.04285636357254,8.675978023243616,0.0],[78.043161951981332,8.675978023243617,0.0],[78.043543937492274,8.675978023243616,0.0],[78.043773128798904,8.675978023243614,0.0],[78.044078717207668,8.675978023243616,0.0],[78.04438430561656,8.675978023243616,0.0],[78.044537099820786,8.675978023243614,0.0],[78.044613496923091,8.675978023243614,0.0],[78.044689894025254,8.676054420345679,0.0],[78.044766291127502,8.676054420345679,0.0],[78.044842688229551,8.676054420345677,0.0],[78.044919085331713,8.676130817447923,0.0],[78.044919085331713,8.676207214550168,0.0],[78.044995482434047,8.676207214550164,0.0],[78.045377467944974,8.676360008754569,0.0],[78.045453865047122,8.676360008754568,0.0],[78.04553026214937,8.676436405856634,0.0],[78.04553026214937,8.676512802959053,0.0],[78.045683056353752,8.676894788470008,0.0],[78.045683056353752,8.676971185572079,0.0],[78.045759453455915,8.676971185572077,0.0],[78.045759453455915,8.677047582674321,0.0],[78.045759453455915,8.677123979776656,0.0],[78.045759453455915,8.677276773980967,0.0],[78.045835850558262,8.677353171083034,0.0],[78.045835850558262,8.67750596528761,0.0],[78.045835850558262,8.677582362389675,0.0],[78.045912247660397,8.67773515659399,0.0],[78.045988644762545,8.677735156593988,0.0],[78.046141438966856,8.678040745003051,0.0],[78.046217836069189,8.678117142105119,0.0],[78.046370630273486,8.678269936309519,0.0],[78.046370630273486,8.678346333411588,0.0],[78.046447027375635,8.678422730514008,0.0],[78.046523424477954,8.67842273051401,0.0],[78.046676218682265,8.678575524718317,0.0],[78.046752615784598,8.678728318922808,0.0],[78.046829012886576,8.678728318922806,0.0],[78.046905409988895,8.678804716024963,0.0],[78.046981807091058,8.679110304433763,0.0],[78.046981807091058,8.679186701535917,0.0],[78.047210998397787,8.679568687047052,0.0],[78.047287395499836,8.679797878353428,0.0],[78.047363792601999,8.680103466762317,0.0],[78.047363792601999,8.680561849375341,0.0],[78.047440189704332,8.680867437784405,0.0],[78.047592983908714,8.681249423295363,0.0],[78.047898572317408,8.681707805908385,0.0],[78.047898572317408,8.681784203010805,0.0],[78.048127763624052,8.682013394317272,0.0],[78.048280557828349,8.682166188521759,0.0],[78.048280557828349,8.682242585623827,0.0],[78.048433352032831,8.682395379828405,0.0],[78.048586146237128,8.682624571134779,0.0],[78.048662543339475,8.682700968237027,0.0],[78.04889173464592,8.683006556645736,0.0],[78.049120925952536,8.683235747952383,0.0],[78.049350117259181,8.683464939259112,0.0],[78.049426514361343,8.683541336361268,0.0],[78.049502911463478,8.683617733463334,0.0],[78.049502911463478,8.683694130565756,0.0],[78.049655705668059,8.683923321872221,0.0],[78.049732102770122,8.68415251317878,0.0],[78.049808499872285,8.684381704485508,0.0],[78.049808499872285,8.684458101587667,0.0],[78.049884896974419,8.684458101587666,0.0],[78.049884896974419,8.684610895792156,0.0],[78.049961294076752,8.684763689996466,0.0],[78.050037691179,8.684763689996466,0.0],[78.050114088281063,8.684916484200693,0.0],[78.050114088281063,8.68499288130311,0.0],[78.050266882485545,8.685145675507423,0.0],[78.050343279587693,8.685222072609756,0.0],[78.050419676689927,8.685298469711821,0.0],[78.050572470894153,8.685527661018376,0.0],[78.050648867996472,8.685527661018378,0.0],[78.05072526509862,8.68560405812071,0.0],[78.05072526509862,8.685680455222778,0.0],[78.05072526509862,8.685833249427086,0.0],[78.05072526509862,8.68590964652951,0.0],[78.05049607379199,8.685986043631667,0.0],[78.050419676689927,8.68606244073373,0.0],[78.050266882485545,8.686215234938221,0.0],[78.050190485383226,8.686368029142619,0.0],[78.050190485383212,8.686444426244687,0.0],[78.050190485383226,8.686750014653667,0.0],[78.050419676689941,8.68697920596013,0.0],[78.05049607379199,8.68705560306238,0.0],[78.050648867996486,8.687132000164619,0.0],[78.05072526509862,8.68713200016462,0.0],[78.050954456405265,8.687361191471089,0.0],[78.051107250609576,8.68759038277782,0.0],[78.051412839018354,8.687819574084465,0.0],[78.051489236120673,8.687972368288772,0.0],[78.051565633222822,8.687972368288774,0.0],[78.051871221631615,8.688125162493174,0.0],[78.052024015835926,8.68820155959542,0.0],[78.052176810040407,8.688354353799729,0.0],[78.052176810040407,8.688430750902061,0.0],[78.052176810040407,8.689041927719572,0.0],[78.052176810040407,8.689194721923972,0.0],[78.052329604244704,8.689423913230527,0.0],[78.052329604244704,8.689500310332773,0.0],[78.052406001347038,8.689500310332773,0.0],[78.052558795551334,8.689805898741481,0.0],[78.052635192653497,8.689882295843725,0.0],[78.052787986857979,8.690111487150372,0.0],[78.052864383960213,8.690264281354859,0.0],[78.052940781062276,8.690264281354859,0.0],[78.053017178164438,8.690646266865814,0.0],[78.053017178164438,8.690951855274525,0.0],[78.053017178164438,8.691028252376773,0.0],[78.053017178164438,8.691410237887727,0.0],[78.053017178164438,8.691486634989792,0.0],[78.053017178164438,8.691639429194369,0.0],[78.053017178164438,8.691792223398858,0.0],[78.05339916367538,8.692174208909814,0.0],[78.053551957879861,8.69225060601188,0.0],[78.053857546288654,8.69247979731861,0.0],[78.053933943390788,8.692479797318612,0.0],[78.054086737595284,8.692632591522832,0.0],[78.0543159289019,8.692785385727321,0.0],[78.054392326004049,8.692861782829567,0.0],[78.054621517310693,8.693090974136208,0.0],[78.054621517310693,8.693167371238276,0.0],[78.054621517310693,8.693396562544923,0.0],[78.054621517310693,8.693472959647167,0.0],[78.054697914412841,8.693931342260191,0.0],[78.054697914412841,8.694007739362609,0.0],[78.054697914412841,8.694389724873567,0.0],[78.054697914412841,8.694618916180209,0.0],[78.054621517310693,8.694771710384519,0.0],[78.054621517310693,8.694848107486676,0.0],[78.054621517310693,8.694924504588741,0.0],[78.054545120208346,8.695000901691165,0.0],[78.054392326004063,8.69523009299772,0.0],[78.054086737595284,8.695306490099965,0.0],[78.054010340493122,8.695382887202124,0.0],[78.053933943390803,8.695382887202122,0.0],[78.053399163675394,8.69545928430419,0.0],[78.053322766573217,8.695459284304189,0.0],[78.053017178164438,8.695459284304189,0.0],[78.05294078106229,8.69545928430419,0.0],[78.052635192653497,8.695535681406433,0.0],[78.05225320714257,8.695535681406435,0.0],[78.052024015835954,8.695535681406435,0.0],[78.051947618733792,8.695535681406435,0.0],[78.051718427427147,8.695535681406437,0.0],[78.051642030325013,8.695535681406437,0.0],[78.051642030325013,8.695459284304194,0.0],[78.051565633222836,8.695459284304192,0.0],[78.051336441916206,8.695230092997726,0.0],[78.051183647711909,8.695230092997729,0.0],[78.05110725060959,8.695153695895485,0.0],[78.050878059303145,8.695077298793237,0.0],[78.050801662200897,8.695077298793237,0.0],[78.050725265098649,8.695306490099972,0.0],[78.0506488679965,8.695612078508685,0.0],[78.050572470894167,8.695688475610927,0.0],[78.050572470894167,8.695764872713085,0.0],[78.050496073792019,8.695841269815151,0.0],[78.050419676689955,8.695917666917572,0.0],[78.050343279587707,8.695917666917573,0.0],[78.050343279587707,8.695994064019642,0.0],[78.05019048538324,8.696223255326284,0.0],[78.05019048538324,8.696452446632842,0.0],[78.05019048538324,8.69652884373517,0.0],[78.05019048538324,8.69660524083724,0.0],[78.05019048538324,8.696910829246127,0.0],[78.050266882485573,8.696987226348195,0.0],[78.050266882485573,8.697140020552505,0.0],[78.050266882485573,8.697292814757084,0.0],[78.050266882485573,8.697445608961573,0.0],[78.050266882485573,8.697751197370106,0.0],[78.050419676689955,8.698209579983484,0.0],[78.050419676689955,8.698285977085549,0.0],[78.050496073792019,8.698285977085549,0.0],[78.050648867996514,8.69851516839228,0.0],[78.0506488679965,8.698591565494436,0.0],[78.050725265098649,8.698744359698928,0.0],[78.050878059303145,8.699049948107637,0.0],[78.051183647711923,8.699355536516526,0.0],[78.05133644191622,8.699431933618591,0.0],[78.051871221631643,8.699813919129546,0.0],[78.052100412938088,8.699890316231789,0.0],[78.052176810040436,8.699966713333856,0.0],[78.052329604244733,8.700119507538433,0.0],[78.052482398449285,8.700348698844991,0.0],[78.052558795551363,8.700425095947233,0.0],[78.052558795551363,8.700501493049391,0.0],[78.052787986857993,8.700730684355944,0.0],[78.053246369471168,8.701036272764831,0.0],[78.053781149186491,8.701265464071389,0.0],[78.053857546288668,8.701341861173633,0.0],[78.054163134697433,8.701418258275785,0.0],[78.05454512020836,8.701571052480272,0.0],[78.05454512020836,8.701647449582339,0.0],[78.05469791441287,8.701723846684583,0.0],[78.054850708617167,8.701953037991228,0.0],[78.054927105719301,8.702029435093294,0.0],[78.055232694128279,8.702335023502183,0.0],[78.055232694128279,8.70241142060425,0.0],[78.055538282536872,8.70271700901314,0.0],[78.055614679639206,8.702793406115381,0.0],[78.055843870945665,8.703251788728581,0.0],[78.055920268047998,8.703633774239536,0.0],[78.055996665150147,8.703710171341783,0.0],[78.056073062252381,8.703786568444027,0.0],[78.056149459354629,8.704092156852736,0.0],[78.056225856456606,8.704168553954981,0.0],[78.05630225355894,8.704244951057136,0.0],[78.05630225355894,8.704321348159205,0.0],[78.05653144486557,8.704703333670338,0.0],[78.056607841967704,8.704703333670334,0.0],[78.056607841967704,8.70477973077258,0.0],[78.056913430376497,8.705008922079225,0.0],[78.05698982747866,8.705085319181292,0.0],[78.057142621683141,8.705314510488021,0.0],[78.057295415887438,8.705543701794667,0.0],[78.057295415887438,8.705620098896734,0.0],[78.057295415887438,8.705696495998975,0.0],[78.057295415887438,8.705925687305625,0.0],[78.057295415887438,8.706002084407686,0.0],[78.057295415887438,8.706078481509934,0.0],[78.057295415887438,8.706384069918641,0.0],[78.057371812989587,8.706460467020891,0.0],[78.057524607194082,8.706766055429599,0.0],[78.057753798500528,8.707148040940554,0.0],[78.057830195602861,8.707224438042974,0.0],[78.057830195602861,8.707300835145045,0.0],[78.058135784011739,8.70775921775842,0.0],[78.058212181113788,8.707835614860574,0.0],[78.058364975318099,8.708141203269376,0.0],[78.058441372420418,8.708523188780331,0.0],[78.058517769522666,8.708599585882485,0.0],[78.058594166624729,8.708905174291285,0.0],[78.058594166624729,8.709057968495772,0.0],[78.058746960829211,8.709439954006729,0.0],[78.058976152135841,8.709974733722087,0.0],[78.059281740544535,8.710356719233044,0.0],[78.059358137646782,8.710738704743996,0.0],[78.059434534748945,8.711044293152881,0.0],[78.059510931851094,8.711349881561686,0.0],[78.059663726055561,8.711579072868327,0.0],[78.059663726055561,8.711655469970395,0.0],[78.059740123157738,8.712037455481349,0.0],[78.059969314464368,8.712343043890238,0.0],[78.060198505770813,8.712648632299036,0.0],[78.060274902873132,8.712954220707751,0.0],[78.060351299975295,8.713030617809991,0.0],[78.06058049128201,8.713412603321125,0.0],[78.060733285486236,8.713641794627589,0.0],[78.060733285486236,8.713718191729658,0.0],[78.060809682588371,8.713718191729658,0.0],[78.061191668099326,8.714176574343035,0.0],[78.061497256508105,8.714252971445188,0.0],[78.061726447814834,8.714252971445189,0.0],[78.061802844917068,8.714252971445189,0.0],[78.061802844917068,8.714329368547256,0.0],[78.062566815938936,8.714405765649675,0.0],[78.063559978267435,8.713030617809984,0.0],[78.064400346391622,8.712495838094721,0.0],[78.064782331902578,8.711273484459428,0.0],[78.064782331902578,8.711197087357363,0.0],[78.064782331902578,8.711120690254941,0.0],[78.064782331902578,8.71096789605072,0.0],[78.064782331902563,8.710662307641918,0.0],[78.064782331902563,8.71043311633527,0.0],[78.064782331902563,8.71035671923303,0.0],[78.064705934800415,8.71035671923303,0.0],[78.064705934800415,8.710127527926387,0.0],[78.064705934800415,8.710051130824317,0.0],[78.064705934800415,8.70989833661983,0.0],[78.064705934800415,8.709821939517676,0.0],[78.064705934800415,8.709592748210941,0.0],[78.064705934800415,8.709287159802232,0.0],[78.064705934800415,8.708981571393519,0.0],[78.064705934800415,8.70882877718903,0.0],[78.064705934800401,8.70875238008696,0.0],[78.064705934800401,8.708523188780317,0.0],[78.064629537698266,8.708370394576008,0.0],[78.064476743493771,8.708141203269363,0.0],[78.064476743493771,8.70791201196263,0.0],[78.064400346391622,8.707759217758408,0.0],[78.064400346391622,8.707606423553921,0.0],[78.064323949289303,8.707377232247275,0.0],[78.064323949289303,8.707224438042964,0.0],[78.064247552187126,8.707071643838475,0.0],[78.064247552187126,8.706995246736318,0.0],[78.064171155085077,8.706918849634077,0.0],[78.064171155085077,8.70676605542959,0.0],[78.064171155085077,8.70668965832752,0.0],[78.064094757982843,8.706613261225364,0.0],[78.064018360880681,8.706384069918631,0.0],[78.064018360880681,8.706307672816564,0.0],[78.063865566676199,8.706002084407675,0.0],[78.063865566676185,8.70592568730561,0.0],[78.063865566676185,8.705620098896723,0.0],[78.06378916957415,8.705238113385589,0.0],[78.06378916957415,8.704932524976877,0.0],[78.06378916957415,8.704626936568255,0.0],[78.06378916957415,8.704397745261611,0.0],[78.06378916957415,8.704321348159189,0.0],[78.063789169574136,8.704168553954965,0.0],[78.063712772471902,8.703939362648233,0.0],[78.063712772471902,8.703862965546168,0.0],[78.063559978267406,8.703633774239522,0.0],[78.063483581165258,8.703480980035211,0.0],[78.063483581165258,8.703404582933056,0.0],[78.063407184063209,8.703251788728567,0.0],[78.063330786960776,8.703251788728567,0.0],[78.063254389858642,8.703098994524256,0.0],[78.063177992756479,8.703022597421832,0.0],[78.063025198551983,8.702793406115369,0.0],[78.062796007245538,8.702564214808815,0.0],[78.062796007245538,8.702487817706659,0.0],[78.062643213041056,8.702335023502169,0.0],[78.062566815938908,8.702258626399923,0.0],[78.062337624632278,8.701953037991215,0.0],[78.062337624632278,8.701876640888971,0.0],[78.062261227530115,8.701800243786902,0.0],[78.062108433325733,8.70157105248026,0.0],[78.062108433325733,8.701494655377836,0.0],[78.061955639121337,8.701189066969304,0.0],[78.061879242019188,8.701189066969306,0.0],[78.061726447814806,8.700883478560414,0.0],[78.061650050712544,8.700730684355927,0.0],[78.061650050712544,8.700577890151706,0.0],[78.061497256508062,8.700501493049376,0.0],[78.061497256508062,8.700425095947216,0.0],[78.061497256508062,8.700348698844971,0.0],[78.061420859405928,8.700348698844975,0.0],[78.06134446230385,8.700195904640486,0.0],[78.061115270997135,8.69996671333384,0.0],[78.060962476792923,8.699813919129529,0.0],[78.060886079690675,8.699737522027464,0.0],[78.060809682588342,8.699584727822884,0.0],[78.060733285486208,8.699431933618573,0.0],[78.060656888384045,8.699355536516503,0.0],[78.060504094179564,8.699126345209864,0.0],[78.060274902873104,8.698973551005553,0.0],[78.060122108668637,8.698744359698907,0.0],[78.059892917362006,8.698515168392266,0.0],[78.059663726055547,8.698285977085531,0.0],[78.059587328953398,8.698056785779066,0.0],[78.059587328953398,8.697980388676822,0.0],[78.059510931851065,8.697751197370087,0.0],[78.059358137646754,8.697598403165866,0.0],[78.059358137646754,8.69752200606362,0.0],[78.059281740544506,8.697369211859137,0.0],[78.059205343442258,8.697369211859135,0.0],[78.059205343442258,8.697292814757066,0.0],[78.059128946340138,8.697140020552489,0.0],[78.059052549237975,8.69714002055249,0.0],[78.059052549237975,8.697063623450422,0.0],[78.058976152135813,8.696834432143959,0.0],[78.058899755033579,8.696834432143955,0.0],[78.058823357931331,8.696681637939468,0.0],[78.058746960829197,8.696605240837226,0.0],[78.058670563726849,8.696452446632826,0.0],[78.058670563726849,8.69637604953058,0.0],[78.058517769522638,8.69622325532627,0.0],[78.05844137242039,8.696146858224202,0.0],[78.058364975318071,8.695994064019626,0.0]]]]}},
{"type":"Feature","properties":{"Tank_name":"Pottaikulam","id":9904},"geometry":{"type":"MultiPolygon","coordinates":[[[[78.070706277132345,8.671129073441083,0.0],[78.06993295230545,8.671069586916133,0.0],[78.068267329601426,8.671426506066901,0.0],[78.067880667188078,8.671961884793324,0.0],[78.06704785583598,8.672229574156356,0.0],[78.066096071433805,8.672259317419057,0.0],[78.065382233131942,8.673121872033633,0.0],[78.064430448729766,8.67383571033535,0.0],[78.06362738064027,8.674103399698383,0.0],[78.062288933824561,8.674846981262792,0.0],[78.062645852975493,8.675263386938783,0.0],[78.063984299791201,8.674787494737485,0.0],[78.066155557958822,8.673330074871624,0.0],[78.067880667188078,8.672705466357646,0.0],[78.069992438830582,8.672080857843483,0.0],[78.070825250182594,8.67160496564237,0.0],[78.070706277132345,8.671129073441083,0.0]]]]}},
{"type":"Feature","properties":{"Tank_name":"Korampallam","id":9905},"geometry":{"type":"MultiPolygon","coordinates":[[[[78.084919045373141,8.74048669456155,0.0],[78.084919045373141,8.740408561161624,0.0],[78.08507531217316,8.740408561161624,0.0],[78.085309712373018,8.740252294361676,0.0],[78.085544112573061,8.740017894161804,0.0],[78.085622245972999,8.740017894161802,0.0],[78.085778512772933,8.739783493961843,0.0],[78.085856646172942,8.739627227161721,0.0],[78.085856646172942,8.739549093761971,0.0],[78.085856646172942,8.739470960361954,0.0],[78.085856646172942,8.739314693562097,0.0],[78.085856646172942,8.73923656016208,0.0],[78.085856646172942,8.739002159962032,0.0],[78.085856646172942,8.738924026561925,0.0],[78.085856646172942,8.738689626362055,0.0],[78.085856646172942,8.738455226162184,0.0],[78.085856646172942,8.738298959362147,0.0],[78.085856646172942,8.738142692562382,0.0],[78.085856646172942,8.737908292362508,0.0],[78.085856646172942,8.737517625362603,0.0],[78.085778512772933,8.737283225162733,0.0],[78.085778512772933,8.737205091762714,0.0],[78.085700379372909,8.736814424762812,0.0],[78.085622245972985,8.736736291362794,0.0],[78.085622245972985,8.736658157962687,0.0],[78.085544112573061,8.736423757762818,0.0],[78.085544112573061,8.736345624362889,0.0],[78.085544112573061,8.736267490962785,0.0],[78.085544112573061,8.736189357562942,0.0],[78.085544112573061,8.735954957362985,0.0],[78.085465979173037,8.735798690563039,0.0],[78.085465979173037,8.735564290362991,0.0],[78.085309712373018,8.735408023563224,0.0],[78.085309712373018,8.735329890163115,0.0],[78.085231578973193,8.735251756763191,0.0],[78.085153445573269,8.735173623363352,0.0],[78.08507531217316,8.735017356563317,0.0],[78.08499717877315,8.734861089763198,0.0],[78.08499717877315,8.734782956363448,0.0],[78.084919045373127,8.734548556163393,0.0],[78.084919045373127,8.734470422763557,0.0],[78.084840911973302,8.734470422763559,0.0],[78.084840911973302,8.734236022563417,0.0],[78.084762778573307,8.73407975576365,0.0],[78.084762778573307,8.733845355563604,0.0],[78.084684645173283,8.733610955363732,0.0],[78.084684645173283,8.733454688563873,0.0],[78.084684645173283,8.733220288363825,0.0],[78.084684645173283,8.732985888163949,0.0],[78.084684645173283,8.732673354564064,0.0],[78.084450244973411,8.732438954363925,0.0],[78.084215844773382,8.732204554164053,0.0],[78.084215844773382,8.732126420764217,0.0],[78.08405957797352,8.731970153964184,0.0],[78.083981444573524,8.731892020564255,0.0],[78.083825177773662,8.731735753764131,0.0],[78.083825177773662,8.731657620364384,0.0],[78.083825177773662,8.731579486964367,0.0],[78.083590777573718,8.73142322016451,0.0],[78.08335637737386,8.731110686564445,0.0],[78.083278243973766,8.731032553164342,0.0],[78.083043843773908,8.730876286364573,0.0],[78.083043843773908,8.73079815296447,0.0],[78.082809443574035,8.730641886164701,0.0],[78.082575043373993,8.730485619364671,0.0],[78.082496909973983,8.730407485964566,0.0],[78.082418776574144,8.730407485964564,0.0],[78.082418776574144,8.730329352564723,0.0],[78.082418776574144,8.730251219164796,0.0],[78.082418776574144,8.73017308576469,0.0],[78.082418776574144,8.730094952364764,0.0],[78.082418776574144,8.729938685564822,0.0],[78.082418776574144,8.72986055216489,0.0],[78.082418776574144,8.729782418764877,0.0],[78.082496909973969,8.727594683565654,0.0],[78.082418776574144,8.727516550165639,0.0],[78.082418776574144,8.727438416765532,0.0],[78.082340643174135,8.727125883165732,0.0],[78.082340643174135,8.727047749765715,0.0],[78.082340643174135,8.726969616365613,0.0],[78.082262509774111,8.726500815965867,0.0],[78.082262509774111,8.726422682565937,0.0],[78.082262509774111,8.726266415765993,0.0],[78.082262509774111,8.726188282366067,0.0],[78.082262509774111,8.726032015566036,0.0],[78.082262509774111,8.72579761536616,0.0],[78.082262509774111,8.725719481966145,0.0],[78.082262509774111,8.725485081766273,0.0],[78.082262509774111,8.725406948366167,0.0],[78.082340643174135,8.725016281366351,0.0],[78.082340643174135,8.724938147966247,0.0],[78.082418776574144,8.724391214166573,0.0],[78.082418776574144,8.724000547166664,0.0],[78.082418776574144,8.723922413766651,0.0],[78.082418776574144,8.723844280366544,0.0],[78.082418776574144,8.723531746766923,0.0],[78.082418776574144,8.723453613366905,0.0],[78.082418776574144,8.7233754799668,0.0],[78.082418776574144,8.723062946367,0.0],[78.082262509774111,8.722828546167129,0.0],[78.082184376374101,8.722594145967077,0.0],[78.082184376374101,8.722516012566974,0.0],[78.082106242974277,8.722359745767209,0.0],[78.082028109574239,8.7222816123671,0.0],[78.081949976174258,8.7222816123671,0.0],[78.081793709374296,8.722125345567337,0.0],[78.081637442574362,8.722125345567337,0.0],[78.081637442574362,8.722047212167229,0.0],[78.081559309174438,8.722047212167231,0.0],[78.081481175774528,8.722047212167231,0.0],[78.081403042374504,8.721969078767302,0.0],[78.08132490897458,8.721969078767303,0.0],[78.081168642174475,8.721812811967181,0.0],[78.081012375374627,8.721734678567431,0.0],[78.080934241974603,8.721734678567433,0.0],[78.080777975174769,8.721656545167416,0.0],[78.080699841774759,8.721656545167416,0.0],[78.080387308174707,8.721656545167415,0.0],[78.080309174774882,8.721656545167415,0.0],[78.079762240975043,8.721812811967185,0.0],[78.079684107575119,8.721812811967187,0.0],[78.079684107575119,8.72189094536729,0.0],[78.079605974175109,8.721969078767305,0.0],[78.079527840775199,8.721969078767305,0.0],[78.079527840775199,8.722047212167237,0.0],[78.079449707375076,8.722047212167237,0.0],[78.079371573975251,8.722047212167237,0.0],[78.079293440575327,8.721812811967187,0.0],[78.079293440575327,8.721734678567435,0.0],[78.079293440575327,8.721656545167418,0.0],[78.079293440575327,8.721578411767311,0.0],[78.079215307175218,8.721344011567441,0.0],[78.079215307175218,8.721265878167513,0.0],[78.079137173775223,8.721265878167515,0.0],[78.079137173775223,8.721187744767494,0.0],[78.079059040375199,8.721031477967641,0.0],[78.07898090697536,8.721031477967644,0.0],[78.078746506775332,8.720875211167519,0.0],[78.078433973175464,8.720718944367754,0.0],[78.078355839775455,8.720640810967648,0.0],[78.078199572975592,8.720484544167613,0.0],[78.078121439575582,8.72032827736785,0.0],[78.078043306175559,8.720250143967744,0.0],[78.078043306175559,8.720172010567815,0.0],[78.077887039375739,8.720015743767872,0.0],[78.077808905975715,8.719859476967926,0.0],[78.077730772575791,8.719781343567822,0.0],[78.077418238975838,8.719546943367952,0.0],[78.077340105575828,8.719546943367952,0.0],[78.076949438576108,8.719390676568008,0.0],[78.076793171776075,8.71931254316808,0.0],[78.076715038376079,8.719312543168082,0.0],[78.076715038376079,8.71923440976815,0.0],[78.076558771576217,8.719156276368135,0.0],[78.076558771576217,8.71907814296803,0.0],[78.076480638176207,8.719078142968032,0.0],[78.076402504776183,8.71884374276816,0.0],[78.076324371376174,8.718765609368234,0.0],[78.07616810457634,8.718609342568289,0.0],[78.07608997117633,8.71853120916836,0.0],[78.075777437576463,8.718453075768258,0.0],[78.075230503776538,8.718218675568382,0.0],[78.074917970176841,8.718140542168452,0.0],[78.074839836776846,8.718140542168454,0.0],[78.074527303176794,8.718062408768441,0.0],[78.074449169776955,8.717984275368334,0.0],[78.074371036376931,8.717984275368336,0.0],[78.074292902976936,8.717984275368336,0.0],[78.074136636177073,8.717984275368337,0.0],[78.074058502777078,8.717984275368336,0.0],[78.07390223597713,8.717984275368336,0.0],[78.073824102577206,8.717984275368336,0.0],[78.073589702377163,8.718140542168456,0.0],[78.073511568977338,8.718218675568387,0.0],[78.073277168777295,8.71837494236842,0.0],[78.073120901977447,8.718609342568293,0.0],[78.073042768577452,8.718609342568293,0.0],[78.072808368377579,8.718765609368239,0.0],[78.072730234977556,8.718765609368241,0.0],[78.072495834777541,8.719000009568287,0.0],[78.072417701377702,8.719000009568287,0.0],[78.072339567977679,8.719000009568289,0.0],[78.07218330117766,8.719156276368144,0.0],[78.071948900977787,8.719312543168089,0.0],[78.071870767577877,8.719390676568018,0.0],[78.071792634177967,8.719468809968035,0.0],[78.071167566978033,8.719781343567833,0.0],[78.071089433578194,8.71985947696794,0.0],[78.070855033378166,8.719937610367959,0.0],[78.070776899978142,8.719937610367957,0.0],[78.070698766578303,8.719937610367959,0.0],[78.070620633178308,8.720015743767886,0.0],[78.070464366378275,8.720015743767885,0.0],[78.070151832778407,8.719781343567837,0.0],[78.070151832778407,8.719703210168088,0.0],[78.070073699378483,8.719703210168086,0.0],[78.069839299178625,8.719468809968035,0.0],[78.069683032378677,8.719390676568024,0.0],[78.069604898978753,8.719390676568024,0.0],[78.069292365378786,8.719312543168096,0.0],[78.069057965178942,8.719312543168096,0.0],[78.068823564978899,8.719312543168098,0.0],[78.068511031379032,8.719234409768168,0.0],[78.068354764579183,8.719156276368151,0.0],[78.068042230979216,8.719156276368153,0.0],[78.067964097579306,8.719156276368153,0.0],[78.067729697379264,8.71907814296805,0.0],[78.067495297179391,8.71907814296805,0.0],[78.067260896979533,8.71907814296805,0.0],[78.067104630179514,8.71907814296805,0.0],[78.066713963179637,8.71907814296805,0.0],[78.066635829779628,8.71907814296805,0.0],[78.066557696379775,8.71907814296805,0.0],[78.066479562979765,8.71907814296805,0.0],[78.066323296179931,8.71907814296805,0.0],[78.066323296179931,8.719156276368155,0.0],[78.066323296179931,8.719390676568029,0.0],[78.066323296179931,8.719625076768075,0.0],[78.066401429579756,8.719859476967951,0.0],[78.066401429579756,8.719937610367966,0.0],[78.066479562979765,8.72017201056784,0.0],[78.066479562979765,8.720250143967766,0.0],[78.066479562979765,8.720406410767799,0.0],[78.066479562979765,8.720484544167636,0.0],[78.066479562979765,8.720797077767614,0.0],[78.066479562979765,8.721031477967665,0.0],[78.066479562979765,8.721109611367417,0.0],[78.066479562979765,8.721187744767521,0.0],[78.066479562979765,8.721422144967573,0.0],[78.066713963179637,8.721578411767336,0.0],[78.066792096579661,8.721656545167445,0.0],[78.066870229979671,8.721656545167441,0.0],[78.067495297179391,8.721656545167441,0.0],[78.067573430579515,8.721656545167445,0.0],[78.067729697379264,8.721656545167439,0.0],[78.068120364379141,8.721578411767334,0.0],[78.068120364379141,8.721500278367404,0.0],[78.068198497779164,8.721500278367406,0.0],[78.068198497779164,8.721422144967567,0.0],[78.068276631179174,8.721422144967567,0.0],[78.068432897979037,8.721422144967566,0.0],[78.068511031379046,8.721422144967567,0.0],[78.068901698378923,8.721578411767332,0.0],[78.068979831778947,8.721578411767334,0.0],[78.069057965178942,8.721578411767334,0.0],[78.069370498778639,8.721734678567454,0.0],[78.069448632178663,8.721734678567454,0.0],[78.069761165778701,8.721890945367308,0.0],[78.069839299178625,8.721890945367308,0.0],[78.069995565978573,8.721969078767325,0.0],[78.07038623297845,8.722359745767232,0.0],[78.070620633178308,8.722516012566995,0.0],[78.070698766578317,8.722594145967101,0.0],[78.071089433578194,8.722828546167154,0.0],[78.071480100577915,8.723141079766771,0.0],[78.071636367378034,8.723297346566893,0.0],[78.071636367378034,8.723375479966821,0.0],[78.071792634177967,8.723609880166693,0.0],[78.071870767577892,8.723766146966817,0.0],[78.071870767577892,8.723844280366567,0.0],[78.071948900977802,8.724000547166689,0.0],[78.072261434577683,8.724234947366648,0.0],[78.072652101577575,8.724313080766487,0.0],[78.072808368377594,8.72446934756652,0.0],[78.073120901977461,8.724547480966356,0.0],[78.073277168777309,8.724781881166498,0.0],[78.073277168777309,8.725094414766383,0.0],[78.073355302177319,8.725094414766385,0.0],[78.073355302177319,8.725406948366187,0.0],[78.073433435577442,8.725485081766291,0.0],[78.073433435577442,8.725563215166305,0.0],[78.073667835777286,8.725719481966163,0.0],[78.074058502777092,8.725797615366179,0.0],[78.074371036376959,8.725797615366178,0.0],[78.074605436576817,8.725797615366176,0.0],[78.074683569976827,8.725797615366176,0.0],[78.074761703376836,8.725797615366178,0.0],[78.074917970176855,8.725797615366176,0.0],[78.074917970176855,8.725875748766102,0.0],[78.074996103576694,8.72595388216603,0.0],[78.075543037376605,8.726188282366079,0.0],[78.075699304176538,8.726344549165846,0.0],[78.075777437576477,8.726344549165846,0.0],[78.075777437576477,8.72642268256595,0.0],[78.075855570976501,8.726500815965879,0.0],[78.076089971176344,8.726578949365981,0.0],[78.076168104576354,8.726578949365983,0.0],[78.076402504776198,8.726657082765824,0.0],[78.076558771576231,8.72673521616575,0.0],[78.076793171776103,8.726735216165752,0.0],[78.076871305176113,8.726813349565855,0.0],[78.076949438576122,8.726813349565855,0.0],[78.076949438576122,8.72689148296587,0.0],[78.077027571975961,8.72689148296587,0.0],[78.077105705375971,8.727125883165744,0.0],[78.077105705375971,8.727360283365616,0.0],[78.077105705375971,8.727438416765544,0.0],[78.077105705375971,8.727594683565664,0.0],[78.077105705375985,8.72782908376554,0.0],[78.07718383877598,8.727985350565396,0.0],[78.07718383877598,8.728063483965409,0.0],[78.076949438576122,8.728219750765444,0.0],[78.076949438576122,8.728297884165372,0.0],[78.076715038376094,8.728454150965312,0.0],[78.076480638176221,8.728688551165186,0.0],[78.076402504776212,8.728766684565116,0.0],[78.076324371376202,8.729079218165094,0.0],[78.076324371376202,8.729391751764982,0.0],[78.076324371376202,8.729704285364784,0.0],[78.076324371376202,8.729782418764891,0.0],[78.076324371376202,8.729938685564832,0.0],[78.076324371376202,8.730016818964941,0.0],[78.076324371376202,8.73025121916481,0.0],[78.076324371376202,8.730407485964577,0.0],[78.076324371376202,8.730485619364686,0.0],[78.076246237976392,8.730641886164717,0.0],[78.076089971176344,8.730876286364587,0.0],[78.076011837776335,8.731032553164356,0.0],[78.076011837776335,8.731110686564458,0.0],[78.075855570976501,8.731266953364408,0.0],[78.075621170776628,8.731579486964383,0.0],[78.075464903976695,8.731657620364398,0.0],[78.075464903976695,8.731735753764152,0.0],[78.075464903976695,8.731813887164256,0.0],[78.075386770576586,8.731970153964198,0.0],[78.075386770576586,8.732126420764233,0.0],[78.0753867705766,8.732517087764048,0.0],[78.0753867705766,8.732595221163979,0.0],[78.075543037376619,8.732907754763955,0.0],[78.075777437576491,8.73329842176377,0.0],[78.076089971176359,8.733689088763764,0.0],[78.076168104576368,8.733767222163692,0.0],[78.076402504776212,8.734001622363563,0.0],[78.076402504776226,8.73407975576367,0.0],[78.076402504776226,8.734157889163596,0.0],[78.076636904976098,8.734548556163412,0.0],[78.076636904976098,8.73462668956334,0.0],[78.076636904976098,8.735017356563334,0.0],[78.076636904976098,8.735329890163134,0.0],[78.076558771576245,8.735329890163136,0.0],[78.076480638176236,8.735720557163127,0.0],[78.076402504776226,8.73572055716313,0.0],[78.076324371376217,8.735954957363001,0.0],[78.076324371376217,8.73603309076293,0.0],[78.076324371376217,8.736345624362906,0.0],[78.076402504776226,8.736423757762834,0.0],[78.076402504776226,8.73650189116294,0.0],[78.076402504776226,8.73658002456296,0.0],[78.076636904976098,8.736814424762828,0.0],[78.076636904976098,8.736892558162578,0.0],[78.076636904976098,8.737126958362628,0.0],[78.076636904976098,8.737205091762732,0.0],[78.076636904976098,8.737595758762374,0.0],[78.07648063817625,8.737908292362528,0.0],[78.076402504776226,8.738142692562402,0.0],[78.076324371376231,8.738142692562404,0.0],[78.076324371376231,8.738220825962328,0.0],[78.076168104576368,8.738377092762274,0.0],[78.076168104576368,8.738455226162202,0.0],[78.076089971176373,8.7384552261622,0.0],[78.075933704376425,8.739627227161741,0.0],[78.077105705376013,8.740017894161822,0.0],[78.07984037437501,8.740721094761433,0.0],[78.079918507775034,8.740721094761433,0.0],[78.080621708374778,8.740799228161539,0.0],[78.080777975174811,8.740799228161539,0.0],[78.080934241974646,8.740799228161537,0.0],[78.081324908974622,8.740877361561552,0.0],[78.081403042374546,8.740877361561552,0.0],[78.08148117577457,8.740877361561552,0.0],[78.081637442574404,8.741033628361407,0.0],[78.081715575974428,8.741033628361405,0.0],[78.081949976174286,8.741111761761424,0.0],[78.082340643174163,8.741189895161352,0.0],[78.082418776574173,8.741268028561453,0.0],[78.08280944357405,8.741268028561452,0.0],[78.082887576973903,8.741268028561452,0.0],[78.082965710373927,8.74126802856145,0.0],[78.083512644173823,8.741268028561452,0.0],[78.083590777573733,8.74126802856145,0.0],[78.083903311173529,8.741346161961467,0.0],[78.083981444573539,8.741346161961468,0.0],[78.083981444573539,8.74126802856145,0.0],[78.084059577973548,8.741189895161346,0.0],[78.084215844773396,8.7410336283614,0.0],[78.084450244973425,8.74079922816153,0.0],[78.084606511773273,8.740642961361672,0.0],[78.084684645173297,8.740564827961656,0.0],[78.084919045373141,8.74048669456155,0.0]]]]}},
{"type":"Feature","properties":{"Tank_name":"Ottapidaram (Big tank)","id":9908},"geometry":{"type":"MultiPolygon","coordinates":[[[[78.018465648347856,8.922528674633831,0.0],[78.019552467162129,8.921079582881283,0.0],[78.019612845985122,8.921079582881283,0.0],[78.019854361277154,8.920777688766067,0.0],[78.019854361277154,8.920717309943058,0.0],[78.019854361277154,8.920656931119957,0.0],[78.019914740100333,8.92059655229704,0.0],[78.019975118923341,8.920415415827925,0.0],[78.020035497746349,8.920415415827929,0.0],[78.020035497746335,8.92035503700501,0.0],[78.020095876569343,8.920234279358993,0.0],[78.020156255392351,8.920113521712802,0.0],[78.020337391861361,8.919872006420766,0.0],[78.02051852833057,8.919630491128736,0.0],[78.020639285976571,8.919449354659619,0.0],[78.020699664799665,8.919388975836437,0.0],[78.020760043622587,8.919328597013426,0.0],[78.020760043622587,8.9192078393675,0.0],[78.020760043622587,8.919147460544403,0.0],[78.020820422445595,8.919087081721399,0.0],[78.020820422445595,8.918966324075379,0.0],[78.020820422445595,8.918905945252369,0.0],[78.020820422445595,8.918845566429452,0.0],[78.020820422445595,8.918724808783438,0.0],[78.020820422445595,8.918604051137242,0.0],[78.020820422445595,8.918543672314144,0.0],[78.020820422445595,8.918422914668129,0.0],[78.020820422445595,8.918241778199192,0.0],[78.020820422445595,8.91812102055318,0.0],[78.020880801268589,8.917939884083978,0.0],[78.020941180091683,8.917819126437871,0.0],[78.020941180091683,8.917758747614954,0.0],[78.020941180091683,8.917637989968934,0.0],[78.020941180091683,8.917577611145836,0.0],[78.020941180091683,8.91751723232292,0.0],[78.020941180091683,8.917456853499823,0.0],[78.020941180091683,8.917275717030712,0.0],[78.020941180091683,8.917215338207791,0.0],[78.020941180091683,8.917094580561599,0.0],[78.020941180091683,8.917034201738677,0.0],[78.020941180091683,8.916913444092662,0.0],[78.020941180091683,8.916853065269565,0.0],[78.020880801268589,8.916671928800632,0.0],[78.020880801268589,8.916551171154348,0.0],[78.02069966479965,8.916430413508335,0.0],[78.020639285976571,8.916370034685324,0.0],[78.020518528330555,8.916249277039396,0.0],[78.020458149507363,8.916249277039396,0.0],[78.020397770684355,8.916249277039396,0.0],[78.020095876569343,8.916068140570287,0.0],[78.019914740100319,8.916007761747279,0.0],[78.01985436127714,8.915947382924271,0.0],[78.019733603631138,8.915887004101259,0.0],[78.019612845985122,8.915826625278077,0.0],[78.019552467162129,8.915705867632061,0.0],[78.019552467162129,8.915645488809142,0.0],[78.019431709516113,8.915585109986045,0.0],[78.019371330693104,8.915585109986045,0.0],[78.019250573047088,8.91540397351711,0.0],[78.019009057755056,8.915343594694011,0.0],[78.018948678931878,8.915283215871094,0.0],[78.018888300108884,8.915222837047997,0.0],[78.018827921285862,8.915102079401805,0.0],[78.018767542462868,8.915102079401807,0.0],[78.01870716363986,8.915041700578888,0.0],[78.018646784816866,8.914920942932866,0.0],[78.018526027170836,8.914739806463755,0.0],[78.018344890701741,8.914619048817739,0.0],[78.018163754232631,8.914437912348802,0.0],[78.018103375409723,8.914437912348804,0.0],[78.017982617763707,8.914377533525709,0.0],[78.017982617763707,8.91431715470261,0.0],[78.017982617763707,8.914256775879513,0.0],[78.017922238940614,8.914136018233499,0.0],[78.01786186011762,8.91407563941058,0.0],[78.01786186011762,8.913954881764562,0.0],[78.01786186011762,8.913894502941471,0.0],[78.017801481294612,8.913713366472265,0.0],[78.017801481294612,8.913592608826251,0.0],[78.017741102471419,8.913411472357227,0.0],[78.017741102471419,8.913230335888201,0.0],[78.017741102471419,8.913049199419266,0.0],[78.017741102471419,8.91298882059599,0.0],[78.017741102471419,8.912868062949977,0.0],[78.017741102471419,8.912807684127058,0.0],[78.017741102471419,8.912747305303963,0.0],[78.017741102471419,8.912686926481042,0.0],[78.017741102471419,8.912566168835024,0.0],[78.017741102471419,8.912505790011927,0.0],[78.017741102471419,8.912445411188919,0.0],[78.017801481294612,8.912385032365911,0.0],[78.017801481294612,8.912324653542992,0.0],[78.017801481294597,8.9122038958968,0.0],[78.017801481294612,8.912083138250784,0.0],[78.017741102471419,8.912022759427686,0.0],[78.016593904834139,8.907494347701022,0.0],[78.016593904834139,8.907433968878012,0.0],[78.016593904834139,8.907373590055093,0.0],[78.016593904834139,8.907313211231997,0.0],[78.016593904834139,8.907192453585802,0.0],[78.016533526011145,8.907192453585802,0.0],[78.016533526011145,8.907132074762796,0.0],[78.016412768365129,8.906890559470853,0.0],[78.016412768365129,8.906769801824836,0.0],[78.016352389542121,8.906769801824836,0.0],[78.016292010719113,8.906588665355724,0.0],[78.016231631895934,8.906407528886612,0.0],[78.016110874249918,8.906286771240595,0.0],[78.015990116603902,8.906105634771484,0.0],[78.015929737780894,8.906105634771482,0.0],[78.015929737780894,8.905984877125466,0.0],[78.015748601311884,8.90586411947945,0.0],[78.015688222488862,8.905682983010339,0.0],[78.015627843665982,8.905501846541227,0.0],[78.015507086019852,8.90532071007229,0.0],[78.015507086019852,8.905260331249194,0.0],[78.015507086019852,8.905199952426273,0.0],[78.015507086019852,8.905079194779994,0.0],[78.015507086019852,8.904898058310968,0.0],[78.015507086019852,8.90471692184194,0.0],[78.015446707196844,8.904656543018937,0.0],[78.015446707196844,8.904596164195928,0.0],[78.015446707196844,8.904535785373008,0.0],[78.015446707196844,8.904415027726904,0.0],[78.015386328373751,8.904173512434783,0.0],[78.015325949550672,8.904052754788768,0.0],[78.015205191904656,8.903871618319654,0.0],[78.01508443425864,8.903750860673641,0.0],[78.014963676612638,8.903630103027446,0.0],[78.014842918966622,8.903569724204525,0.0],[78.014722161320435,8.903448966558511,0.0],[78.014541024851411,8.903328208912495,0.0],[78.014480646028403,8.903328208912496,0.0],[78.014420267205409,8.903207451266479,0.0],[78.014359888382401,8.90320745126648,0.0],[78.014359888382401,8.903147072443383,0.0],[78.014359888382401,8.903086693620462,0.0],[78.014299509559393,8.903086693620464,0.0],[78.014178751913221,8.902965935974448,0.0],[78.014118373090383,8.902965935974448,0.0],[78.014057994267205,8.902965935974448,0.0],[78.013997615444282,8.90290555715135,0.0],[78.013937236621189,8.902905557151351,0.0],[78.013756100152179,8.903147072443383,0.0],[78.013695721329171,8.903147072443387,0.0],[78.013695721329171,8.90320745126648,0.0],[78.013635342506177,8.903328208912498,0.0],[78.013574963683169,8.903448966558512,0.0],[78.013514584860161,8.903630103027448,0.0],[78.013514584860161,8.903750860673643,0.0],[78.013514584860161,8.903811239496736,0.0],[78.013514584860161,8.903931997142756,0.0],[78.013514584860161,8.904233891257705,0.0],[78.013514584860161,8.904415027726909,0.0],[78.013514584860161,8.904475406549913,0.0],[78.013514584860161,8.904596164195931,0.0],[78.013514584860161,8.904656543018939,0.0],[78.013574963683169,8.904837679487962,0.0],[78.013574963683169,8.904958437133981,0.0],[78.013574963683169,8.905079194779997,0.0],[78.013574963683169,8.905260331249197,0.0],[78.013574963683169,8.905320710072294,0.0],[78.013574963683169,8.905562225364326,0.0],[78.013574963683169,8.905622604187334,0.0],[78.013574963683169,8.905864119479457,0.0],[78.013514584860175,8.906105634771485,0.0],[78.013454206037167,8.9062867712406,0.0],[78.013454206037167,8.906407528886618,0.0],[78.013454206037167,8.906467907709533,0.0],[78.013393827214145,8.906467907709533,0.0],[78.013393827214145,8.906649044178824,0.0],[78.013273069567958,8.906890559470858,0.0],[78.013152311921942,8.907071695939791,0.0],[78.013152311921942,8.907132074762801,0.0],[78.01303155427594,8.907373590055098,0.0],[78.01303155427594,8.907433968878021,0.0],[78.012910796629924,8.907675484170051,0.0],[78.012910796629924,8.907735862993148,0.0],[78.012850417806916,8.907796241816067,0.0],[78.012790038983923,8.908037757108364,0.0],[78.012669281337821,8.908279272400399,0.0],[78.012608902514899,8.908460408869423,0.0],[78.012548523691805,8.908641545338448,0.0],[78.012427766045803,8.908822681807562,0.0],[78.012427766045803,8.909003818276672,0.0],[78.012427766045803,8.909124575922688,0.0],[78.012488144868726,8.909124575922688,0.0],[78.012548523691819,8.909124575922688,0.0],[78.012729660160915,8.909124575922688,0.0],[78.012850417806916,8.909124575922689,0.0],[78.012910796629924,8.909064197099591,0.0],[78.013152311921942,8.909064197099589,0.0],[78.01321269074495,8.909064197099587,0.0],[78.013333448391151,8.909003818276673,0.0],[78.013333448391151,8.908943439453575,0.0],[78.013635342506191,8.908943439453573,0.0],[78.013695721329185,8.908883060630655,0.0],[78.013876857798209,8.908883060630654,0.0],[78.013997615444282,8.908883060630654,0.0],[78.014057994267219,8.908883060630655,0.0],[78.014118373090398,8.908883060630655,0.0],[78.014178751913221,8.908883060630652,0.0],[78.014480646028417,8.908701924161541,0.0],[78.014480646028417,8.908641545338446,0.0],[78.014541024851425,8.908641545338446,0.0],[78.014601403674433,8.908641545338446,0.0],[78.014782540143443,8.908581166515523,0.0],[78.014842918966636,8.908581166515523,0.0],[78.015084434258654,8.908581166515521,0.0],[78.01520519190467,8.908581166515525,0.0],[78.015325949550672,8.908581166515523,0.0],[78.015386328373765,8.908641545338442,0.0],[78.015507086019866,8.908701924161539,0.0],[78.01556746484286,8.908822681807555,0.0],[78.01556746484286,8.90900381827667,0.0],[78.01556746484286,8.909184954745603,0.0],[78.01556746484286,8.909426470037634,0.0],[78.015446707196858,8.909547227683827,0.0],[78.015386328373765,8.909607606506839,0.0],[78.015325949550672,8.909667985329845,0.0],[78.015325949550672,8.909788742975858,0.0],[78.015325949550672,8.909849121798869,0.0],[78.01520519190467,8.910090637091079,0.0],[78.01520519190467,8.910271773560103,0.0],[78.01520519190467,8.910392531206121,0.0],[78.015144813081747,8.910452910029125,0.0],[78.015144813081747,8.910573667675143,0.0],[78.015144813081747,8.910694425321159,0.0],[78.015144813081747,8.910815182967355,0.0],[78.015084434258654,8.910875561790451,0.0],[78.015084434258668,8.910935940613371,0.0],[78.015084434258654,8.910996319436466,0.0],[78.014963676612652,8.91111707708248,0.0],[78.014842918966636,8.911298213551504,0.0],[78.014601403674433,8.911539728843625,0.0],[78.014420267205423,8.911720865312743,0.0],[78.014359888382415,8.911720865312741,0.0],[78.014299509559407,8.911781244135661,0.0],[78.014239130736414,8.911902001781677,0.0],[78.014118373090398,8.912022759427691,0.0],[78.014057994267219,8.912203895896806,0.0],[78.014057994267219,8.912264274719728,0.0],[78.013997615444296,8.912385032365918,0.0],[78.013997615444296,8.91244541118893,0.0],[78.013937236621217,8.91262654765795,0.0],[78.013937236621217,8.912686926481047,0.0],[78.013937236621217,8.912747305303967,0.0],[78.013876857798209,8.91280768412706,0.0],[78.013876857798209,8.912868062949983,0.0],[78.013816478975201,8.912988820596,0.0],[78.013816478975201,8.913049199419273,0.0],[78.013756100152207,8.913169957065202,0.0],[78.013756100152207,8.913351093534224,0.0],[78.013756100152207,8.913411472357234,0.0],[78.013756100152207,8.913471851180239,0.0],[78.013756100152207,8.913592608826258,0.0],[78.013695721329185,8.913713366472273,0.0],[78.013695721329185,8.913834124118555,0.0],[78.013635342506191,8.913954881764571,0.0],[78.013635342506191,8.914015260587577,0.0],[78.013574963683183,8.914075639410585,0.0],[78.013574963683169,8.914136018233506,0.0],[78.013574963683183,8.914256775879524,0.0],[78.013574963683183,8.914317154702617,0.0],[78.013756100152207,8.914558669994829,0.0],[78.013876857798209,8.914739806463764,0.0],[78.013937236621217,8.914800185286861,0.0],[78.013997615444296,8.91486056410978,0.0],[78.014057994267219,8.91486056410978,0.0],[78.014118373090412,8.914860564109778,0.0],[78.014118373090412,8.914920942932877,0.0],[78.014178751913235,8.914920942932874,0.0],[78.01435988838243,8.915102079401812,0.0],[78.014420267205423,8.915102079401812,0.0],[78.01484291896665,8.91546435234004,0.0],[78.014903297789658,8.915464352340036,0.0],[78.015205191904684,8.915645488809149,0.0],[78.015325949550686,8.915705867632068,0.0],[78.01550708601988,8.915766246455162,0.0],[78.015567464842874,8.915826625278083,0.0],[78.01568822248889,8.915887004101267,0.0],[78.015748601311898,8.915947382924278,0.0],[78.015808980134906,8.916007761747286,0.0],[78.015990116603916,8.91618889821631,0.0],[78.016050495426924,8.916249277039405,0.0],[78.016171253073111,8.916430413508341,0.0],[78.016171253073111,8.916490792331524,0.0],[78.016171253073111,8.916551171154355,0.0],[78.016231631895934,8.916792686446652,0.0],[78.016292010719127,8.917034201738687,0.0],[78.016292010719127,8.917094580561606,0.0],[78.016352389542149,8.917215338207798,0.0],[78.016352389542149,8.917275717030719,0.0],[78.016352389542149,8.917396474676913,0.0],[78.016412768365129,8.917517232322931,0.0],[78.016412768365143,8.917698368791863,0.0],[78.016412768365143,8.917758747614959,0.0],[78.016412768365143,8.91781912643788,0.0],[78.016412768365143,8.917879505260977,0.0],[78.016292010719127,8.918000262907171,0.0],[78.016231631895934,8.918000262907169,0.0],[78.016231631895934,8.918060641729912,0.0],[78.016171253073125,8.918181399376108,0.0],[78.015990116603916,8.918302157022124,0.0],[78.015869358957914,8.918422914668136,0.0],[78.015808980134906,8.918483293491235,0.0],[78.015748601311898,8.918543672314154,0.0],[78.01568822248889,8.918604051137251,0.0],[78.015627843665996,8.918724808783447,0.0],[78.015567464842889,8.918845566429463,0.0],[78.01550708601988,8.919026702898396,0.0],[78.01550708601988,8.919147460544412,0.0],[78.015446707196872,8.91926821819043,0.0],[78.015446707196872,8.919449354659632,0.0],[78.015386328373793,8.91944935465963,0.0],[78.015386328373793,8.919630491128745,0.0],[78.0153259495507,8.919811627597767,0.0],[78.0153259495507,8.919992764066794,0.0],[78.0153259495507,8.920173900535907,0.0],[78.0153259495507,8.920234279359001,0.0],[78.015869358957914,8.920717309943065,0.0],[78.017439208356407,8.921924886403577,0.0],[78.018465648347856,8.922528674633831,0.0]]]]}},
{"type":"Feature","properties":{"Tank_name":"Periyanatham tank","id":9909},"geometry":{"type":"MultiPolygon","coordinates":[[[[78.082264626823303,8.920186533986595,0.0],[78.082300318738334,8.920150842071305,0.0],[78.082371702568636,8.920150842071305,0.0],[78.082443086398769,8.920150842071306,0.0],[78.082478778313885,8.920150842071306,0.0],[78.082514470229,8.920150842071305,0.0],[78.082585854059047,8.920150842071305,0.0],[78.08262154597405,8.920150842071305,0.0],[78.082657237889251,8.920150842071305,0.0],[78.082692929804281,8.920150842071306,0.0],[78.082728621719482,8.920150842071303,0.0],[78.082800005549615,8.920115150156278,0.0],[78.082835697464716,8.920115150156279,0.0],[78.082907081294778,8.920079458241347,0.0],[78.082942773209965,8.920079458241345,0.0],[78.082978465124995,8.920079458241348,0.0],[78.083014157040182,8.920079458241348,0.0],[78.083049848955298,8.920043766326145,0.0],[78.083049848955298,8.92000807441112,0.0],[78.083049848955284,8.919972382496008,0.0],[78.083049848955298,8.919900998665785,0.0],[78.083049848955284,8.919865306750847,0.0],[78.083049848955284,8.919793922920535,0.0],[78.083049848955284,8.919722539090312,0.0],[78.083014157040182,8.919651155260087,0.0],[78.082978465124995,8.919544079514839,0.0],[78.082978465124995,8.919508387599903,0.0],[78.082907081294778,8.919437003769589,0.0],[78.082907081294778,8.919401311854655,0.0],[78.082871389379733,8.919329928024432,0.0],[78.082835697464716,8.919329928024432,0.0],[78.082800005549615,8.919222852279093,0.0],[78.082800005549601,8.919080084618912,0.0],[78.082800005549615,8.918973008873662,0.0],[78.082764313634499,8.918830241213215,0.0],[78.082764313634499,8.9187945492981,0.0],[78.082728621719482,8.918687473552938,0.0],[78.082657237889251,8.918473322062269,0.0],[78.082550162144003,8.918294862486976,0.0],[78.082550162144003,8.918259170571861,0.0],[78.082478778313885,8.918116402911414,0.0],[78.082443086398769,8.917937943335939,0.0],[78.082371702568636,8.917830867590693,0.0],[78.082336010653506,8.917723791845534,0.0],[78.082300318738319,8.91761671610028,0.0],[78.082300318738319,8.917581024185173,0.0],[78.082264626823289,8.917545332270061,0.0],[78.082228934908287,8.917473948439834,0.0],[78.082193242993071,8.917366872694588,0.0],[78.082157551078069,8.917295488864543,0.0],[78.082121859163038,8.917224105034315,0.0],[78.082050475332821,8.917152721204001,0.0],[78.082050475332821,8.917117029289068,0.0],[78.08201478341762,8.91704564545884,0.0],[78.08201478341762,8.917009953543731,0.0],[78.08201478341762,8.916974261628793,0.0],[78.081943399587573,8.916867185883373,0.0],[78.081872015757341,8.916795802053324,0.0],[78.081764940012107,8.916617342477849,0.0],[78.081657864266873,8.916438882902378,0.0],[78.081550788521611,8.916296115242016,0.0],[78.081515096606424,8.916189039496681,0.0],[78.081479404691393,8.916081963751346,0.0],[78.081479404691393,8.916010579921386,0.0],[78.081443712776391,8.915939196091161,0.0],[78.081443712776391,8.915867812260938,0.0],[78.081443712776391,8.9157964284308,0.0],[78.081408020861375,8.915725044600576,0.0],[78.081408020861375,8.915689352685643,0.0],[78.081372328946173,8.915582276940217,0.0],[78.081336637030958,8.915582276940215,0.0],[78.081265253200996,8.915439509279944,0.0],[78.08122956128588,8.91536812544963,0.0],[78.081229561285895,8.915332433534697,0.0],[78.081158177455677,8.915261049704473,0.0],[78.081122485540646,8.915153973959223,0.0],[78.081122485540646,8.91511828204411,0.0],[78.081086793625445,8.915011206298862,0.0],[78.081015409795313,8.914904130553525,0.0],[78.081015409795313,8.914868438638413,0.0],[78.081015409795313,8.91483274672348,0.0],[78.080908334049994,8.91468997906312,0.0],[78.080908334049994,8.914654287148011,0.0],[78.080872642134963,8.914654287148009,0.0],[78.080836950220032,8.914547211402667,0.0],[78.080765566389715,8.914440135657422,0.0],[78.080729874474699,8.914333059912176,0.0],[78.080694182559498,8.914297367996971,0.0],[78.080658490644481,8.914190292251726,0.0],[78.08062279872928,8.914190292251726,0.0],[78.08062279872928,8.914083216506477,0.0],[78.080587106814349,8.914083216506477,0.0],[78.080587106814349,8.914047524591542,0.0],[78.080515722984131,8.913976140761319,0.0],[78.080515722984131,8.913940448846205,0.0],[78.080480031069015,8.913869065015982,0.0],[78.080444339153985,8.913797681185843,0.0],[78.080408647238798,8.913690605440507,0.0],[78.080372955323782,8.913619221610286,0.0],[78.080337263408666,8.913547837780325,0.0],[78.080337263408666,8.913512145865035,0.0],[78.08030157149355,8.913440762034986,0.0],[78.08030157149355,8.913405070120055,0.0],[78.08030157149355,8.913369378204855,0.0],[78.080265879578533,8.913333686289828,0.0],[78.080265879578533,8.913297994374631,0.0],[78.080194495748302,8.91319091862929,0.0],[78.080194495748302,8.913155226714357,0.0],[78.080158803833385,8.913119534799334,0.0],[78.080158803833385,8.913083842884044,0.0],[78.080123111918269,8.913048150969111,0.0],[78.080123111918269,8.913012459053821,0.0],[78.080123111918269,8.912976767138884,0.0],[78.080123111918269,8.912941075223861,0.0],[78.080087420003068,8.912905383308663,0.0],[78.080087420003068,8.912869691393636,0.0],[78.080051728088051,8.912798307563323,0.0],[78.08001603617285,8.912762615648299,0.0],[78.08001603617285,8.912726923733276,0.0],[78.07998034425782,8.912655539903051,0.0],[78.079944652342803,8.912619847987939,0.0],[78.079801884682368,8.912619847987939,0.0],[78.079766192767337,8.912619847987939,0.0],[78.07969480893712,8.912619847987939,0.0],[78.079659117022103,8.912619847987939,0.0],[78.079623425106902,8.912619847987941,0.0],[78.079552041276855,8.912619847987937,0.0],[78.079516349361654,8.912619847987939,0.0],[78.07937358170139,8.912655539903053,0.0],[78.079337889786188,8.912655539903051,0.0],[78.079302197871172,8.912655539903051,0.0],[78.07923081404104,8.912691231818167,0.0],[78.079159430210922,8.912691231818169,0.0],[78.079088046380676,8.912691231818169,0.0],[78.079052354465489,8.912691231818167,0.0],[78.078980970635428,8.912691231818163,0.0],[78.078873894890208,8.912691231818167,0.0],[78.078766819144946,8.912691231818167,0.0],[78.078695435314742,8.912691231818169,0.0],[78.078659743399712,8.912691231818165,0.0],[78.07862405148451,8.912762615648303,0.0],[78.078552667654478,8.912905383308663,0.0],[78.078552667654478,8.912976767138888,0.0],[78.078552667654478,8.913012459053823,0.0],[78.078552667654478,8.913048150969111,0.0],[78.078552667654478,8.913083842884049,0.0],[78.078588359569494,8.913083842884047,0.0],[78.078731127229773,8.913119534799337,0.0],[78.078766819144946,8.913119534799337,0.0],[78.078873894890208,8.913226610544585,0.0],[78.078909586805224,8.913226610544585,0.0],[78.07894527872044,8.913262302459522,0.0],[78.079016662550458,8.913297994374632,0.0],[78.079016662550458,8.913333686289832,0.0],[78.079052354465489,8.913369378204857,0.0],[78.079052354465489,8.913405070120056,0.0],[78.079123738295721,8.913476453950013,0.0],[78.079302197871172,8.913547837780328,0.0],[78.07937358170139,8.913619221610288,0.0],[78.079480657446723,8.913726297355803,0.0],[78.079587733191886,8.913797681185844,0.0],[78.079587733191886,8.913833373101051,0.0],[78.079587733191886,8.913904756931098,0.0],[78.079623425106902,8.913976140761321,0.0],[78.079659117022103,8.914011832676429,0.0],[78.079730500852136,8.91408321650648,0.0],[78.079766192767337,8.914190292251726,0.0],[78.079837576597569,8.914333059912178,0.0],[78.079873268512586,8.914333059912176,0.0],[78.079873268512586,8.914404443742487,0.0],[78.079980344257834,8.914582903317784,0.0],[78.08001603617285,8.914689979063121,0.0],[78.080051728088051,8.914832746723482,0.0],[78.080051728088051,8.914868438638416,0.0],[78.080051728088051,8.914904130553527,0.0],[78.080051728088051,8.914939822468643,0.0],[78.080051728088051,8.915082590129002,0.0],[78.080016036172864,8.915153973959223,0.0],[78.079980344257834,8.915296741619496,0.0],[78.079944652342817,8.915475201194884,0.0],[78.079908960427701,8.91561796885542,0.0],[78.079908960427701,8.915689352685645,0.0],[78.079837576597569,8.915796428430804,0.0],[78.079837576597569,8.915832120345915,0.0],[78.079801884682382,8.915903504175873,0.0],[78.079730500852136,8.916010579921389,0.0],[78.079659117022103,8.916117655666639,0.0],[78.079659117022103,8.916153347581574,0.0],[78.079623425106902,8.916189039496684,0.0],[78.07955204127687,8.916331807157047,0.0],[78.079480657446723,8.916438882902385,0.0],[78.07937358170139,8.916617342477856,0.0],[78.07926650595617,8.916902877798488,0.0],[78.079195122125938,8.917009953543737,0.0],[78.079159430210922,8.917081337373784,0.0],[78.079159430210922,8.917117029289074,0.0],[78.079123738295735,8.917117029289074,0.0],[78.07908804638069,8.917188413119032,0.0],[78.079016662550472,8.91722410503432,0.0],[78.078980970635442,8.917259796949256,0.0],[78.07894527872044,8.917259796949258,0.0],[78.078873894890222,8.917331180779483,0.0],[78.078838202975206,8.917331180779483,0.0],[78.078802511060076,8.917331180779483,0.0],[78.078624051484525,8.917331180779485,0.0],[78.078588359569508,8.917331180779481,0.0],[78.078445591909073,8.917295488864548,0.0],[78.078338516163825,8.917259796949258,0.0],[78.07819574850356,8.917259796949258,0.0],[78.078124364673428,8.917259796949258,0.0],[78.078088672758312,8.917259796949258,0.0],[78.078052980843111,8.917259796949258,0.0],[78.078017288928095,8.917224105034325,0.0],[78.077981597013064,8.917224105034325,0.0],[78.077945905097863,8.917224105034324,0.0],[78.077910213182861,8.917224105034324,0.0],[78.077731753607395,8.917224105034325,0.0],[78.077696061692464,8.917224105034324,0.0],[78.077624677862133,8.917224105034324,0.0],[78.077410526371665,8.917224105034324,0.0],[78.077374834456734,8.917224105034325,0.0],[78.077339142541447,8.917224105034325,0.0],[78.077303450626403,8.917224105034325,0.0],[78.077232066796199,8.91725979694926,0.0],[78.077232066796199,8.91729548886455,0.0],[78.077196374881282,8.917295488864552,0.0],[78.077160682966166,8.917366872694599,0.0],[78.077089299135935,8.917402564609707,0.0],[78.077089299135935,8.917438256524731,0.0],[78.076982223390686,8.917509640354959,0.0],[78.076803763815221,8.917545332270072,0.0],[78.076768071900119,8.91754533227007,0.0],[78.076553920409722,8.917902251421017,0.0],[78.076589612324739,8.917902251421015,0.0],[78.076625304239769,8.917902251421017,0.0],[78.076732379985003,8.91793794333595,0.0],[78.076839455730237,8.918009327166178,0.0],[78.076910839560469,8.918045019081287,0.0],[78.0769465314755,8.918045019081287,0.0],[78.077017915305802,8.918080710996399,0.0],[78.077053607220734,8.918116402911423,0.0],[78.0772677587115,8.918152094826533,0.0],[78.077339142541447,8.918152094826535,0.0],[78.077410526371665,8.918152094826537,0.0],[78.077660369777348,8.91822347865676,0.0],[78.077696061692464,8.91822347865676,0.0],[78.077767445522412,8.91822347865676,0.0],[78.077945905097863,8.918294862486984,0.0],[78.077981597013078,8.918294862486981,0.0],[78.078231440418591,8.918401938232231,0.0],[78.078267132333778,8.918437630147166,0.0],[78.078481283824274,8.91850901397739,0.0],[78.078516975739277,8.91854470589241,0.0],[78.078624051484525,8.918580397807617,0.0],[78.078659743399726,8.918616089722637,0.0],[78.078695435314756,8.918616089722635,0.0],[78.078838202975206,8.918723165467975,0.0],[78.078873894890222,8.918723165467975,0.0],[78.07894527872044,8.918758857382906,0.0],[78.078980970635442,8.918794549298111,0.0],[78.079052354465503,8.918830241213222,0.0],[78.079230814041054,8.918865933128158,0.0],[78.07926650595617,8.918865933128156,0.0],[78.07940927361642,8.918865933128156,0.0],[78.07940927361642,8.918901625043445,0.0],[78.079730500852136,8.918973008873669,0.0],[78.079766192767352,8.919008700788606,0.0],[78.079944652342817,8.919044392703629,0.0],[78.079944652342817,8.919080084618917,0.0],[78.080087420003082,8.919115776533854,0.0],[78.080123111918283,8.919151468448964,0.0],[78.080194495748316,8.919151468448963,0.0],[78.080408647238812,8.91925854419439,0.0],[78.080515722984146,8.919365619939548,0.0],[78.080658490644495,8.919437003769595,0.0],[78.08080125830476,8.919508387599905,0.0],[78.080836950220046,8.919508387599906,0.0],[78.080944025965209,8.919544079514843,0.0],[78.081015409795327,8.919579771430131,0.0],[78.08108679362546,8.919615463345066,0.0],[78.081229561285895,8.919615463345066,0.0],[78.081265253201011,8.919651155260089,0.0],[78.081515096606438,8.920186533986596,0.0],[78.081550788521625,8.920186533986598,0.0],[78.08158648043667,8.920186533986596,0.0],[78.081693556181989,8.920186533986598,0.0],[78.081729248097105,8.920186533986598,0.0],[78.081836323842339,8.920186533986598,0.0],[78.081907707672386,8.920186533986596,0.0],[78.081979091502603,8.920186533986596,0.0],[78.082050475332835,8.920186533986596,0.0],[78.082086167247851,8.920186533986596,0.0],[78.082121859163053,8.920186533986596,0.0],[78.082157551078069,8.920186533986598,0.0],[78.082228934908287,8.920186533986596,0.0],[78.082264626823303,8.920186533986595,0.0]]]]}},
{"type":"Feature","properties":{"Tank_name":"Velayuthapuram tank","id":9910},"geometry":{"type":"MultiPolygon","coordinates":[[[[78.116263147852976,8.852585879885631,0.0],[78.116341670066149,8.852578741502855,0.0],[78.116348808449104,8.852578741502857,0.0],[78.116355946832229,8.852571603119546,0.0],[78.116363085215184,8.852564464736686,0.0],[78.116363085215184,8.852557326353645,0.0],[78.11637022359831,8.852550187970694,0.0],[78.11638450036412,8.852543049587565,0.0],[78.116391638747146,8.852528772821486,0.0],[78.1163987771302,8.852528772821485,0.0],[78.1163987771302,8.852521634438711,0.0],[78.1163987771302,8.85250735767263,0.0],[78.116405915513241,8.852500219289503,0.0],[78.116405915513241,8.852493080906463,0.0],[78.116413053896281,8.852478804140471,0.0],[78.116413053896281,8.85247166575734,0.0],[78.116413053896281,8.852443112225448,0.0],[78.116420192279321,8.852414558693287,0.0],[78.116420192279321,8.852407420310334,0.0],[78.116420192279321,8.852400281927384,0.0],[78.116420192279321,8.852378866778174,0.0],[78.116420192279321,8.852371728395221,0.0],[78.116420192279321,8.852350313246014,0.0],[78.116420192279321,8.852343174863236,0.0],[78.116420192279321,8.852321759714028,0.0],[78.116420192279321,8.852300344565176,0.0],[78.116420192279321,8.852293206182045,0.0],[78.116420192279321,8.852278929415965,0.0],[78.116420192279321,8.852271791032928,0.0],[78.116427330662361,8.852257514266936,0.0],[78.116427330662361,8.852250375883806,0.0],[78.116427330662361,8.852228960734863,0.0],[78.116427330662361,8.852207545585831,0.0],[78.116434469045402,8.852178992053851,0.0],[78.116434469045402,8.852150438521686,0.0],[78.116434469045402,8.852143300138559,0.0],[78.116434469045402,8.852121884989703,0.0],[78.116434469045402,8.852100469840492,0.0],[78.116434469045402,8.852093331457541,0.0],[78.116434469045402,8.852086193074413,0.0],[78.116434469045402,8.852057639542428,0.0],[78.116434469045402,8.852050501159479,0.0],[78.116434469045402,8.85204336277635,0.0],[78.116441607428271,8.852014809244459,0.0],[78.116441607428271,8.852000532478375,0.0],[78.116441607428271,8.851993394095244,0.0],[78.116441607428271,8.851971978946214,0.0],[78.116441607428271,8.851957702180313,0.0],[78.116441607428271,8.851922010265021,0.0],[78.116441607428257,8.851886318349994,0.0],[78.116441607428271,8.851857764817924,0.0],[78.116441607428271,8.851829211285942,0.0],[78.116441607428271,8.851800657753959,0.0],[78.116441607428271,8.85179351937092,0.0],[78.116441607428257,8.851786380987789,0.0],[78.116441607428271,8.851757827455629,0.0],[78.116434469045402,8.851729273923644,0.0],[78.116434469045402,8.851700720391486,0.0],[78.116434469045402,8.851672166859499,0.0],[78.116434469045402,8.851650751710469,0.0],[78.116434469045402,8.851629336561258,0.0],[78.116434469045402,8.851622198178486,0.0],[78.116427330662361,8.851600783029275,0.0],[78.116413053896281,8.851579367880333,0.0],[78.11638450036412,8.8515579527313,0.0],[78.11637736198125,8.851550814348172,0.0],[78.116341670066149,8.851529399199141,0.0],[78.116327393300068,8.851515122433234,0.0],[78.116320254917113,8.851500845667157,0.0],[78.116313116534073,8.85147943051795,0.0],[78.116313116534073,8.851472292134993,0.0],[78.116313116534073,8.851450876985965,0.0],[78.116313116534073,8.851443738603011,0.0],[78.116305978151033,8.851422323453804,0.0],[78.116291701384952,8.851400908304948,0.0],[78.116291701384952,8.851393769921819,0.0],[78.116284563002012,8.85139376992182,0.0],[78.116277424619042,8.85137949315574,0.0],[78.116277424619042,8.851372354772787,0.0],[78.116270286236016,8.851358078006797,0.0],[78.116256009469936,8.851343801240716,0.0],[78.116248871086896,8.851329524474634,0.0],[78.116241732703855,8.851329524474638,0.0],[78.116227455937775,8.851322386091683,0.0],[78.116227455937775,8.851315247708644,0.0],[78.116198902405799,8.851315247708644,0.0],[78.116191764022759,8.851315247708643,0.0],[78.116170348873624,8.851308109325604,0.0],[78.116148933724787,8.851300970942743,0.0],[78.116141795341662,8.851300970942741,0.0],[78.116127518575581,8.851286694176572,0.0],[78.116106103426546,8.851272417410495,0.0],[78.11607754989457,8.851258140644411,0.0],[78.116048996362295,8.851243863878331,0.0],[78.116034719596399,8.851229587112426,0.0],[78.116013304447279,8.851222448729477,0.0],[78.115991889298357,8.851201033580269,0.0],[78.115984750915302,8.851201033580269,0.0],[78.115970474149222,8.851179618431416,0.0],[78.115963335766182,8.851179618431413,0.0],[78.115963335766182,8.851172480048284,0.0],[78.115956197383156,8.851151064899165,0.0],[78.115949059000101,8.851143926516125,0.0],[78.115941920617061,8.851136788133173,0.0],[78.115934782234206,8.851122511367178,0.0],[78.115913367085184,8.851108234601099,0.0],[78.115906228702059,8.851101096218144,0.0],[78.115906228702059,8.851093957835023,0.0],[78.11589909031909,8.851079681069114,0.0],[78.115891951935964,8.851072542685987,0.0],[78.115877675170069,8.851051127536957,0.0],[78.115877675170069,8.851043989154006,0.0],[78.115863398403974,8.851043989154006,0.0],[78.115834844871827,8.851029712387923,0.0],[78.11578487619073,8.851022574004794,0.0],[78.1157491842757,8.851022574004794,0.0],[78.115706353977743,8.851022574004796,0.0],[78.115656385296546,8.851029712387925,0.0],[78.115627831764371,8.851029712387925,0.0],[78.115592139849355,8.851036850770878,0.0],[78.115556447934154,8.851036850770878,0.0],[78.115535032785218,8.851036850770878,0.0],[78.115527894402177,8.851036850770878,0.0],[78.115506479253057,8.851043989154006,0.0],[78.115499340870016,8.851051127536957,0.0],[78.115485064103936,8.851051127536959,0.0],[78.115485064103936,8.851058265920086,0.0],[78.115456510572045,8.851065404303037,0.0],[78.115456510572045,8.851072542685989,0.0],[78.115435095423024,8.851086819452069,0.0],[78.115427957039969,8.851086819452069,0.0],[78.115420818656929,8.851086819452069,0.0],[78.115413680273903,8.851093957835024,0.0],[78.115399403507809,8.851101096218148,0.0],[78.115392265124783,8.851108234601099,0.0],[78.115356573209752,8.85111537298423,0.0],[78.11532801967769,8.851122511367182,0.0],[78.115320881294579,8.851122511367183,0.0],[78.115313742911709,8.851122511367182,0.0],[78.115299466145615,8.851129649750044,0.0],[78.115285189379534,8.851136788133173,0.0],[78.115256635847558,8.851136788133173,0.0],[78.115249497464603,8.851136788133177,0.0],[78.115242359081492,8.851136788133175,0.0],[78.115235220698523,8.851136788133173,0.0],[78.115228082315397,8.851143926516125,0.0],[78.115213805549317,8.851143926516125,0.0],[78.11517097525126,8.851151064899167,0.0],[78.115163836868305,8.851151064899168,0.0],[78.11515669848535,8.851151064899167,0.0],[78.115121006570163,8.851158203282203,0.0],[78.115113868187123,8.851158203282203,0.0],[78.115092453038173,8.851165341665334,0.0],[78.115085314655133,8.851165341665332,0.0],[78.115049622739946,8.851179618431415,0.0],[78.115042484356891,8.851186756814188,0.0],[78.115013930825,8.851201033580271,0.0],[78.115006792441875,8.851201033580271,0.0],[78.114971100526844,8.851215310346349,0.0],[78.114935408611828,8.851229587112432,0.0],[78.114906855079667,8.851236725495557,0.0],[78.114885439930561,8.851243863878333,0.0],[78.114871163164651,8.851251002261462,0.0],[78.114835471249449,8.851258140644413,0.0],[78.114828332866409,8.851258140644413,0.0],[78.114792640951478,8.851279555793624,0.0],[78.114778364185398,8.851293832559707,0.0],[78.114764087419317,8.851300970942745,0.0],[78.114742672270282,8.851308109325608,0.0],[78.114735533887242,8.851315247708646,0.0],[78.114714118738306,8.851322386091686,0.0],[78.114714118738306,8.851329524474638,0.0],[78.114706980355265,8.851329524474639,0.0],[78.114699841972225,8.851343801240718,0.0],[78.11469270358927,8.85134380124072,0.0],[78.11469270358927,8.851350939623581,0.0],[78.114678426823104,8.851372354772794,0.0],[78.114678426823104,8.851393769921822,0.0],[78.114678426823104,8.851422323453805,0.0],[78.114678426823104,8.851436600219888,0.0],[78.114678426823104,8.851450876985968,0.0],[78.114685565206145,8.851479430517951,0.0],[78.114714118738306,8.85149370728403,0.0],[78.114721257121161,8.85149370728403,0.0],[78.114728395504201,8.85149370728403,0.0],[78.114778364185398,8.85149370728403,0.0],[78.114785502568353,8.851493707284032,0.0],[78.11484974801553,8.851486568901079,0.0],[78.11485688639857,8.85148656890108,0.0],[78.11486402478161,8.851486568901079,0.0],[78.114892578313601,8.851486568901079,0.0],[78.114899716696641,8.851486568901077,0.0],[78.114906855079667,8.851486568901079,0.0],[78.114928270228603,8.851486568901079,0.0],[78.114935408611828,8.851486568901079,0.0],[78.114978238909885,8.851472292134998,0.0],[78.114985377292754,8.851472292134996,0.0],[78.115028207591081,8.851458015369097,0.0],[78.115035345974036,8.851450876985968,0.0],[78.115042484356891,8.851450876985968,0.0],[78.115085314655133,8.851436600219888,0.0],[78.115092453038173,8.851436600219886,0.0],[78.115128144953189,8.851436600219888,0.0],[78.11513528333623,8.851443738603017,0.0],[78.115163836868305,8.851465153751871,0.0],[78.115185252017326,8.851479430517951,0.0],[78.115192390400381,8.85147943051795,0.0],[78.115192390400381,8.851486568901077,0.0],[78.115192390400381,8.851522260816278,0.0],[78.115192390400381,8.851543675965223,0.0],[78.115213805549317,8.851565091114256,0.0],[78.115220943932442,8.851572229497119,0.0],[78.115256635847558,8.851586506263198,0.0],[78.115278050996494,8.851600783029275,0.0],[78.115313742911709,8.85161505979536,0.0],[78.115320881294579,8.851615059795362,0.0],[78.115349434826712,8.851629336561261,0.0],[78.115392265124783,8.851650751710473,0.0],[78.115406541890849,8.851657890093422,0.0],[78.115442233805965,8.85167930524263,0.0],[78.11544937218892,8.851686443625406,0.0],[78.115463648955014,8.851693582008535,0.0],[78.11549220248699,8.851707858774617,0.0],[78.115499340870016,8.851707858774615,0.0],[78.115520756019137,8.851707858774617,0.0],[78.115549309551128,8.851714997157567,0.0],[78.115556447934168,8.851714997157568,0.0],[78.115599278232395,8.851736412306776,0.0],[78.115634970147426,8.851764965838758,0.0],[78.115656385296546,8.851779242604838,0.0],[78.115656385296546,8.851786380987791,0.0],[78.115677800445567,8.85179351937092,0.0],[78.115692077211662,8.851800657753959,0.0],[78.115742045892659,8.851807796136734,0.0],[78.11577773780769,8.851822072902813,0.0],[78.115820568105931,8.851829211285942,0.0],[78.115841983254853,8.851850626434796,0.0],[78.115863398403974,8.851864903200877,0.0],[78.115870536787014,8.851872041584008,0.0],[78.115877675170069,8.851886318349997,0.0],[78.115884813553009,8.851886318349997,0.0],[78.115884813553009,8.851893456733039,0.0],[78.115906228702059,8.851922010265021,0.0],[78.115906228702059,8.851929148648152,0.0],[78.115913367085184,8.851929148648152,0.0],[78.115956197383156,8.85196484056326,0.0],[78.115956197383156,8.851971978946215,0.0],[78.116006166064352,8.852007670861326,0.0],[78.116020442830333,8.852029086010271,0.0],[78.116027581213373,8.85204336277635,0.0],[78.116034719596399,8.852050501159479,0.0],[78.116034719596399,8.852057639542426,0.0],[78.11606327312839,8.852107608223621,0.0],[78.11606327312839,8.852143300138557,0.0],[78.11606327312839,8.852157576904636,0.0],[78.11606327312839,8.852186130436797,0.0],[78.11606327312839,8.852193268819748,0.0],[78.11606327312839,8.852228960734863,0.0],[78.11606327312839,8.852236099117992,0.0],[78.116070411511416,8.852286067799007,0.0],[78.116091826660551,8.852328898097158,0.0],[78.116091826660551,8.852336036480109,0.0],[78.116091826660551,8.852343174863238,0.0],[78.116091826660551,8.852350313246014,0.0],[78.116106103426546,8.852386005161305,0.0],[78.116113241809501,8.852386005161303,0.0],[78.116113241809501,8.852393143544257,0.0],[78.116113241809501,8.852400281927384,0.0],[78.116113241809501,8.852414558693285,0.0],[78.116113241809501,8.852421697076329,0.0],[78.116113241809501,8.852443112225448,0.0],[78.116113241809501,8.852457388991525,0.0],[78.116113241809501,8.852471665757344,0.0],[78.116113241809501,8.852478804140471,0.0],[78.116113241809501,8.852485942523423,0.0],[78.116120380192612,8.85259301826876,0.0],[78.116263147852976,8.852585879885631,0.0]]]]}},
{"type":"Feature","properties":{"Tank_name":"Pattinamarudur tank","id":9911},"geometry":{"type":"MultiPolygon","coordinates":[[[[78.172448235696152,8.930797779866143,0.0],[78.172448235696152,8.930607740600129,0.0],[78.172543255329188,8.930607740600131,0.0],[78.172543255329188,8.93051272096681,0.0],[78.172638274962225,8.930417701334029,0.0],[78.172733294595275,8.930037622801736,0.0],[78.172828314228312,8.929752563902673,0.0],[78.173018353494399,8.929562524636568,0.0],[78.173018353494399,8.92946750500343,0.0],[78.173113373127464,8.929372485370472,0.0],[78.1732083927605,8.929277465737327,0.0],[78.173303412393551,8.928897387205124,0.0],[78.173398432026588,8.928802367572162,0.0],[78.173398432026588,8.928707347939021,0.0],[78.173398432026588,8.928517308672923,0.0],[78.173398432026588,8.928327269406907,0.0],[78.173398432026588,8.92823224977386,0.0],[78.173493451659468,8.928042210507758,0.0],[78.173493451659468,8.927757151608516,0.0],[78.173493451659468,8.927662131975554,0.0],[78.173493451659454,8.927377073076315,0.0],[78.173493451659468,8.927187033810213,0.0],[78.173493451659468,8.92709201417725,0.0],[78.173493451659454,8.92680695527801,0.0],[78.173493451659454,8.926711935645049,0.0],[78.173493451659454,8.926616916011907,0.0],[78.173493451659454,8.926521896378949,0.0],[78.173588471292675,8.926331857112844,0.0],[78.173778510558762,8.92604679821387,0.0],[78.173968549824849,8.925856758947679,0.0],[78.174063569457715,8.925856758947681,0.0],[78.174158589090936,8.925666719681576,0.0],[78.174253608723816,8.925666719681578,0.0],[78.174348628356867,8.925571700048614,0.0],[78.174443647989904,8.925571700048614,0.0],[78.174728706889027,8.925571700048614,0.0],[78.174823726522064,8.925571700048614,0.0],[78.175108785421216,8.925571700048611,0.0],[78.175298824687303,8.925571700048614,0.0],[78.17539384432034,8.925476680415473,0.0],[78.17548886395339,8.925476680415473,0.0],[78.175583883586427,8.925476680415477,0.0],[78.175583883586427,8.925381660782511,0.0],[78.175773922852514,8.92519162151641,0.0],[78.175868942485565,8.92519162151641,0.0],[78.176058981751751,8.924906562617167,0.0],[78.176249021017739,8.924716523351064,0.0],[78.176249021017739,8.924621503718104,0.0],[78.176344040650775,8.924431464452001,0.0],[78.176344040650775,8.924241425185901,0.0],[78.176439060283826,8.924241425185901,0.0],[78.176439060283826,8.92414640555276,0.0],[78.176439060283826,8.923956366286658,0.0],[78.176439060283826,8.923861346653696,0.0],[78.176439060283826,8.923671307387597,0.0],[78.176439060283826,8.923386248488354,0.0],[78.176344040650775,8.923101189589291,0.0],[78.176249021017739,8.922816130690052,0.0],[78.176154001384688,8.922626091423952,0.0],[78.17586894248555,8.922150993258784,0.0],[78.175488863953376,8.921960953992686,0.0],[78.175488863953376,8.921865934359548,0.0],[78.175013765788165,8.921675895093445,0.0],[78.174538667623096,8.921390836194384,0.0],[78.174158589090922,8.921295816561244,0.0],[78.173873530191614,8.921105777295146,0.0],[78.173778510558748,8.921010757662359,0.0],[78.173683490925697,8.921010757662362,0.0],[78.173398432026573,8.920725698762944,0.0],[78.173303412393523,8.920725698762944,0.0],[78.173113373127435,8.920535659496842,0.0],[78.173018353494371,8.920535659496844,0.0],[78.172828314228298,8.920250600597958,0.0],[78.172353216063087,8.919965541698719,0.0],[78.171878117897847,8.919680482799658,0.0],[78.17159305899871,8.91958546316652,0.0],[78.171308000099586,8.919395423900419,0.0],[78.171117960833499,8.919300404267455,0.0],[78.171022941200448,8.919300404267457,0.0],[78.170452823402172,8.919110365001353,0.0],[78.169692666337824,8.918920325735256,0.0],[78.169217568172783,8.918825306102118,0.0],[78.169027528906696,8.918825306102118,0.0],[78.168552430741457,8.918635266836022,0.0],[78.168362391475469,8.918635266836022,0.0],[78.168172352209297,8.91863526683602,0.0],[78.16807733257626,8.91873028646916,0.0],[78.167602234411106,8.918825306102123,0.0],[78.167602234411106,8.918920325735263,0.0],[78.167317175511897,8.919110365001364,0.0],[78.167032116612845,8.919205384634328,0.0],[78.166747057713636,8.919300404267464,0.0],[78.166652038080656,8.919300404267466,0.0],[78.166461998814569,8.919395423900429,0.0],[78.166461998814569,8.919490443533567,0.0],[78.164181527621594,8.920725698762965,0.0],[78.164086507988543,8.920725698762965,0.0],[78.163516390190281,8.920915738029073,0.0],[78.163326350924194,8.920915738029072,0.0],[78.162851252758955,8.92120079692849,0.0],[78.162851252758955,8.921295816561274,0.0],[78.162661213492868,8.921485855827379,0.0],[78.162376154593758,8.921580875460515,0.0],[78.162281134960693,8.921770914726618,0.0],[78.162091095694606,8.921865934359582,0.0],[78.16199607606157,8.921960953992722,0.0],[78.161901056428519,8.922055973625683,0.0],[78.161806036795483,8.922150993258821,0.0],[78.161711017162432,8.922150993258819,0.0],[78.161711017162432,8.922246012891785,0.0],[78.161330938630243,8.922341032524924,0.0],[78.16114089936417,8.922531071791024,0.0],[78.161045879731304,8.922626091423991,0.0],[78.160570781565895,8.922721111057129,0.0],[78.160570781565895,8.922816130690093,0.0],[78.160475761933043,8.922911150323232,0.0],[78.160095683400854,8.923006169956283,0.0],[78.160000663767818,8.923101189589335,0.0],[78.159810624501731,8.923196209222297,0.0],[78.159620585235629,8.923291228855437,0.0],[78.159525565602578,8.923291228855437,0.0],[78.159335526336491,8.923386248488397,0.0],[78.158860428171266,8.923386248488399,0.0],[78.158480349639092,8.923386248488399,0.0],[78.158290310373005,8.923386248488399,0.0],[78.158195290739968,8.9233862484884,0.0],[78.158100271106917,8.9233862484884,0.0],[78.157720192574828,8.9233862484884,0.0],[78.157625172941692,8.923386248488402,0.0],[78.157150074776467,8.92329122885544,0.0],[78.156865015877329,8.923291228855438,0.0],[78.156769996244293,8.92329122885544,0.0],[78.156389917712104,8.923101189589344,0.0],[78.155724780280792,8.922816130690103,0.0],[78.155344701748618,8.922626091424002,0.0],[78.155249682115738,8.922626091424002,0.0],[78.155154662482531,8.922626091424004,0.0],[78.15505964284965,8.922626091424002,0.0],[78.15505964284965,8.923101189589346,0.0],[78.15505964284965,8.923196209222308,0.0],[78.15505964284965,8.923291228855447,0.0],[78.15505964284965,8.923386248488406,0.0],[78.15505964284965,8.923481268121547,0.0],[78.15505964284965,8.923576287754509,0.0],[78.15505964284965,8.923671307387648,0.0],[78.154964623216614,8.923766327020703,0.0],[78.154964623216614,8.923956366286713,0.0],[78.154964623216614,8.924146405552813,0.0],[78.154964623216614,8.924241425185953,0.0],[78.155249682115738,8.924431464452056,0.0],[78.155534741014705,8.924621503718152,0.0],[78.155629760647741,8.924621503718155,0.0],[78.155819799914028,8.924621503718154,0.0],[78.155914819546894,8.924621503718154,0.0],[78.156484937345155,8.924716523351117,0.0],[78.156579956978206,8.924716523351114,0.0],[78.15696003551038,8.924716523351112,0.0],[78.157055055143417,8.924716523351114,0.0],[78.15734011404264,8.924716523351112,0.0],[78.157435133675619,8.924716523351112,0.0],[78.157530153308656,8.924811542984251,0.0],[78.157625172941707,8.924811542984251,0.0],[78.15791023184083,8.925001582250353,0.0],[78.158100271106917,8.925001582250355,0.0],[78.158195290739968,8.925001582250353,0.0],[78.158290310373005,8.925001582250355,0.0],[78.158290310373019,8.925096601883313,0.0],[78.158575369272143,8.925191621516454,0.0],[78.15886042817128,8.925286641149416,0.0],[78.159145487070433,8.92538166078255,0.0],[78.159335526336491,8.925476680415517,0.0],[78.159430545969542,8.925476680415516,0.0],[78.159620585235629,8.92557170004865,0.0],[78.159715604868694,8.925571700048653,0.0],[78.159810624501731,8.925666719681614,0.0],[78.161711017162446,8.926426876745838,0.0],[78.161806036795497,8.926521896378976,0.0],[78.162376154593758,8.926806955278039,0.0],[78.162471174226795,8.926901974911177,0.0],[78.163041292025071,8.927092014177276,0.0],[78.163136311658107,8.927092014177278,0.0],[78.163326350924208,8.927187033810236,0.0],[78.163421370557259,8.927282053443378,0.0],[78.163516390190296,8.927282053443379,0.0],[78.163801449089419,8.927377073076338,0.0],[78.163896468722456,8.927377073076338,0.0],[78.163991488355521,8.92737707307634,0.0],[78.164086507988571,8.927472092709477,0.0],[78.164466586520746,8.927567112342526,0.0],[78.164751645419784,8.927567112342526,0.0],[78.164846665052934,8.927567112342526,0.0],[78.16532176321806,8.927662131975575,0.0],[78.165416782851182,8.927662131975575,0.0],[78.165701841750234,8.927662131975572,0.0],[78.1657968613832,8.927662131975572,0.0],[78.165891881016321,8.927662131975573,0.0],[78.166081920282423,8.927662131975573,0.0],[78.166176939915374,8.927662131975572,0.0],[78.166461998814597,8.927662131975573,0.0],[78.166557018447563,8.927662131975572,0.0],[78.166557018447563,8.927757151608535,0.0],[78.166652038080684,8.927852171241673,0.0],[78.166652038080684,8.927947190874637,0.0],[78.16674705771365,8.927947190874635,0.0],[78.166842077346786,8.928042210507776,0.0],[78.16712713624581,8.928232249773876,0.0],[78.16712713624581,8.928327269406923,0.0],[78.167222155878946,8.928327269406921,0.0],[78.167317175511926,8.928422289039977,0.0],[78.167507214778013,8.928612328306075,0.0],[78.167602234411135,8.92889738720514,0.0],[78.1676972540441,8.92908742647133,0.0],[78.167792273677222,8.929277465737339,0.0],[78.167887293310187,8.929467505003442,0.0],[78.167982312943323,8.929562524636582,0.0],[78.168267371842362,8.929657544269544,0.0],[78.168552430741499,8.929657544269542,0.0],[78.168647450374536,8.929657544269542,0.0],[78.169027528906724,8.929562524636582,0.0],[78.169122548539576,8.929467505003441,0.0],[78.169217568172812,8.929467505003441,0.0],[78.169312587805948,8.929467505003441,0.0],[78.169407607438885,8.929467505003441,0.0],[78.169502627071765,8.929467505003441,0.0],[78.169787685971087,8.929467505003441,0.0],[78.170072744870026,8.929467505003439,0.0],[78.170357803769164,8.929467505003439,0.0],[78.170737882301339,8.929467505003439,0.0],[78.170832901934389,8.929467505003435,0.0],[78.171022941200476,8.929562524636575,0.0],[78.171212980466564,8.929562524636575,0.0],[78.171403019732637,8.929752563902674,0.0],[78.171498039365687,8.929942603168776,0.0],[78.171593058998752,8.929942603168776,0.0],[78.171593058998752,8.930037622801741,0.0],[78.171593058998752,8.930132642434879,0.0],[78.171593058998752,8.930227662067839,0.0],[78.171593058998752,8.930322681700714,0.0],[78.171973137530927,8.930892799499016,0.0],[78.172068157163963,8.930892799499015,0.0],[78.172163176797014,8.930892799499018,0.0],[78.17225819643005,8.930892799499016,0.0],[78.172353216063115,8.930892799499016,0.0],[78.172448235696152,8.930797779866143,0.0]]]]}},
{"type":"Feature","properties":{"Tank_name":"Tharuvaikulam Old tank","id":9913},"geometry":{"type":"MultiPolygon","coordinates":[[[[78.146317836609811,8.898206045730886,0.0],[78.148408268536627,8.89554549600564,0.0],[78.150688739729702,8.89335624366009,0.0],[78.150688739729702,8.893265024812417,0.0],[78.150783759362554,8.893265024812418,0.0],[78.150783759362554,8.893170005179545,0.0],[78.150783759362554,8.893074985546315,0.0],[78.150783759362554,8.892979965913444,0.0],[78.150783759362554,8.892884946280482,0.0],[78.150783759362554,8.892599887381241,0.0],[78.150783759362554,8.892314828482178,0.0],[78.150783759362554,8.892219808849127,0.0],[78.150783759362554,8.891934749949973,0.0],[78.150783759362554,8.891744710683874,0.0],[78.150688739729702,8.891554671417772,0.0],[78.150593720096722,8.891554671417772,0.0],[78.150593720096722,8.891459651784633,0.0],[78.150498700463586,8.89126961251862,0.0],[78.150213641564463,8.890984553619466,0.0],[78.150023602298475,8.890794514353368,0.0],[78.150023602298475,8.890699494720229,0.0],[78.149928582665339,8.890604475087263,0.0],[78.149833563032303,8.890509455454126,0.0],[78.149833563032303,8.890414435821166,0.0],[78.149738543399252,8.890224396555062,0.0],[78.149548504133151,8.890034357288963,0.0],[78.149358464867063,8.88993933765591,0.0],[78.149073405968011,8.88965427875676,0.0],[78.148693327435836,8.88936921985761,0.0],[78.1485983078027,8.889369219857608,0.0],[78.1485983078027,8.889274200224561,0.0],[78.148123209637561,8.888989141325498,0.0],[78.148123209637561,8.888894121692356,0.0],[78.147933170371473,8.888704082426257,0.0],[78.147838150738338,8.888704082426258,0.0],[78.147743131105386,8.888704082426255,0.0],[78.147553091839285,8.888514043160336,0.0],[78.147363052573198,8.888419023527195,0.0],[78.147363052573198,8.888324003894233,0.0],[78.147268032940076,8.888324003894235,0.0],[78.147077993673975,8.888133964628134,0.0],[78.146887954407887,8.888038944994994,0.0],[78.146792934774936,8.887848905728895,0.0],[78.146697915141971,8.887848905728893,0.0],[78.146697915141971,8.887753886095931,0.0],[78.146507875875884,8.887563846829828,0.0],[78.146412856242748,8.88737380756373,0.0],[78.146317836609782,8.887183768297625,0.0],[78.146222816976731,8.887088748664487,0.0],[78.146127797343695,8.886803689765424,0.0],[78.146032777710559,8.886708670132284,0.0],[78.145842738444571,8.886518630866185,0.0],[78.145747718811521,8.886328591600085,0.0],[78.145652699178484,8.88604353270102,0.0],[78.145557679545419,8.88604353270102,0.0],[78.145462659912383,8.885853493434919,0.0],[78.145367640279332,8.885853493434919,0.0],[78.145367640279332,8.885758473801779,0.0],[78.145272620646296,8.885758473801783,0.0],[78.145082581380194,8.885568434535768,0.0],[78.144987561747158,8.88537839526958,0.0],[78.144892542114206,8.88528337563662,0.0],[78.14479752248107,8.885188356003477,0.0],[78.144607483214983,8.884903297104412,0.0],[78.144417443948882,8.884808277471366,0.0],[78.144322424315845,8.884808277471366,0.0],[78.144132385049758,8.884523218572214,0.0],[78.143752306517555,8.88423815967297,0.0],[78.143657286884519,8.884143140040011,0.0],[78.143467247618446,8.883953100774088,0.0],[78.143277208352359,8.883858081140771,0.0],[78.143277208352359,8.883763061507986,0.0],[78.143182188719294,8.883478002608571,0.0],[78.143087169086257,8.883478002608571,0.0],[78.143087169086243,8.883382982975697,0.0],[78.142897129820156,8.883192943709686,0.0],[78.14280211018712,8.883097924076544,0.0],[78.142707090554069,8.882907884810443,0.0],[78.142517051287982,8.882812865177483,0.0],[78.142327012022079,8.882622825911294,0.0],[78.142136972755992,8.882527806278244,0.0],[78.142041953122757,8.882337767012139,0.0],[78.14185191385684,8.882147727746039,0.0],[78.141756894223803,8.882052708113077,0.0],[78.141566854957716,8.881862668846978,0.0],[78.14147183532468,8.881767649213838,0.0],[78.141376815691629,8.881672629580878,0.0],[78.141376815691629,8.881577609947737,0.0],[78.141281796058578,8.881482590314773,0.0],[78.141186776425528,8.881482590314775,0.0],[78.141091756792491,8.881387570681635,0.0],[78.14099673715944,8.881387570681635,0.0],[78.14090171752639,8.881387570681634,0.0],[78.140711678260303,8.881387570681635,0.0],[78.140426619361179,8.881387570681634,0.0],[78.140331599728128,8.881387570681635,0.0],[78.140236580095092,8.881387570681634,0.0],[78.140141560462041,8.881387570681635,0.0],[78.139951521195954,8.881482590314775,0.0],[78.139666462296802,8.881672629580882,0.0],[78.139571442663765,8.88167262958088,0.0],[78.139381403397778,8.88186266884698,0.0],[78.139286383764627,8.881957688479943,0.0],[78.139096344498554,8.882242747379184,0.0],[78.139001324865589,8.882527806278249,0.0],[78.138906305232453,8.882527806278249,0.0],[78.138811285599417,8.8826228259113,0.0],[78.138716265966366,8.882812865177492,0.0],[78.138716265966366,8.882907884810452,0.0],[78.138526226700279,8.883192943709693,0.0],[78.138431207067242,8.883287963342658,0.0],[78.138336187434192,8.88366804187468,0.0],[78.13814614816809,8.884333179306124,0.0],[78.138051128535054,8.885093336370531,0.0],[78.138051128535054,8.885188356003495,0.0],[78.138051128535054,8.885378395269596,0.0],[78.138146148168104,8.886043532701038,0.0],[78.138336187434206,8.886328591600101,0.0],[78.138431207067242,8.886518630866203,0.0],[78.138431207067242,8.886898709398402,0.0],[78.138621246333329,8.887183768297643,0.0],[78.138906305232467,8.887658866462809,0.0],[78.138906305232467,8.887753886095952,0.0],[78.139381403397792,8.888133964628153,0.0],[78.139381403397792,8.888228984261113,0.0],[78.13957144266378,8.888514043160354,0.0],[78.139856501562932,8.888799102059416,0.0],[78.139856501562932,8.888894121692378,0.0],[78.139856501562932,8.888989141325517,0.0],[78.140046540829019,8.889179180591618,0.0],[78.140141560462069,8.889464239490682,0.0],[78.140236580095106,8.889559259123644,0.0],[78.140236580095106,8.889654278756783,0.0],[78.14052163899423,8.890034357288984,0.0],[78.14052163899423,8.890129376921946,0.0],[78.140616658627295,8.890129376921946,0.0],[78.140806697893382,8.890509455454147,0.0],[78.14109175679252,8.89088953398644,0.0],[78.14109175679252,8.890984553619491,0.0],[78.141186776425556,8.891174592885593,0.0],[78.141186776425556,8.891459651784654,0.0],[78.141376815691657,8.891839730316859,0.0],[78.141471835324694,8.892219808849147,0.0],[78.141566854957745,8.892409848115159,0.0],[78.141851913856868,8.8928849462805,0.0],[78.141946933489919,8.893074985546336,0.0],[78.141946933489919,8.893170005179565,0.0],[78.141946933489919,8.893265024812438,0.0],[78.14213697275602,8.893645103344639,0.0],[78.142231992388872,8.893835142610744,0.0],[78.14251705128801,8.894405260409043,0.0],[78.142517051288024,8.894500280042095,0.0],[78.142707090554111,8.894785338941249,0.0],[78.142707090554111,8.894880358574296,0.0],[78.142897129820199,8.895260437106499,0.0],[78.142897129820199,8.895355456739548,0.0],[78.143182188719337,8.895925574537854,0.0],[78.14346724761846,8.896495692336158,0.0],[78.143562267251511,8.896590711969298,0.0],[78.143752306517598,8.897065810134462,0.0],[78.143942345783685,8.897540908299716,0.0],[78.144037365416736,8.897920986831917,0.0],[78.144132385049787,8.89801600646479,0.0],[78.144227404682837,8.898301065364031,0.0],[78.144227404682837,8.898396084996991,0.0],[78.144322424315888,8.898681143896145,0.0],[78.144417443948925,8.899156242061398,0.0],[78.144512463581961,8.899156242061396,0.0],[78.144607483215012,8.899536320593601,0.0],[78.144702502848048,8.89963134022674,0.0],[78.144797522481099,8.899631340226739,0.0],[78.144892542114235,8.899631340226737,0.0],[78.145177601013287,8.899536320593601,0.0],[78.145177601013287,8.899346281327499,0.0],[78.145272620646324,8.899251261694532,0.0],[78.145367640279375,8.899156242061395,0.0],[78.145462659912411,8.899061222428429,0.0],[78.145462659912411,8.898966202795295,0.0],[78.145557679545462,8.898966202795297,0.0],[78.145747718811549,8.898681143896139,0.0],[78.145747718811549,8.898586124263092,0.0],[78.145842738444586,8.898491104630128,0.0],[78.145937758077636,8.898491104630128,0.0],[78.146032777710587,8.898396084996987,0.0],[78.146032777710587,8.898301065364025,0.0],[78.146127797343723,8.898206045730886,0.0],[78.14622281697676,8.898206045730886,0.0],[78.146317836609811,8.898206045730886,0.0]]]]}},
{"type":"Feature","properties":{"Tank_name":"Tharuvaikulam New tank","id":9914},"geometry":{"type":"MultiPolygon","coordinates":[[[[78.150688739729702,8.89335624366009,0.0],[78.148408268536627,8.89554549600564,0.0],[78.146317836609811,8.898206045730886,0.0],[78.146887954407916,8.898396084996985,0.0],[78.146982974041052,8.898396084996985,0.0],[78.147077993674003,8.898396084996984,0.0],[78.147268032940104,8.898586124263087,0.0],[78.147553091839313,8.898776163529186,0.0],[78.147553091839313,8.898871183162328,0.0],[78.147838150738366,8.899061222428426,0.0],[78.148028190004453,8.899251261694527,0.0],[78.148028190004453,8.899346281327492,0.0],[78.148313248903676,8.899821379492831,0.0],[78.148408268536642,8.900106438391894,0.0],[78.148598307802743,8.900486516924095,0.0],[78.148598307802743,8.900581536557237,0.0],[78.148598307802743,8.901056634722398,0.0],[78.148598307802743,8.901436713254602,0.0],[78.148598307802743,8.901721772153756,0.0],[78.148408268536656,8.902101850686048,0.0],[78.148313248903676,8.902576948851035,0.0],[78.148313248903676,8.902671968484352,0.0],[78.148028190004467,8.903147066649339,0.0],[78.148028190004467,8.903242086282479,0.0],[78.14783815073838,8.903527145181542,0.0],[78.147743131105415,8.903717184447643,0.0],[78.147648111472293,8.904002243346888,0.0],[78.147648111472293,8.904097262979848,0.0],[78.147553091839328,8.904382321879087,0.0],[78.147458072206206,8.904762400411293,0.0],[78.147458072206206,8.904857420044252,0.0],[78.147458072206206,8.905332518209597,0.0],[78.147458072206206,8.90599765564086,0.0],[78.147458072206206,8.906282714540103,0.0],[78.147458072206206,8.906377734173063,0.0],[78.147458072206206,8.906662793072304,0.0],[78.147553091839342,8.906757812705267,0.0],[78.147743131105429,8.907042871604506,0.0],[78.148123209637603,8.907327930503572,0.0],[78.14831324890369,8.907422950136532,0.0],[78.148883366701966,8.907612989402631,0.0],[78.148883366701966,8.907708009035773,0.0],[78.149168425601019,8.907803028668733,0.0],[78.149263445234155,8.907803028668731,0.0],[78.149738543399295,8.908088087567792,0.0],[78.150118621931469,8.908373146467033,0.0],[78.150213641564505,8.908373146467035,0.0],[78.150213641564505,8.908468166100084,0.0],[78.150498700463643,8.908753224999236,0.0],[78.150688739729745,8.909133303531437,0.0],[78.150878778995832,8.909608401696602,0.0],[78.151068818261919,8.909893460595843,0.0],[78.151068818261919,8.910083499861946,0.0],[78.151163837894785,8.910083499861944,0.0],[78.151448896794108,8.910558598027198,0.0],[78.151448896794108,8.910653617660248,0.0],[78.151733955693047,8.91093867655931,0.0],[78.151828975326097,8.911413774724652,0.0],[78.151828975326097,8.911603813990487,0.0],[78.152019014592184,8.91198389252269,0.0],[78.152019014592199,8.912268951422021,0.0],[78.152114034225235,8.912458990687943,0.0],[78.152114034225235,8.912554010320994,0.0],[78.152209053858286,8.912744049587095,0.0],[78.152209053858286,8.913029108486336,0.0],[78.152209053858286,8.913124128119296,0.0],[78.152209053858286,8.913219147752347,0.0],[78.152304073491322,8.913219147752349,0.0],[78.152684152023511,8.914644442248109,0.0],[78.154679564317448,8.916164756376736,0.0],[78.157055055143402,8.916829893808172,0.0],[78.157055055143402,8.916924913441136,0.0],[78.157150074776439,8.916924913441138,0.0],[78.157340114042626,8.917019933074187,0.0],[78.157435133675591,8.917019933074185,0.0],[78.157720192574814,8.917019933074185,0.0],[78.157815212207765,8.917019933074185,0.0],[78.158005251473853,8.917019933074187,0.0],[78.158100271106903,8.917019933074183,0.0],[78.15829031037299,8.917019933074181,0.0],[78.158480349639078,8.917019933074185,0.0],[78.158575369272114,8.917019933074185,0.0],[78.159050467437353,8.917019933074181,0.0],[78.159145487070404,8.917019933074181,0.0],[78.159240506703441,8.91701993307418,0.0],[78.159335526336491,8.917019933074181,0.0],[78.159430545969528,8.91701993307418,0.0],[78.160380742299779,8.916924913441129,0.0],[78.160665801199116,8.916829893808163,0.0],[78.160760820831968,8.916829893808165,0.0],[78.161140899364156,8.916734874175022,0.0],[78.161235918997193,8.916734874175022,0.0],[78.16142595826328,8.916639854542149,0.0],[78.161520977896316,8.916639854542147,0.0],[78.161615997529367,8.916544834908919,0.0],[78.161615997529367,8.916449815276049,0.0],[78.161520977896316,8.916259776009948,0.0],[78.161330938630243,8.91616475637672,0.0],[78.161140899364156,8.915879697477747,0.0],[78.161045879731276,8.915594638578593,0.0],[78.160950860098055,8.91530957967953,0.0],[78.160950860098055,8.915119540413338,0.0],[78.160950860098055,8.914834481514188,0.0],[78.160855840465018,8.914549422615128,0.0],[78.160855840465018,8.914454402981987,0.0],[78.160760820831953,8.914169344082836,0.0],[78.160760820831953,8.914074324449784,0.0],[78.160760820831953,8.913694245917581,0.0],[78.160760820831953,8.913599226284617,0.0],[78.160665801199102,8.913219147752327,0.0],[78.160570781565866,8.913124128119277,0.0],[78.160475761933014,8.91264902995411,0.0],[78.160380742299779,8.912268951421998,0.0],[78.160380742299779,8.912173931788768,0.0],[78.160380742299779,8.912078912155986,0.0],[78.160285722666913,8.911793853256567,0.0],[78.160285722666913,8.911698833623694,0.0],[78.160190703033862,8.911413774724631,0.0],[78.160190703033862,8.911223735458529,0.0],[78.160190703033862,8.91112871582539,0.0],[78.158670388905122,8.903717184447617,0.0],[78.158670388905122,8.903622164814653,0.0],[78.158670388905122,8.903527145181512,0.0],[78.158670388905122,8.903337105915414,0.0],[78.158670388905122,8.903052047016352,0.0],[78.158670388905122,8.902862007750249,0.0],[78.158670388905122,8.902766988117113,0.0],[78.158670388905122,8.902291889952124,0.0],[78.158670388905122,8.902196870318807,0.0],[78.158575369272086,8.902101850686023,0.0],[78.158575369272086,8.901911811419922,0.0],[78.158575369272086,8.901816791786784,0.0],[78.158480349639049,8.901816791786782,0.0],[78.158480349639049,8.901626752520681,0.0],[78.158385330005999,8.901436713254579,0.0],[78.158385330005999,8.901341693621616,0.0],[78.158290310372962,8.901151654355518,0.0],[78.158195290739911,8.900961615089416,0.0],[78.158100271106846,8.900771575823315,0.0],[78.15800525147381,8.900676556190174,0.0],[78.15800525147381,8.900486516924071,0.0],[78.157910231840759,8.900486516924072,0.0],[78.157910231840759,8.900391497291112,0.0],[78.157910231840759,8.900201458024924,0.0],[78.157815212207723,8.900106438391873,0.0],[78.157720192574772,8.900011418758908,0.0],[78.157720192574772,8.899916399125772,0.0],[78.157625172941636,8.899821379492808,0.0],[78.157625172941636,8.89972635985967,0.0],[78.157530153308585,8.899536320593571,0.0],[78.157340114042583,8.899156242061366,0.0],[78.157150074776411,8.898871183162306,0.0],[78.157150074776411,8.898681143896116,0.0],[78.15705505514336,8.898681143896114,0.0],[78.15705505514336,8.898586124263062,0.0],[78.156960035510309,8.898206045730859,0.0],[78.156769996244222,8.897825967198658,0.0],[78.156769996244222,8.897540908299684,0.0],[78.156484937345084,8.897350869033586,0.0],[78.156389917712033,8.897065810134432,0.0],[78.15619987844596,8.896780751235278,0.0],[78.156009839179873,8.896685731602229,0.0],[78.155819799913942,8.896495692336128,0.0],[78.155629760647685,8.896210633437066,0.0],[78.155344701748547,8.896115613803925,0.0],[78.15515466248246,8.895830554904773,0.0],[78.154964623216543,8.895735535271726,0.0],[78.154584544684354,8.895545496005624,0.0],[78.154489525051318,8.895450476372663,0.0],[78.154394505418267,8.895450476372663,0.0],[78.150688739729702,8.893455064078516,0.0],[78.150688739729702,8.893360044445647,0.0],[78.150688739729702,8.89335624366009,0.0]]]]}},
{"type":"Feature","properties":{"Tank_name":"Kadamba","id":10729},"geometry":{"type":"MultiPolygon","coordinates":[[[[77.976956386867712,8.578937900511004,0.0],[77.979455005735119,8.583823648830053,0.0],[77.979172472847509,8.587057231303376,0.0],[77.97734040518462,8.591025777484059,0.0],[77.981379306059736,8.590265734953219,0.0],[77.982478940893984,8.594668834502277,0.0],[77.994221178439929,8.593188341513546,0.0],[78.001228369725908,8.593162565401395,0.0],[78.007045837617213,8.592563743324762,0.0],[78.011882250636418,8.591313554041916,0.0],[78.016186420680626,8.589889903138161,0.0],[78.017210835573209,8.587953387278821,0.0],[78.018323250173225,8.584076065675708,0.0],[78.01842397255345,8.579812903671518,0.0],[78.017156516136154,8.577521331708583,0.0],[78.014179834287887,8.577007859337177,0.0],[78.006188367524501,8.578069245025901,0.0],[78.003607251093371,8.578512667368615,0.0],[78.00043069903694,8.578234249189403,0.0],[77.99672049886405,8.577349271502385,0.0],[77.989809268700853,8.576976414783038,0.0],[77.986389736283485,8.57524569223982,0.0],[77.983034582873358,8.574814431321515,0.0],[77.980055032760234,8.574331992652031,0.0],[77.976835586308525,8.57467119520526,0.0],[77.976458464611582,8.577049960490376,0.0],[77.976956386867712,8.578937900511004,0.0]]]]}},
{"type":"Feature","properties":{"Tank_name":"Thenkarai","id":10730},"geometry":{"type":"MultiPolygon","coordinates":[[[[77.904882697884034,8.596615397054787,0.0],[77.905428869896554,8.597098956533307,0.0],[77.91021509781811,8.596405886317402,0.0],[77.920957049830648,8.595362385814255,0.0],[77.929278005800597,8.5930705831281,0.0],[77.931565203955486,8.591690987546794,0.0],[77.93665138843339,8.587781963554804,0.0],[77.939307589146139,8.584976080126603,0.0],[77.942698823200729,8.579590500362311,0.0],[77.943410039891404,8.574996361967221,0.0],[77.943707731025725,8.569415516638781,0.0],[77.9444591195508,8.567307776847194,0.0],[77.943678539774695,8.567177879869295,0.0],[77.942926375738409,8.568739218630759,0.0],[77.941809103221573,8.569650173451349,0.0],[77.938115569112071,8.569885285379572,0.0],[77.936767504002674,8.573138020124933,0.0],[77.93414841559381,8.578940954445944,0.0],[77.932333147079774,8.582922344201158,0.0],[77.928070981227336,8.585733494753118,0.0],[77.923080336969235,8.588466774854934,0.0],[77.918088288012285,8.590211328517938,0.0],[77.914630164473763,8.591357049875016,0.0],[77.913358476588314,8.593438905555908,0.0],[77.910708713105564,8.595713959943609,0.0],[77.907171485026083,8.596354623014523,0.0],[77.904882697884034,8.596615397054787,0.0]]]]}},
{"type":"Feature","properties":{"Tank_name":"nochikulam","id":10731},"geometry":{"type":"MultiPolygon","coordinates":[[[[77.9444591195508,8.567307776847194,0.0],[77.948127823136176,8.567905282044347,0.0],[77.952513827929806,8.564043928867184,0.0],[77.955163710803006,8.563076468480077,0.0],[77.955239075845469,8.560780082741976,0.0],[77.95412452026207,8.55921336473676,0.0],[77.954011615131989,8.558454898030286,0.0],[77.953684697931024,8.560904720278968,0.0],[77.951891453439686,8.562076037746277,0.0],[77.948615865714871,8.563533943464977,0.0],[77.948815584464697,8.565435723992925,0.0],[77.946772145962612,8.565798077134186,0.0],[77.945732691240451,8.566552897438365,0.0],[77.9444591195508,8.567307776847194,0.0]]]]}},
{"type":"Feature","properties":{"Tank_name":"keelapudukulam","id":10732},"geometry":{"type":"MultiPolygon","coordinates":[[[[77.95412452026207,8.55921336473676,0.0],[77.955634242952215,8.559889477505616,0.0],[77.95857048858386,8.559555643947627,0.0],[77.961667038780902,8.558300775246746,0.0],[77.963382022691761,8.556973361802426,0.0],[77.960728496620717,8.556843942610779,0.0],[77.958957386060334,8.555283245501192,0.0],[77.957187753124359,8.554763313718327,0.0],[77.956190279486449,8.553137051154371,0.0],[77.955649135158751,8.552057715122718,0.0],[77.95518222861007,8.55299452275035,0.0],[77.955081353129742,8.555232193673822,0.0],[77.955056449232416,8.556012774662639,0.0],[77.954746433264191,8.557521963044961,0.0],[77.95412452026207,8.55921336473676,0.0]]]]}},
{"type":"Feature","properties":{"Tank_name":"muthalannozhikulam","id":10733},"geometry":{"type":"MultiPolygon","coordinates":[[[[77.954073092362378,8.569479269143891,0.0],[77.955890815924249,8.568922063969833,0.0],[77.958308617463274,8.568109135052078,0.0],[77.959815519747934,8.567190848978377,0.0],[77.960398637513109,8.567054257858386,0.0],[77.961488743217643,8.566834357398374,0.0],[77.962701048758348,8.566104037481232,0.0],[77.963423756127298,8.564885028924294,0.0],[77.964145695579447,8.564211435149261,0.0],[77.96447815576937,8.56363777213703,0.0],[77.964219441534752,8.563034583682816,0.0],[77.96423617771778,8.562409931890096,0.0],[77.963643672972893,8.562301777509939,0.0],[77.963239013125275,8.562947105059076,0.0],[77.962460462935425,8.562859904734655,0.0],[77.961306265233588,8.56317368012315,0.0],[77.959978836022884,8.563861162038156,0.0],[77.95908423700574,8.56426179749279,0.0],[77.958866620502548,8.565194443151309,0.0],[77.957640176095197,8.565723787878328,0.0],[77.957062564923234,8.566297099861069,0.0],[77.95593676892797,8.567027523206075,0.0],[77.955561237297346,8.56745758641442,0.0],[77.955286215904465,8.568189205389338,0.0],[77.954330536371899,8.568589735395291,0.0],[77.953902383298868,8.569125053483823,0.0],[77.954073092362378,8.569479269143891,0.0]]]]}},
{"type":"Feature","properties":{"Tank_name":"vellarikkayarurani","id":10734},"geometry":{"type":"MultiPolygon","coordinates":[[[[77.964913512185348,8.56374668436867,0.0],[77.966021692865525,8.564924988094086,0.0],[77.965827505011475,8.566302616974481,0.0],[77.966344309277659,8.56757203840999,0.0],[77.967373308056395,8.568526728233303,0.0],[77.969171943164682,8.568770293353674,0.0],[77.970654388126562,8.568715908060135,0.0],[77.972195522739341,8.568630130256459,0.0],[77.974215939975437,8.568368093873342,0.0],[77.976101437522075,8.568002060609359,0.0],[77.978444214801328,8.567672810428785,0.0],[77.979534516189474,8.567488708686275,0.0],[77.980053975718903,8.56724062053406,0.0],[77.980015938195606,8.566934369318302,0.0],[77.97928558395877,8.566742010803587,0.0],[77.978150896458331,8.566970130056278,0.0],[77.977266625314527,8.566854109859248,0.0],[77.975676316761877,8.566744200139729,0.0],[77.974252659738227,8.566750613754438,0.0],[77.97275704208478,8.566577677270974,0.0],[77.971390653418325,8.565825477183594,0.0],[77.970056865129635,8.565078952906394,0.0],[77.969315655101909,8.565086174156171,0.0],[77.969290738579645,8.564546741288233,0.0],[77.968791246597632,8.564258993057756,0.0],[77.968310636499041,8.564220057308239,0.0],[77.967445123485632,8.564448515388461,0.0],[77.966274962203059,8.564504313952446,0.0],[77.966157692713054,8.563910890400225,0.0],[77.965581698745595,8.563335970603038,0.0],[77.964862432448243,8.563392573456607,0.0],[77.964913512185348,8.56374668436867,0.0]]]]}},
{"type":"Feature","properties":{"Tank_name":"Thenmenkulan","id":10735},"geometry":{"type":"MultiPolygon","coordinates":[[[[77.959920088190231,8.590367938700584,0.0],[77.959221603605883,8.591707593854503,0.0],[77.960432186867308,8.592504608214751,0.0],[77.961685948698246,8.592339499074212,0.0],[77.96295132331079,8.592614842014271,0.0],[77.963282854699472,8.591867748224015,0.0],[77.963315645661112,8.590579303531177,0.0],[77.964037177201305,8.589566325979554,0.0],[77.96481956349416,8.588670345885854,0.0],[77.964911914177804,8.587085655114599,0.0],[77.964704125979708,8.58529123186954,0.0],[77.964194819486494,8.584273848144552,0.0],[77.962904399697564,8.58325537691878,0.0],[77.960775157764516,8.582386781151754,0.0],[77.960005311966128,8.582249507169321,0.0],[77.959844095128346,8.584861465218157,0.0],[77.959986391141854,8.585972405082009,0.0],[77.959100867893454,8.587274872120428,0.0],[77.95962079631478,8.589560159303129,0.0],[77.959920088190231,8.590367938700584,0.0]]]]}},
{"type":"Feature","properties":{"Tank_name":"chinnakulam","id":10737},"geometry":{"type":"MultiPolygon","coordinates":[[[[77.918765826950079,8.564898679736791,0.0],[77.920334510252516,8.56412146955512,0.0],[77.921787877517332,8.56359220783585,0.0],[77.922574145979354,8.563415099655424,0.0],[77.9232675909157,8.562554954959051,0.0],[77.923673243491905,8.561292495881833,0.0],[77.92379044300796,8.560067881098876,0.0],[77.923117584619035,8.560028603259676,0.0],[77.922842273664727,8.561377203250995,0.0],[77.921460145938198,8.562667078318915,0.0],[77.920839820723003,8.562642780418713,0.0],[77.920613320514107,8.563239929793127,0.0],[77.918936542473602,8.564331829975274,0.0],[77.918748692228817,8.56446895851604,0.0],[77.918765826950079,8.564898679736791,0.0]]]]}},
{"type":"Feature","properties":{"Tank_name":"Thiruthikulam","id":10738},"geometry":{"type":"MultiPolygon","coordinates":[[[[77.905090713715452,8.567713611189422,0.0],[77.905954896153474,8.568365607997505,0.0],[77.907278044463965,8.568376965214137,0.0],[77.908952816860293,8.569288795377119,0.0],[77.910360472612524,8.570062482334027,0.0],[77.911559926127353,8.56996488966587,0.0],[77.913569017208147,8.569234728092951,0.0],[77.915074746915565,8.567920975554671,0.0],[77.916570341858389,8.566812525563021,0.0],[77.917436902478428,8.565914379455513,0.0],[77.917803077915465,8.565340811951007,0.0],[77.916173598493899,8.565472316457532,0.0],[77.914002123706538,8.566007944879891,0.0],[77.912129725573891,8.566542041654616,0.0],[77.911839452005708,8.567570845191025,0.0],[77.910953913598718,8.568296713050726,0.0],[77.909877286355083,8.568256795498172,0.0],[77.908896733088199,8.568255296520048,0.0],[77.907423249151165,8.567890494893891,0.0],[77.906513118288046,8.56794544595374,0.0],[77.905090713715452,8.567713611189422,0.0]]]]}},
{"type":"Feature","properties":{"Tank_name":"kondanerikulam","id":10739},"geometry":{"type":"MultiPolygon","coordinates":[[[[77.933807155812303,8.573172631976213,0.0],[77.934962661552632,8.571892121495543,0.0],[77.935733850392239,8.570457946816402,0.0],[77.936831717565369,8.569139070705814,0.0],[77.937717718927104,8.568068668481589,0.0],[77.93789264129137,8.566786718976946,0.0],[77.938740349274283,8.56560143377996,0.0],[77.939779532406121,8.56495227059788,0.0],[77.940721853211983,8.564800536255877,0.0],[77.93837692636346,8.564318701513308,0.0],[77.936916139547165,8.564029515596721,0.0],[77.935780145688312,8.565137826516741,0.0],[77.934661817467685,8.567298714488427,0.0],[77.93459912573914,8.569070586183562,0.0],[77.934167952059553,8.570775894575997,0.0],[77.933694400728271,8.571411829907229,0.0],[77.933168212278346,8.57271122032186,0.0],[77.933256399117852,8.572887113495778,0.0],[77.933807155812303,8.573172631976213,0.0]]]]}},
{"type":"Feature","properties":{"Tank_name":"Arasankulam","id":10740},"geometry":{"type":"MultiPolygon","coordinates":[[[[77.921302506750678,8.577326893985584,0.0],[77.92239421118434,8.578401467785978,0.0],[77.923330266214748,8.578590275786702,0.0],[77.925447109130147,8.578681085793837,0.0],[77.927526885602546,8.578508692617266,0.0],[77.928663853991097,8.578425522452816,0.0],[77.93031921475891,8.577594251213132,0.0],[77.930974856576441,8.577168173490319,0.0],[77.931495267468037,8.576307759894373,0.0],[77.931554313930789,8.575389254278113,0.0],[77.931555878285778,8.574336702534312,0.0],[77.931306412084638,8.574011000270756,0.0],[77.930331743101505,8.575258327118794,0.0],[77.928937960768195,8.576380534317531,0.0],[77.927127018510873,8.577216367330065,0.0],[77.925188042800585,8.577285442939168,0.0],[77.923210201162362,8.577403219576414,0.0],[77.922444431366955,8.577406333623916,0.0],[77.921302506750678,8.577326893985584,0.0]]]]}},
{"type":"Feature","properties":{"Tank_name":"perunkulam","id":10741},"geometry":{"type":"MultiPolygon","coordinates":[[[[77.969244168752397,8.64843250547578,0.0],[77.970813045467892,8.651462083968024,0.0],[77.97235775953601,8.6491975307956,0.0],[77.973259961727365,8.651594647280948,0.0],[77.975139171777371,8.650462089502215,0.0],[77.980045748675892,8.647980252930669,0.0],[77.983838852572262,8.646697372841615,0.0],[77.986136040738359,8.646879918300062,0.0],[77.983058282600197,8.649937314134034,0.0],[77.979939663033079,8.655322150554321,0.0],[77.977096098797176,8.659079289358065,0.0],[77.979548921162049,8.661465449848345,0.0],[77.98351123415992,8.662130369354076,0.0],[77.986058584169456,8.662662465354998,0.0],[77.990856357408205,8.665607980548554,0.0],[77.99398593074244,8.665906851929059,0.0],[77.995958522882759,8.665384092693611,0.0],[77.995264831952227,8.663991979214121,0.0],[77.993745746726304,8.660862498291896,0.0],[77.992128709886472,8.659081548703536,0.0],[77.991411251417389,8.657849762229802,0.0],[77.992057499162129,8.655818512894772,0.0],[77.987611385863389,8.654371248334161,0.0],[77.987476647227922,8.653255851729305,0.0],[77.989071744191762,8.651307601322708,0.0],[77.992964784649843,8.650074640887798,0.0],[77.995560107142396,8.649224920426517,0.0],[77.996240991461718,8.64814261161253,0.0],[77.995424044338733,8.64717722108041,0.0],[77.996454814398831,8.646344547202469,0.0],[77.997318834845501,8.645295489130898,0.0],[77.99631792421529,8.643714161412264,0.0],[77.995401678892136,8.64314835494938,0.0],[77.993458505968931,8.642919793074105,0.0],[77.990738918045636,8.643026911497483,0.0],[77.988494888945269,8.64359961552845,0.0],[77.985590612889112,8.643840666529988,0.0],[77.985864458847857,8.643167431178421,0.0],[77.983508156892981,8.641476768695226,0.0],[77.981965838082132,8.640471409332816,0.0],[77.978805505588994,8.641953907493777,0.0],[77.977776222863881,8.643835420110497,0.0],[77.977027579651946,8.644085334142892,0.0],[77.975945220735184,8.643752644828927,0.0],[77.976218794638214,8.641890863205047,0.0],[77.976019962026243,8.641099896041958,0.0],[77.974259727743188,8.640179763564754,0.0],[77.973994701853613,8.641553523243758,0.0],[77.973199697579091,8.644319384527675,0.0],[77.971969454009638,8.645335239930718,0.0],[77.970057877305976,8.647117087160648,0.0],[77.969244168752397,8.64843250547578,0.0]]]]}},
{"type":"Feature","properties":{"Tank_name":"sivagalai","id":10742},"geometry":{"type":"MultiPolygon","coordinates":[[[[77.961293394934188,8.645138061285937,0.0],[77.963636388428412,8.644011802865171,0.0],[77.968416132601803,8.641740498589273,0.0],[77.970421957915363,8.640933262998038,0.0],[77.971452672876879,8.640295125219527,0.0],[77.971225940032951,8.639131997739504,0.0],[77.96964904241959,8.638194346431504,0.0],[77.96564664845279,8.63831136719827,0.0],[77.962339331576047,8.639801850104156,0.0],[77.96078304845777,8.642380317085083,0.0],[77.960486483369621,8.644875612392328,0.0],[77.961293394934188,8.645138061285937,0.0]]]]}},
{"type":"Feature","properties":{"Tank_name":"nedunkulam","id":10744},"geometry":{"type":"MultiPolygon","coordinates":[[[[77.946891985063232,8.65484551620939,0.0],[77.949046123923566,8.654677055955418,0.0],[77.950779271748956,8.654221863031898,0.0],[77.951285852507468,8.653002585010089,0.0],[77.9514674410932,8.65210578289377,0.0],[77.950457922514559,8.652032569685884,0.0],[77.948307464628328,8.65335260417678,0.0],[77.946760078720033,8.653903377240995,0.0],[77.946536763373501,8.654267243312841,0.0],[77.946891985063232,8.65484551620939,0.0]]]]}},
{"type":"Feature","properties":{"Tank_name":"kailasaperi","id":10745},"geometry":{"type":"MultiPolygon","coordinates":[[[[77.932521892118132,8.657679713986578,0.0],[77.933240609345418,8.658599500577028,0.0],[77.934729885313203,8.658083937904074,0.0],[77.937072765081183,8.657180183274123,0.0],[77.939325435539473,8.655801243639592,0.0],[77.939748576670326,8.655837934414922,0.0],[77.940371306470908,8.655226265752498,0.0],[77.939672841126566,8.654564584083246,0.0],[77.938173287883487,8.655025368477268,0.0],[77.935741492495055,8.65524057217057,0.0],[77.933072258064314,8.656630808384588,0.0],[77.932229179130104,8.657338071531532,0.0],[77.932521892118132,8.657679713986578,0.0]]]]}},
{"type":"Feature","properties":{"Tank_name":"Dharmaneri","id":10746},"geometry":{"type":"MultiPolygon","coordinates":[[[[77.939748576670326,8.655837934414922,0.0],[77.941845860157173,8.656002995354807,0.0],[77.944494580725546,8.65587352515233,0.0],[77.946149517651392,8.6554315182855,0.0],[77.946296103955277,8.655026694104437,0.0],[77.946166475965882,8.654419546845169,0.0],[77.945890417952114,8.654327620052316,0.0],[77.945025715021643,8.654235843311266,0.0],[77.94399566384169,8.654291304944799,0.0],[77.942473063679373,8.654461945176326,0.0],[77.940685423525821,8.654917726962124,0.0],[77.939748576670326,8.655837934414922,0.0]]]]}},
{"type":"Feature","properties":{"Tank_name":"Essankankulam","id":10747},"geometry":{"type":"MultiPolygon","coordinates":[[[[77.924426157470691,8.659120067254328,0.0],[77.925492768361437,8.660834012750886,0.0],[77.925714687389274,8.660260499018381,0.0],[77.925770594692437,8.659734950288945,0.0],[77.925390271022835,8.658863880905189,0.0],[77.925089660810684,8.658324115649494,0.0],[77.924499096110054,8.657580797033518,0.0],[77.923697012121281,8.65705157033813,0.0],[77.922991663368691,8.65670381576988,0.0],[77.922435465241065,8.655603461039931,0.0],[77.922039446470663,8.655196196688919,0.0],[77.921797298166112,8.654662570976297,0.0],[77.921841907354775,8.653946081898793,0.0],[77.92210218839881,8.653461979292473,0.0],[77.921850640751103,8.652899442950845,0.0],[77.921731469952647,8.652229459551144,0.0],[77.921611624160462,8.652002023743259,0.0],[77.921539855487268,8.651774660570862,0.0],[77.921515853507159,8.651750702745625,0.0],[77.921362269053745,8.650004197539742,0.0],[77.921111637618608,8.648843623474335,0.0],[77.920103291179103,8.648016804159129,0.0],[77.919756786377732,8.646676672622998,0.0],[77.918879815132001,8.646400245089602,0.0],[77.917040346255035,8.646756272448174,0.0],[77.915814511108749,8.646682639810161,0.0],[77.91466088340448,8.646549309836672,0.0],[77.91202969155124,8.645911358913674,0.0],[77.910659632768571,8.645837488568013,0.0],[77.909550725071938,8.64619720775949,0.0],[77.909005620412401,8.646785920916324,0.0],[77.908860507976044,8.647902033474905,0.0],[77.90893641836368,8.648717374002953,0.0],[77.909441035186774,8.648837760208162,0.0],[77.909490396996617,8.648012544495538,0.0],[77.910269503998975,8.647812883373222,0.0],[77.911606204487157,8.6477287435621,0.0],[77.912590621635161,8.648471822004055,0.0],[77.912778663563884,8.648747607949373,0.0],[77.913348218406071,8.647861516339056,0.0],[77.915668863147559,8.647603396500106,0.0],[77.917879056045052,8.648467938285979,0.0],[77.919032544705431,8.648696944956274,0.0],[77.920533676362027,8.649524513246615,0.0],[77.920916407985871,8.65075705207461,0.0],[77.920806754672583,8.651725708773988,0.0],[77.919437562677544,8.652959082299544,0.0],[77.918664155833525,8.653791673173641,0.0],[77.919683525135952,8.655276355798103,0.0],[77.920186397507422,8.656544959731841,0.0],[77.921531985292276,8.656929741598018,0.0],[77.922805076791363,8.657565585741203,0.0],[77.923621924976288,8.657877797686567,0.0],[77.924461777436392,8.658871806806063,0.0],[77.924426157470691,8.659120067254328,0.0]]]]}},
{"type":"Feature","properties":{"Tank_name":"Renganathan pudukulam","id":10748},"geometry":{"type":"MultiPolygon","coordinates":[[[[77.928276982434681,8.663506352044086,0.0],[77.928466642557481,8.664251671699057,0.0],[77.929393095209051,8.664644294157762,0.0],[77.930018118111477,8.664645226820374,0.0],[77.930463097989218,8.664478439221739,0.0],[77.930828991305447,8.664035382617055,0.0],[77.931244756444542,8.663914337029659,0.0],[77.932003226099184,8.663514435714955,0.0],[77.932712425609267,8.663381391957435,0.0],[77.933193426058793,8.663238576037415,0.0],[77.933157797040948,8.662951464234956,0.0],[77.932821408858743,8.662843318151589,0.0],[77.932172044363099,8.663045687507642,0.0],[77.93088594457214,8.663043774861146,0.0],[77.93033571062189,8.662838744340446,0.0],[77.929589050486967,8.662628765462276,0.0],[77.928818930796922,8.662801476162338,0.0],[77.928385682954371,8.663159651977651,0.0],[77.928276982434681,8.663506352044086,0.0]]]]}},
{"type":"Feature","properties":{"Tank_name":"Periakulam and senkulam","id":10751},"geometry":{"type":"MultiPolygon","coordinates":[[[[77.903384229344269,8.558823951150913,0.0],[77.904751252253789,8.55830629445008,0.0],[77.905879461319543,8.557631712308137,0.0],[77.906271795745511,8.556466136628819,0.0],[77.906304522258267,8.554731870594511,0.0],[77.905782027189204,8.554185179020672,0.0],[77.905836848733983,8.554575975892208,0.0],[77.904680252214561,8.556074964847355,0.0],[77.904107577152317,8.557300064856234,0.0],[77.903265230669376,8.558076217959174,0.0],[77.903384229344269,8.558823951150913,0.0]]]]}},
{"type":"Feature","properties":{"Tank_name":"chinthamani mela and keela kulam","id":10752},"geometry":{"type":"MultiPolygon","coordinates":[[[[77.889148346360074,8.556678693286065,0.0],[77.890649988293518,8.556920276859961,0.0],[77.892122350807398,8.556683377876846,0.0],[77.894313769781974,8.55663175112066,0.0],[77.895998242630412,8.556135563420487,0.0],[77.897020217686233,8.55588369028824,0.0],[77.896690996599062,8.555105726237246,0.0],[77.895658122885592,8.55395441296336,0.0],[77.897718825632339,8.553162122685615,0.0],[77.899309567684639,8.55188038749932,0.0],[77.899942468681999,8.550565682161961,0.0],[77.900425586084253,8.548981625635824,0.0],[77.900877165205188,8.548354382930851,0.0],[77.899536617340701,8.548896918735291,0.0],[77.897974446416626,8.549454156615779,0.0],[77.896159166588234,8.550389466903781,0.0],[77.895231512308584,8.552388590765979,0.0],[77.893868243639005,8.554443471886561,0.0],[77.892164515870093,8.554871553335261,0.0],[77.890129206485653,8.555522345659142,0.0],[77.888742338822951,8.556137411763698,0.0],[77.889148346360074,8.556678693286065,0.0]]]]}},
{"type":"Feature","properties":{"Tank_name":"nambikulam","id":10754},"geometry":{"type":"MultiPolygon","coordinates":[[[[77.911139969336489,8.578613995621044,0.0],[77.912966356806891,8.578736386299868,0.0],[77.914624948577952,8.578571454588831,0.0],[77.915587289531118,8.577927029595998,0.0],[77.916477781576461,8.577115042014062,0.0],[77.917969149011341,8.576280036975545,0.0],[77.918787822145163,8.57527656207782,0.0],[77.919188058633424,8.574039508497593,0.0],[77.919872710655341,8.573053481712122,0.0],[77.919514022760552,8.571856860792948,0.0],[77.918986812777675,8.570851359246285,0.0],[77.918049656844531,8.570754261813113,0.0],[77.91782511385108,8.572475018773607,0.0],[77.91599325365334,8.573660258857,0.0],[77.913673299523026,8.573920525030235,0.0],[77.912279266580029,8.574910896285255,0.0],[77.912322002207105,8.575769126890153,0.0],[77.912441178107684,8.576415191611819,0.0],[77.910449204859603,8.577362057110227,0.0],[77.910629143184536,8.578384487327838,0.0],[77.911139969336489,8.578613995621044,0.0]]]]}},
{"type":"Feature","properties":{"Tank_name":"peekankulam","id":10755},"geometry":{"type":"MultiPolygon","coordinates":[[[[77.915606538473497,8.656765961907462,0.0],[77.916885880076762,8.657559454801605,0.0],[77.918250110456128,8.658327021063231,0.0],[77.91869370150323,8.658725378334026,0.0],[77.919576177585725,8.658903152613263,0.0],[77.919173673594116,8.65802222919403,0.0],[77.917137268064295,8.656660388683109,0.0],[77.916369176974484,8.655912866076971,0.0],[77.915382543171177,8.655852743805415,0.0],[77.915606538473497,8.656765961907462,0.0]]]]}},
{"type":"Feature","properties":{"Tank_name":"padmanabamangala kelakulam","id":10756},"geometry":{"type":"MultiPolygon","coordinates":[[[[77.906517219853228,8.650328787298594,0.0],[77.906824585032837,8.651274104753497,0.0],[77.907871300525557,8.651407351459508,0.0],[77.908232212792569,8.651192616190047,0.0],[77.908560616952599,8.650654792609654,0.0],[77.90894003833543,8.65049041785004,0.0],[77.908984135324019,8.649959428668897,0.0],[77.908984940845414,8.649442725529065,0.0],[77.909692068848315,8.649185464309415,0.0],[77.909851279994868,8.648826887209669,0.0],[77.909100995732459,8.649012317671231,0.0],[77.908153859352026,8.649138627637136,0.0],[77.907007357540749,8.649616243711717,0.0],[77.90649271850809,8.649944358266005,0.0],[77.906517219853228,8.650328787298594,0.0]]]]}},
{"type":"Feature","properties":{"Tank_name":"padmanabamangala melakulam","id":10757},"geometry":{"type":"MultiPolygon","coordinates":[[[[77.900959068390662,8.650631108648881,0.0],[77.901631960396628,8.650746984157417,0.0],[77.90268040904553,8.650509406972967,0.0],[77.903652009210958,8.650223864161072,0.0],[77.903997591561094,8.650758950339064,0.0],[77.904237205703609,8.65107637999904,0.0],[77.904785806490025,8.650742332770134,0.0],[77.90497905954453,8.650139811890007,0.0],[77.90506697894935,8.649259637967257,0.0],[77.904990597121525,8.648915049901328,0.0],[77.905039289209313,8.64852281323398,0.0],[77.904818287850944,8.64842678381277,0.0],[77.90410645622795,8.64861704844906,0.0],[77.903255935102806,8.648946043784381,0.0],[77.90246153378645,8.649064208458666,0.0],[77.901941885275519,8.649331317523226,0.0],[77.901364665103486,8.649521787111311,0.0],[77.900892081753625,8.649912916781377,0.0],[77.900640588881856,8.650352980809332,0.0],[77.900959068390662,8.650631108648881,0.0]]]]}},
{"type":"Feature","properties":{"Tank_name":"chenthilanpannai","id":10758},"geometry":{"type":"MultiPolygon","coordinates":[[[[77.896091654692754,8.651915218281852,0.0],[77.896994899629348,8.652076056239451,0.0],[77.897956760417429,8.652090391157913,0.0],[77.898860240401262,8.652321457287925,0.0],[77.899590675136238,8.652533112741446,0.0],[77.899956513984492,8.65224662902496,0.0],[77.900332073628832,8.651893180059522,0.0],[77.900101880435827,8.651529213128995,0.0],[77.899804668140618,8.650983337906872,0.0],[77.899536545142979,8.650284410790144,0.0],[77.899911921321703,8.650045784823032,0.0],[77.900401969448893,8.650257061584314,0.0],[77.900479224934614,8.650046673710166,0.0],[77.899921991021301,8.649758743074054,0.0],[77.89939281561675,8.649968422050623,0.0],[77.89826701923343,8.650473788901767,0.0],[77.897432833155889,8.651079565315863,0.0],[77.896583393612033,8.651064390440771,0.0],[77.895744038655465,8.65138468569538,0.0],[77.896091654692754,8.651915218281852,0.0]]]]}},
{"type":"Feature","properties":{"Tank_name":"Batterkulam","id":10759},"geometry":{"type":"MultiPolygon","coordinates":[[[[77.888428110923726,8.65170421813907,0.0],[77.889273137287148,8.651843549312701,0.0],[77.890350520939748,8.652384544559405,0.0],[77.891022396668916,8.653131962571241,0.0],[77.891512473651858,8.653324113527011,0.0],[77.892195380761734,8.653191238853321,0.0],[77.892897165657786,8.653278470009498,0.0],[77.893733535781095,8.653385050296018,0.0],[77.894358933690086,8.653137257717493,0.0],[77.894675454552754,8.6528820880109,0.0],[77.894800201324728,8.652427443207324,0.0],[77.894634454390101,8.65180017792393,0.0],[77.894669407476869,8.651396268418353,0.0],[77.894718064810988,8.651032739517278,0.0],[77.89473769272152,8.65078398759956,0.0],[77.894285818359648,8.650754567081799,0.0],[77.89387242069084,8.65071563839121,0.0],[77.893496933255548,8.651021237962624,0.0],[77.893206686017308,8.651633221203049,0.0],[77.892674821358554,8.651898687758317,0.0],[77.892072422236254,8.651918423741609,0.0],[77.891332409246786,8.651687601920532,0.0],[77.89063064321536,8.651590799572588,0.0],[77.890063584693578,8.651436799251906,0.0],[77.889737110159089,8.651158790420075,0.0],[77.889295144387859,8.650947577052181,0.0],[77.889006731099755,8.650918411083362,0.0],[77.888531451193671,8.651305235321368,0.0],[77.888428110923726,8.65170421813907,0.0]]]]}},
{"type":"Feature","properties":{"Tank_name":"vallakulam","id":10760},"geometry":{"type":"MultiPolygon","coordinates":[[[[77.904949667299164,8.580165771953196,0.0],[77.907385206421111,8.57949300475855,0.0],[77.909117364345718,8.578383307403243,0.0],[77.910020348519325,8.577272334937824,0.0],[77.910527933292286,8.575407226042966,0.0],[77.91052948178023,8.574402521312274,0.0],[77.910099035820906,8.573002450426861,0.0],[77.909127232123353,8.57199625762035,0.0],[77.908190318042486,8.571743646269649,0.0],[77.908151048266888,8.573824764442133,0.0],[77.907716111336867,8.575331157428753,0.0],[77.906993656567025,8.576262990008576,0.0],[77.906089866163171,8.578110289875799,0.0],[77.904572772552271,8.579688252522031,0.0],[77.904949667299164,8.580165771953196,0.0]]]]}},
{"type":"Feature","properties":{"Tank_name":"sathanerikulam","id":10761},"geometry":{"type":"MultiPolygon","coordinates":[[[[77.909262895958264,8.588547735054741,0.0],[77.9105015292307,8.589344670009819,0.0],[77.912017394204923,8.589504297167357,0.0],[77.91272459919945,8.588979590021395,0.0],[77.913861087464227,8.588150554839572,0.0],[77.914548489312466,8.586572773928102,0.0],[77.914550634204545,8.585173363547792,0.0],[77.914878009299386,8.583272092925082,0.0],[77.914915928532551,8.582052148539731,0.0],[77.914486009149996,8.580293258165558,0.0],[77.914410773422546,8.582338441265172,0.0],[77.914119829441859,8.583655274430548,0.0],[77.913215851358203,8.585745453011116,0.0],[77.911698838713107,8.586750606703339,0.0],[77.911018226814306,8.58753757144936,0.0],[77.908540587714455,8.587669334744353,0.0],[77.909262895958264,8.588547735054741,0.0]]]]}},
{"type":"Feature","properties":{"Tank_name":"kovaikulam","id":10762},"geometry":{"type":"MultiPolygon","coordinates":[[[[77.907596550470174,8.592942040753995,0.0],[77.909302071254871,8.592600184852667,0.0],[77.910302772259342,8.592046737220482,0.0],[77.911015054839837,8.591492846042007,0.0],[77.910938970884274,8.590956886365703,0.0],[77.910521022976297,8.590529744632784,0.0],[77.909734393160051,8.590516832224543,0.0],[77.908918938614562,8.591681008988946,0.0],[77.907730917284965,8.592195832726647,0.0],[77.907596550470174,8.592942040753995,0.0]]]]}},
{"type":"Feature","properties":{"Tank_name":"odapankulamkanmoi","id":10763},"geometry":{"type":"MultiPolygon","coordinates":[[[[77.884453042025896,8.596790601254584,0.0],[77.885527861368189,8.597997959548669,0.0],[77.886175994191035,8.598701557715341,0.0],[77.887626210111918,8.59905820298189,0.0],[77.888851935905109,8.599476812813716,0.0],[77.889506056693236,8.599248204442683,0.0],[77.890950069402081,8.598204147571355,0.0],[77.891934311194944,8.597422407262989,0.0],[77.892662124156075,8.596097806431251,0.0],[77.89310839667661,8.595043716346877,0.0],[77.892713858508699,8.59368880570805,0.0],[77.892401202506349,8.592382530813428,0.0],[77.892120670690488,8.592306278613812,0.0],[77.891880804761485,8.593166334924579,0.0],[77.8917832631209,8.594046491996735,0.0],[77.890641801101978,8.594907961695604,0.0],[77.889420779674111,8.595643515909142,0.0],[77.888156895985489,8.595721822660769,0.0],[77.887383570715045,8.595543362969906,0.0],[77.886372300572901,8.595543362485039,0.0],[77.885265857830404,8.595958770916221,0.0],[77.88462137277098,8.596314519211527,0.0],[77.884453042025896,8.596790601254584,0.0]]]]}},
{"type":"Feature","properties":{"Tank_name":"vellore","id":10764},"geometry":{"type":"MultiPolygon","coordinates":[[[[77.875342116149454,8.627132190285652,0.0],[77.87693984400363,8.629927002663944,0.0],[77.879398628941459,8.628378427606663,0.0],[77.88284922991626,8.626048447025111,0.0],[77.885393652275312,8.625223588317066,0.0],[77.888611581596649,8.624173802012217,0.0],[77.890997864584435,8.622277375624963,0.0],[77.891470823938732,8.619622843243977,0.0],[77.891367768406909,8.616429164495546,0.0],[77.890434324551507,8.613951813353566,0.0],[77.890205369227687,8.610773542269849,0.0],[77.891093220562922,8.60774523580579,0.0],[77.893709200535767,8.605178537228099,0.0],[77.895823949368534,8.602872710200984,0.0],[77.896942445800718,8.600702250677935,0.0],[77.89828172142731,8.598965393285939,0.0],[77.900827123080973,8.598359711689696,0.0],[77.905428869896554,8.597098956533307,0.0],[77.904882697884034,8.596615397054787,0.0],[77.903686574026963,8.596953950510741,0.0],[77.902125748010675,8.596928328941212,0.0],[77.900589789500714,8.596096107399282,0.0],[77.899159547194913,8.596434720694157,0.0],[77.896587349002161,8.598620982687368,0.0],[77.894406271582994,8.601457623019973,0.0],[77.890638540654507,8.604398744789115,0.0],[77.886817712645666,8.606585325180827,0.0],[77.884404400632647,8.610748999911507,0.0],[77.881586474003967,8.613519457780519,0.0],[77.879261335476457,8.616058213576347,0.0],[77.87897807213443,8.618087777856621,0.0],[77.876273074137785,8.618348658289984,0.0],[77.875785791877917,8.620422962309465,0.0],[77.874929577375383,8.621105807015255,0.0],[77.874555558611519,8.622407200951944,0.0],[77.873443811361582,8.622694573363551,0.0],[77.872029672120533,8.624327984245101,0.0],[77.872746037301752,8.625921123640779,0.0],[77.875053852430142,8.627024074776893,0.0],[77.875342116149454,8.627132190285652,0.0]]]]}},
{"type":"Feature","properties":{"Tank_name":"pillayarkulam","id":10765},"geometry":{"type":"MultiPolygon","coordinates":[[[[77.87256490100259,8.606675228185388,0.0],[77.874764922005397,8.607796822362131,0.0],[77.875721046253986,8.606935781524337,0.0],[77.875680575283553,8.60557188742972,0.0],[77.876533319853237,8.604277226669593,0.0],[77.876643767194963,8.602878002639944,0.0],[77.876141905147691,8.601118965173105,0.0],[77.875421969336642,8.600436037282259,0.0],[77.874773611616689,8.600076163553554,0.0],[77.874447667275817,8.600972687007854,0.0],[77.874190461319088,8.602935969965017,0.0],[77.873314329842572,8.603929048201589,0.0],[77.872366516488853,8.605094815883342,0.0],[77.87261209775545,8.605814214015354,0.0],[77.87256490100259,8.606675228185388,0.0]]]]}},
{"type":"Feature","properties":{"Tank_name":"kalvoi","id":10766},"geometry":{"type":"MultiPolygon","coordinates":[[[[77.880033353431187,8.599280565357759,0.0],[77.880015926315082,8.602188264017522,0.0],[77.880174083718757,8.60464193016392,0.0],[77.87884542933115,8.606721423419256,0.0],[77.877122002337074,8.608750741057916,0.0],[77.876966228994107,8.610491874865268,0.0],[77.87450451858399,8.610266245822208,0.0],[77.871572498435057,8.611183930091842,0.0],[77.871905768580305,8.612020231703303,0.0],[77.8721921861205,8.613240690314884,0.0],[77.871819391581411,8.614778150289247,0.0],[77.87262240675193,8.614712558096954,0.0],[77.873993763187585,8.614305772037349,0.0],[77.874596234416614,8.613082535501393,0.0],[77.875745532238255,8.611974274348512,0.0],[77.877314434536814,8.611550104708371,0.0],[77.87958747792122,8.610633302003796,0.0],[77.880706655155876,8.609702170525255,0.0],[77.881069580250895,8.60823158682371,0.0],[77.880743510053208,8.606116593603417,0.0],[77.881435123231256,8.605146309734161,0.0],[77.882663251792863,8.603712995681114,0.0],[77.882823907231469,8.60220219792258,0.0],[77.883137274640731,8.60051785599328,0.0],[77.882921281836701,8.598889557544526,0.0],[77.88280423031847,8.598475397694656,0.0],[77.881969725455193,8.598389274722825,0.0],[77.880747250299308,8.598619812942513,0.0],[77.880033353431187,8.599280565357759,0.0]]]]}},
{"type":"Feature","properties":{"Tank_name":"sundampariakulam","id":10767},"geometry":{"type":"MultiPolygon","coordinates":[[[[77.869539099052048,8.601239946552573,0.0],[77.872247927154717,8.601292044759495,0.0],[77.873869519888672,8.601388564245678,0.0],[77.874315571211227,8.599384314343286,0.0],[77.874538233518834,8.597955514021365,0.0],[77.875068616382009,8.596057844304275,0.0],[77.874425807538046,8.593310516546024,0.0],[77.874318425819325,8.592386008673998,0.0],[77.873910359993886,8.592501564337669,0.0],[77.873197677668031,8.593758348185132,0.0],[77.871646948369758,8.59480142218613,0.0],[77.871462398189024,8.596661971678568,0.0],[77.870882604361071,8.598455129992022,0.0],[77.870136765511347,8.600480496583513,0.0],[77.869617332375441,8.600534221680888,0.0],[77.869539099052048,8.601239946552573,0.0]]]]}},
{"type":"Feature","properties":{"Tank_name":"chettiyappan kulam","id":10768},"geometry":{"type":"MultiPolygon","coordinates":[[[[77.864854189256349,8.603009601983176,0.0],[77.866117255374604,8.602322577100129,0.0],[77.865953153638856,8.600844730493698,0.0],[77.866627416748926,8.599058148947108,0.0],[77.866830776742788,8.596653678586694,0.0],[77.867534140121577,8.595794370371079,0.0],[77.867717254553654,8.594072330971125,0.0],[77.866819107273656,8.592191376590648,0.0],[77.866859151276998,8.589765071444299,0.0],[77.866424732535322,8.590370581543631,0.0],[77.86644755264318,8.593728837924177,0.0],[77.865691434956091,8.595155389439364,0.0],[77.864501939252179,8.596473719591634,0.0],[77.86518693471686,8.598086960860613,0.0],[77.866022019699315,8.599145498283288,0.0],[77.864927875896541,8.602105323995213,0.0],[77.864854189256349,8.603009601983176,0.0]]]]}},
{"type":"Feature","properties":{"Tank_name":"pettaikulam","id":10769},"geometry":{"type":"MultiPolygon","coordinates":[[[[77.842742648653982,8.598189312160441,0.0],[77.847409575903598,8.600174275989295,0.0],[77.850978025827558,8.600610892367765,0.0],[77.855043299076215,8.601163837057499,0.0],[77.857901652938551,8.601202941532073,0.0],[77.860143223216497,8.600504762342794,0.0],[77.858092795717539,8.59979694513936,0.0],[77.856460775163299,8.59904609068194,0.0],[77.856029947051212,8.5978978312192,0.0],[77.854524687669468,8.598221848423627,0.0],[77.851485293306013,8.598453074639904,0.0],[77.848905874151569,8.598334307736067,0.0],[77.846145913328897,8.598087830176537,0.0],[77.843597310868745,8.59792078494176,0.0],[77.842742648653982,8.598189312160441,0.0]]]]}},
{"type":"Feature","properties":{"Tank_name":"idalayankulam","id":10770},"geometry":{"type":"MultiPolygon","coordinates":[[[[77.834222031690345,8.584358574076141,0.0],[77.835086911326115,8.586029843536423,0.0],[77.835655380625752,8.587755106763639,0.0],[77.836251415166629,8.589911715508592,0.0],[77.837842302844408,8.590027989574089,0.0],[77.839163251648955,8.589738864744076,0.0],[77.841109676192943,8.589439240910828,0.0],[77.843338909772172,8.589047207385688,0.0],[77.845737409514868,8.588803960501952,0.0],[77.846976687225649,8.588399252135501,0.0],[77.846814546603596,8.588102739296906,0.0],[77.845386288895824,8.588291819703306,0.0],[77.844416046950755,8.588345985129399,0.0],[77.843459657444768,8.588018528089355,0.0],[77.841666158670023,8.587888373923523,0.0],[77.83961782222697,8.587969773438612,0.0],[77.837865016304491,8.587377111364153,0.0],[77.837055803062412,8.586945965183912,0.0],[77.835665648020267,8.585423208716655,0.0],[77.835031244203961,8.584789720190974,0.0],[77.834222031690345,8.584358574076141,0.0]]]]}},
{"type":"Feature","properties":{"Tank_name":"Aachampadukulam","id":10771},"geometry":{"type":"MultiPolygon","coordinates":[[[[77.856475048000988,8.573778937861334,0.0],[77.858813120971334,8.572169564831661,0.0],[77.859536459003522,8.570771364312607,0.0],[77.860368299856091,8.569158049139165,0.0],[77.860659333052482,8.567579719125968,0.0],[77.859651631718506,8.566573352069241,0.0],[77.858390629532707,8.56614067546977,0.0],[77.858386359501509,8.5686882955257,0.0],[77.857518944125474,8.570014490277419,0.0],[77.856759671591192,8.571340862686752,0.0],[77.854897825273454,8.574090791453317,0.0],[77.856475048000988,8.573778937861334,0.0]]]]}},
{"type":"Feature","properties":{"Tank_name":"Arasanarkulam","id":10773},"geometry":{"type":"MultiPolygon","coordinates":[[[[77.844913826908979,8.552594865170951,0.0],[77.845452662373361,8.555071152681377,0.0],[77.848398158754193,8.555940498091024,0.0],[77.851100478620793,8.555203575341881,0.0],[77.853160967041887,8.554855012694912,0.0],[77.854685507339724,8.554064846146195,0.0],[77.855455722595934,8.553577068187455,0.0],[77.855032696408287,8.553304977300231,0.0],[77.853221594248538,8.553070991826175,0.0],[77.852428418446678,8.553141429561522,0.0],[77.851094887712691,8.552995667697711,0.0],[77.850375084352805,8.552312701279572,0.0],[77.84929511018828,8.551449718176148,0.0],[77.846759501946124,8.55176445847786,0.0],[77.845019863980866,8.55187199025791,0.0],[77.844913826908979,8.552594865170951,0.0]]]]}},
{"type":"Feature","properties":{"Tank_name":"Tamiraparani","id":10774},"geometry":{"type":"MultiPolygon","coordinates":[[[[77.84077878199281,8.562233895698959,0.0],[77.84331237842035,8.561432124802918,0.0],[77.844283265200588,8.560921167605468,0.0],[77.846249615865588,8.560251363471892,0.0],[77.847522592893327,8.559312073325117,0.0],[77.847644220592244,8.558451110148889,0.0],[77.848655364944705,8.557400274920472,0.0],[77.848398158754193,8.555940498091024,0.0],[77.847782350942737,8.555806793740048,0.0],[77.84670079818207,8.557547260379433,0.0],[77.84482911677523,8.558913116627691,0.0],[77.842649418747826,8.560131804201825,0.0],[77.840831383126172,8.561577964521293,0.0],[77.84077878199281,8.562233895698959,0.0]]]]}},
{"type":"Feature","properties":{"Tank_name":"kallathikulam","id":10775},"geometry":{"type":"MultiPolygon","coordinates":[[[[77.827639536764153,8.563724585373677,0.0],[77.829344976288596,8.564543654072807,0.0],[77.830384569048618,8.564741903304602,0.0],[77.831711546027421,8.564343210562813,0.0],[77.832926496294306,8.564167111732541,0.0],[77.833601072938322,8.563211424446889,0.0],[77.834323420000018,8.56242326688457,0.0],[77.834492977136051,8.561658077884728,0.0],[77.83330116123463,8.561923172598632,0.0],[77.831784475399814,8.562535529036186,0.0],[77.829732741333899,8.562765051163092,0.0],[77.828553646144414,8.563429275065182,0.0],[77.827639536764153,8.563724585373677,0.0]]]]}},
{"type":"Feature","properties":{"Tank_name":"udayanerikulam","id":10776},"geometry":{"type":"MultiPolygon","coordinates":[[[[77.819727942802785,8.575401123286211,0.0],[77.822029746295499,8.576186020563631,0.0],[77.824813112767032,8.577062361022978,0.0],[77.826582700029562,8.577360630855713,0.0],[77.828121339387238,8.577076257714756,0.0],[77.829228761632905,8.576001728293532,0.0],[77.83069571313132,8.57547800728833,0.0],[77.831802455083206,8.574786208337729,0.0],[77.833198383658313,8.573640401535192,0.0],[77.834665030343956,8.573284112631212,0.0],[77.835604026152922,8.572304957379115,0.0],[77.835436791811134,8.571730559115458,0.0],[77.835090724302859,8.571108357067157,0.0],[77.833033070955665,8.571965627893585,0.0],[77.830557039853275,8.572320162376723,0.0],[77.828247724632263,8.573536135180859,0.0],[77.826154652049198,8.574776391712605,0.0],[77.824567194383832,8.575491254110613,0.0],[77.823173436755184,8.575393128100623,0.0],[77.821051340162725,8.574340619855258,0.0],[77.820434331233216,8.575005576791181,0.0],[77.819727942802785,8.575401123286211,0.0]]]]}},
{"type":"Feature","properties":{"Tank_name":"devanarkulam","id":10777},"geometry":{"type":"MultiPolygon","coordinates":[[[[77.819854497697889,8.571697885134384,0.0],[77.821785787633132,8.571850354349605,0.0],[77.822651779775242,8.571397371204025,0.0],[77.824647149234622,8.57104204730925,0.0],[77.825994384956928,8.570255000218085,0.0],[77.827870842511061,8.569181814295632,0.0],[77.828546993447802,8.567341054406004,0.0],[77.828741310565221,8.566169250983583,0.0],[77.827854957069832,8.566802861951697,0.0],[77.825356109851299,8.567205777550237,0.0],[77.823183972042372,8.567423376301447,0.0],[77.82229636887304,8.568526202305986,0.0],[77.821045221768358,8.56933732655386,0.0],[77.819248444237587,8.570207508620223,0.0],[77.819311454800456,8.571247971156067,0.0],[77.819854497697889,8.571697885134384,0.0]]]]}},
{"type":"Feature","properties":{"Tank_name":"aramboondarkulam","id":10778},"geometry":{"type":"MultiPolygon","coordinates":[[[[77.813016277008316,8.566819486967589,0.0],[77.813718604838783,8.567434607180209,0.0],[77.814704757911031,8.56698185511735,0.0],[77.816147571335463,8.56650598759048,0.0],[77.817614158338316,8.566173683533245,0.0],[77.818264998028084,8.565074457176118,0.0],[77.818002642429491,8.563949698008408,0.0],[77.816676694199231,8.563370385916542,0.0],[77.815188894210706,8.563714649047947,0.0],[77.813220226338103,8.563917309148417,0.0],[77.812137606373497,8.564561255657075,0.0],[77.81160721467802,8.56549323684759,0.0],[77.813016277008316,8.566819486967589,0.0]]]]}},
{"type":"Feature","properties":{"Tank_name":"laddikulam","id":10779},"geometry":{"type":"MultiPolygon","coordinates":[[[[77.813226145037603,8.574012053183132,0.0],[77.814107217493103,8.575442319216929,0.0],[77.815338071681083,8.575577962935476,0.0],[77.817381051465446,8.575598219540174,0.0],[77.818775360643812,8.575385391939696,0.0],[77.81958265631539,8.574871077242642,0.0],[77.819571179625527,8.573855839136856,0.0],[77.819091922809434,8.57306559489694,0.0],[77.818587825366265,8.572729808976415,0.0],[77.816908605226516,8.572961247610573,0.0],[77.815366716327446,8.573106850244981,0.0],[77.813611618626283,8.573486473023877,0.0],[77.813226145037603,8.574012053183132,0.0]]]]}},
{"type":"Feature","properties":{"Tank_name":"kadamankulam","id":10780},"geometry":{"type":"MultiPolygon","coordinates":[[[[77.805715030278805,8.589126168175387,0.0],[77.807456799187051,8.58804344914444,0.0],[77.809069626197342,8.586634996841175,0.0],[77.809865036481881,8.585495336436731,0.0],[77.810112677506083,8.583978542356087,0.0],[77.810383721228618,8.582318389842413,0.0],[77.810474857254889,8.580394095461466,0.0],[77.81038131279962,8.57895865970551,0.0],[77.809426974451057,8.578358273283458,0.0],[77.807873015730422,8.577820908459209,0.0],[77.806509995180036,8.577714498150526,0.0],[77.805838781445345,8.579481506571581,0.0],[77.805008559296496,8.58082863125062,0.0],[77.804990749722791,8.582848130051747,0.0],[77.806288563809503,8.58285046641905,0.0],[77.807292546053731,8.58441809639837,0.0],[77.807437985231601,8.586066406965005,0.0],[77.806713397627064,8.587133110470955,0.0],[77.805524473995732,8.588465755019977,0.0],[77.805715030278805,8.589126168175387,0.0]]]]}},
{"type":"Feature","properties":{"Tank_name":"senkulam","id":10781},"geometry":{"type":"MultiPolygon","coordinates":[[[[77.817428263808154,8.603055759150239,0.0],[77.819395966860327,8.60473776627034,0.0],[77.819535734638677,8.60722581355498,0.0],[77.818923282946287,8.60896163446043,0.0],[77.819644620317831,8.608766464842974,0.0],[77.820728644998979,8.606848392360636,0.0],[77.821230496004603,8.604239085450258,0.0],[77.821474649357427,8.601514212761774,0.0],[77.822408378286681,8.600455213915017,0.0],[77.823346461979952,8.599816971628064,0.0],[77.82286908161349,8.598271322086463,0.0],[77.8228725616096,8.595988749524597,0.0],[77.822285821550437,8.594241367334124,0.0],[77.822029243744765,8.592602658566278,0.0],[77.821000912619425,8.590278052465688,0.0],[77.820358458628093,8.590206669182798,0.0],[77.81936264631689,8.592073818325762,0.0],[77.817804368771263,8.594556634499627,0.0],[77.81574811734248,8.595894129900568,0.0],[77.81364837889592,8.597416435317701,0.0],[77.812699510093154,8.599558899141753,0.0],[77.813633264374289,8.601755465539741,0.0],[77.81463118638149,8.602879994141183,0.0],[77.816201839341417,8.603320755516972,0.0],[77.817428263808154,8.603055759150239,0.0]]],[[[77.818923282946287,8.60896163446043,0.0],[77.81818629585608,8.609161036727102,0.0],[77.818899335227215,8.609029507104781,0.0],[77.818923282946287,8.60896163446043,0.0]]]]}},
{"type":"Feature","properties":{"Tank_name":"vaigaikulam","id":10782},"geometry":{"type":"MultiPolygon","coordinates":[[[[77.878366436203322,8.574938661344527,0.0],[77.882280688239177,8.57426781113714,0.0],[77.885156632136102,8.574076558381265,0.0],[77.886120368541796,8.572582998375809,0.0],[77.88624341321011,8.570789081535555,0.0],[77.886187070958513,8.56845664562359,0.0],[77.885310794865873,8.56930559213815,0.0],[77.883649917190255,8.570768950566293,0.0],[77.882569587415816,8.571891477715708,0.0],[77.880528431526415,8.573635496153788,0.0],[77.87843937387143,8.574339923553985,0.0],[77.878366436203322,8.574938661344527,0.0]]]]}},
{"type":"Feature","properties":{"Tank_name":"kalkurichi","id":10829},"geometry":{"type":"MultiPolygon","coordinates":[[[[77.772065053860004,8.791515888931556,0.0],[77.772864068881063,8.791667771526436,0.0],[77.773787510422963,8.791739508797187,0.0],[77.775306184509986,8.790818748474484,0.0],[77.777030811398674,8.79112961189548,0.0],[77.779460462783334,8.790991885872959,0.0],[77.780541584318527,8.791502267027091,0.0],[77.781150368346559,8.793579527448776,0.0],[77.782871330780239,8.793857539135146,0.0],[77.784064425499452,8.793436099567758,0.0],[77.785507053666947,8.793759062287426,0.0],[77.78593709769828,8.794416799251556,0.0],[77.786171207162511,8.794070849037961,0.0],[77.785737079169522,8.792859212133163,0.0],[77.785707769235557,8.792203174273867,0.0],[77.784986919855498,8.79166461594648,0.0],[77.783302906426428,8.791666533071277,0.0],[77.781668910366264,8.791074121997067,0.0],[77.780320829766012,8.790397774053742,0.0],[77.778020033506294,8.789763191978365,0.0],[77.775804976459682,8.789576079888068,0.0],[77.773757552503653,8.789399136908015,0.0],[77.772294673769139,8.789623493606401,0.0],[77.771526456171514,8.79025901192543,0.0],[77.771615871819051,8.790647895965467,0.0],[77.772065053860004,8.791515888931556,0.0]]]]}},
{"type":"Feature","properties":{"Tank_name":"udayaneri","id":10831},"geometry":{"type":"MultiPolygon","coordinates":[[[[77.777934126657044,8.805208385404983,0.0],[77.778944996406508,8.805382643317266,0.0],[77.77974889018131,8.804860312772426,0.0],[77.780459470469623,8.803841559570232,0.0],[77.780774832783678,8.802588382532349,0.0],[77.780863181404143,8.801026173387166,0.0],[77.780787750095513,8.799302665576231,0.0],[77.780371904909529,8.79799486631156,0.0],[77.779613154583089,8.797205249291757,0.0],[77.778245454165102,8.796808337772259,0.0],[77.777836098832012,8.796801063499599,0.0],[77.778001151993095,8.797802524717399,0.0],[77.777944205539271,8.798613113162292,0.0],[77.777604031818541,8.799380548556526,0.0],[77.777407222410417,8.80046393900928,0.0],[77.777361725521359,8.801342953361951,0.0],[77.777381663025722,8.801955984902415,0.0],[77.777730468116332,8.802864402925268,0.0],[77.777891239068509,8.803565759249583,0.0],[77.777811237267429,8.804337568360909,0.0],[77.777742455405871,8.805175344000725,0.0],[77.777934126657044,8.805208385404983,0.0]]]]}},
{"type":"Feature","properties":{"Tank_name":"alanganeri","id":10832},"geometry":{"type":"MultiPolygon","coordinates":[[[[77.778590213799305,8.805701913629354,0.0],[77.779075953560138,8.806320104773077,0.0],[77.779064370115535,8.807334320586568,0.0],[77.779186990941383,8.808588000613772,0.0],[77.779464408324188,8.809382699636153,0.0],[77.78013411596865,8.809970399941308,0.0],[77.781100988419368,8.809990255299731,0.0],[77.781550964460067,8.809885576473569,0.0],[77.781934342269452,8.809747552824195,0.0],[77.783360539454748,8.809644185444514,0.0],[77.784149033931911,8.809343804046026,0.0],[77.784181526821357,8.809923906583899,0.0],[77.783665404552849,8.810730285362199,0.0],[77.783529594127302,8.811629679316724,0.0],[77.783520242141847,8.81212109148114,0.0],[77.783547917501522,8.812272539268728,0.0],[77.783839457162898,8.81219052972671,0.0],[77.784490926442416,8.811631276476756,0.0],[77.784810237126933,8.810655918140039,0.0],[77.784726933033326,8.81012638816528,0.0],[77.785004731901211,8.809059251417073,0.0],[77.785150934797102,8.808561109584689,0.0],[77.784825611992858,8.80766107150893,0.0],[77.784278352116331,8.807124206216066,0.0],[77.783483418356994,8.806553130745028,0.0],[77.783520560239211,8.806022410091941,0.0],[77.783309364113833,8.805801937120423,0.0],[77.782386006692093,8.805761903944077,0.0],[77.781586829706754,8.806171815217716,0.0],[77.781067029733137,8.806362188031926,0.0],[77.779566600758514,8.806282771512924,0.0],[77.779479739639186,8.806022541546358,0.0],[77.779152308114917,8.805660246592302,0.0],[77.778659225625347,8.805499818657234,0.0],[77.778490784527023,8.805496110706347,0.0],[77.778590213799305,8.805701913629354,0.0]]]]}},
{"type":"Feature","properties":{"Tank_name":"alangapaneri","id":10834},"geometry":{"type":"MultiPolygon","coordinates":[[[[77.779743267929888,8.813961673958579,0.0],[77.780816850635588,8.815331220297784,0.0],[77.781142806681501,8.818336663730895,0.0],[77.782461356645868,8.819137591738588,0.0],[77.782729293560507,8.821840820172293,0.0],[77.783415861449413,8.822535725381146,0.0],[77.785456428415955,8.821737015267036,0.0],[77.7868430044485,8.820249539738956,0.0],[77.787349245199053,8.818726168625028,0.0],[77.786733610681097,8.817114140033006,0.0],[77.785025369390951,8.81586079770511,0.0],[77.783853561189574,8.81559095764727,0.0],[77.782775077279268,8.813675243736586,0.0],[77.782490110794299,8.812142323205974,0.0],[77.78040503727108,8.81317700513018,0.0],[77.779743267929888,8.813961673958579,0.0]]]]}},
{"type":"Feature","properties":{"Tank_name":"kuppakurichikulam","id":10835},"geometry":{"type":"MultiPolygon","coordinates":[[[[77.786171207162511,8.794070849037961,0.0],[77.786714311980532,8.794664853169134,0.0],[77.786743932242487,8.796304610139359,0.0],[77.787009693910434,8.798706668234946,0.0],[77.788006581082684,8.800811483952875,0.0],[77.788509917807318,8.802979918040952,0.0],[77.788567612790118,8.80428058572047,0.0],[77.789011718572141,8.805738643511647,0.0],[77.789639549990909,8.806754996355595,0.0],[77.791335557361364,8.807898014522962,0.0],[77.792696985238877,8.808395594502233,0.0],[77.79380196215179,8.809594171381349,0.0],[77.794119685148658,8.809792536780291,0.0],[77.795285970573516,8.809307199458216,0.0],[77.79575707267243,8.808320196064066,0.0],[77.797092449595155,8.807785629327446,0.0],[77.797088277858705,8.80710955203773,0.0],[77.796823450262252,8.805844965979688,0.0],[77.796848125758828,8.804695795984456,0.0],[77.797045037527369,8.804328618181806,0.0],[77.79702859747654,8.803120224844079,0.0],[77.797020592900111,8.802531869722566,0.0],[77.796642119087039,8.80217884633165,0.0],[77.795710715809392,8.800941474027574,0.0],[77.795008591573449,8.799741634960515,0.0],[77.793813576132408,8.79798064432385,0.0],[77.79272436723015,8.796551521454312,0.0],[77.791746272254599,8.795633773659466,0.0],[77.790174268688034,8.794317204623765,0.0],[77.787408158847157,8.794244090965542,0.0],[77.786171207162511,8.794070849037961,0.0]]]]}},
{"type":"Feature","properties":{"Tank_name":"kuppakurichi pudukulam","id":10836},"geometry":{"type":"MultiPolygon","coordinates":[[[[77.797045037527369,8.804328618181806,0.0],[77.798119319136433,8.803421925469872,0.0],[77.799918882625931,8.803215806504721,0.0],[77.801375580262246,8.803926023496606,0.0],[77.802471031583252,8.804051939748868,0.0],[77.802811094286469,8.805341747952882,0.0],[77.803482492375295,8.805015002900609,0.0],[77.804534039797289,8.804126193216542,0.0],[77.804818763256392,8.802987042392962,0.0],[77.804905526940729,8.802181424362145,0.0],[77.80501059086798,8.801162309332614,0.0],[77.80446935457141,8.8012510128386,0.0],[77.802956275770782,8.801866854395604,0.0],[77.801420761101909,8.801776835667388,0.0],[77.800396338169335,8.801810457691023,0.0],[77.798686314943751,8.8024450322373,0.0],[77.797549387458204,8.80283850054904,0.0],[77.797020592900111,8.802531869722566,0.0],[77.797045037527369,8.804328618181806,0.0]]]]}},
{"type":"Feature","properties":{"Tank_name":"keelapattamkeelakulam","id":10840},"geometry":{"type":"MultiPolygon","coordinates":[[[[77.79544040682822,8.766989139284592,0.0],[77.796627397460227,8.767208049191202,0.0],[77.797682589701424,8.767366720302823,0.0],[77.799475092032679,8.767418562490295,0.0],[77.800783692987054,8.766517705324267,0.0],[77.799544526234115,8.766246805911736,0.0],[77.798588738479268,8.76610305418515,0.0],[77.796587511340846,8.765584272162537,0.0],[77.796113311218832,8.766288504395067,0.0],[77.794812771067427,8.766328490810963,0.0],[77.794992433691675,8.76668763861014,0.0],[77.79544040682822,8.766989139284592,0.0]]]]}},
{"type":"Feature","properties":{"Tank_name":"marudur vadakalkullam","id":10842},"geometry":{"type":"MultiPolygon","coordinates":[[[[77.809704603897288,8.7708817178458,0.0],[77.811029283461792,8.769706218964608,0.0],[77.812188188329245,8.768573324849383,0.0],[77.812506376097602,8.766375886580922,0.0],[77.812559583756766,8.763929712110741,0.0],[77.812717374823066,8.761805820620511,0.0],[77.812978805637414,8.760389028157897,0.0],[77.812814734761147,8.760238876043479,0.0],[77.812509153835563,8.759968314637907,0.0],[77.81208522512712,8.760369415277381,0.0],[77.812086311397707,8.761548337347127,0.0],[77.81201732577766,8.762600926655509,0.0],[77.811862213716736,8.763808964642513,0.0],[77.811585594361773,8.76442765008138,0.0],[77.811479461521344,8.76509719205489,0.0],[77.811493086516677,8.765436684105834,0.0],[77.811516597093998,8.765605043380321,0.0],[77.812132447649844,8.766072249717977,0.0],[77.811804594659719,8.766981713175918,0.0],[77.811599310120528,8.768284408047148,0.0],[77.810967768946171,8.769290532360483,0.0],[77.810092834028296,8.770166292307417,0.0],[77.809733592331625,8.770531751212413,0.0],[77.809704603897288,8.7708817178458,0.0]]]]}},
{"type":"Feature","properties":{"Tank_name":"kansapuram nochikulam","id":10843},"geometry":{"type":"MultiPolygon","coordinates":[[[[77.803854651894895,8.770607510510658,0.0],[77.804750319524203,8.770796467832666,0.0],[77.806422787433959,8.770687511859929,0.0],[77.807405146194242,8.770681469676525,0.0],[77.808372571244675,8.770830430369219,0.0],[77.808527100079971,8.770486252371755,0.0],[77.808354963577628,8.769950109082899,0.0],[77.807797674751711,8.769642900776898,0.0],[77.807278114970018,8.769737631916732,0.0],[77.806979195606729,8.770205857739191,0.0],[77.806043309372498,8.770428656011958,0.0],[77.804906692229267,8.770263133768836,0.0],[77.803777654138713,8.770206831315383,0.0],[77.803615052134802,8.770267785762204,0.0],[77.803854651894895,8.770607510510658,0.0]]]]}},
{"type":"Feature","properties":{"Tank_name":"arampanniyarkulam","id":10844},"geometry":{"type":"MultiPolygon","coordinates":[[[[77.801647338980175,8.756484667829399,0.0],[77.802030804088702,8.757155160290459,0.0],[77.802594355952138,8.757469509065903,0.0],[77.802927101439678,8.757450645510652,0.0],[77.802762046756385,8.757003415186105,0.0],[77.802967518139468,8.756243153156902,0.0],[77.802533392705413,8.755835654370433,0.0],[77.802438034371377,8.755395334225963,0.0],[77.802399731586846,8.75493309042205,0.0],[77.802227868730995,8.754629478281545,0.0],[77.801880914536298,8.75501157245872,0.0],[77.801879737180442,8.755643081654775,0.0],[77.801628995645714,8.756006216309894,0.0],[77.801647338980175,8.756484667829399,0.0]]]]}},
{"type":"Feature","properties":{"Tank_name":"nambikulam","id":10845},"geometry":{"type":"MultiPolygon","coordinates":[[[[77.802371411892594,8.760179388286918,0.0],[77.803024719073193,8.760563327164299,0.0],[77.803177466008492,8.761175983331174,0.0],[77.803580423415227,8.761712553600779,0.0],[77.804060646272944,8.762077035367977,0.0],[77.804351111866495,8.761916040415086,0.0],[77.804360954973291,8.761809462134467,0.0],[77.803889124454287,8.761215567651597,0.0],[77.803601475687557,8.760736620220497,0.0],[77.803294805489756,8.760142817315717,0.0],[77.80316086693891,8.759759836345387,0.0],[77.802950306021174,8.759204483742081,0.0],[77.802974841181211,8.75892511214802,0.0],[77.802270721844948,8.759264519075598,0.0],[77.802333689276466,8.759777447879433,0.0],[77.802371411892594,8.760179388286918,0.0]]]]}},
{"type":"Feature","properties":{"Tank_name":"pottaikulam","id":10846},"geometry":{"type":"MultiPolygon","coordinates":[[[[77.802496858653939,8.76511688914537,0.0],[77.803783702911701,8.764981854825615,0.0],[77.805143912323686,8.764367712992806,0.0],[77.805692011766297,8.764070253294177,0.0],[77.805211358243795,8.763935413082537,0.0],[77.804691983977264,8.763934458034177,0.0],[77.804030667223543,8.764133336831678,0.0],[77.803441496228729,8.764008702477019,0.0],[77.803200544295322,8.764301978769444,0.0],[77.802365365744521,8.76474706435031,0.0],[77.802496858653939,8.76511688914537,0.0]]]]}},
{"type":"Feature","properties":{"Tank_name":"udayarkulam","id":10847},"geometry":{"type":"MultiPolygon","coordinates":[[[[77.806062510711499,8.76396089757111,0.0],[77.80701493345444,8.763563734139623,0.0],[77.807596774465495,8.763083761105113,0.0],[77.807851216011599,8.76273054948091,0.0],[77.808048453044933,8.762147013174733,0.0],[77.808028759955619,8.7617111529947,0.0],[77.80742171077307,8.762312848230144,0.0],[77.807146800277295,8.762742920732718,0.0],[77.806294355154577,8.763415926710762,0.0],[77.805875518093671,8.763659150957769,0.0],[77.806062510711499,8.76396089757111,0.0]]]]}},
{"type":"Feature","properties":{"Tank_name":"kalmadaikulam","id":10848},"geometry":{"type":"MultiPolygon","coordinates":[[[[77.808509885463224,8.766792833767328,0.0],[77.808277377903138,8.767696618279993,0.0],[77.807843418928854,8.768312982715173,0.0],[77.80742449724697,8.768599265735155,0.0],[77.807467353635957,8.768828984897686,0.0],[77.80788582388783,8.768786694180982,0.0],[77.808320985850969,8.768624636315801,0.0],[77.808687475295187,8.768059216918097,0.0],[77.808761756138949,8.767275695660686,0.0],[77.808885363608653,8.766592585105826,0.0],[77.809402380726908,8.765827575975731,0.0],[77.809483008354903,8.764843142277739,0.0],[77.809165144970507,8.763816843701624,0.0],[77.809252791818977,8.763454006374346,0.0],[77.809930383680836,8.763031619870782,0.0],[77.809903580362402,8.762087746030515,0.0],[77.809818183162477,8.7614560779648,0.0],[77.809805104765474,8.761203642304617,0.0],[77.809474554388544,8.761535595008294,0.0],[77.80936333695108,8.762250015328885,0.0],[77.809079677295003,8.762933041462631,0.0],[77.80870311568556,8.763721743002655,0.0],[77.808399881962089,8.76386471374242,0.0],[77.807980700391397,8.764294522801922,0.0],[77.80773464307525,8.764724648454953,0.0],[77.807632431255513,8.765384678094843,0.0],[77.807760814334614,8.766174303002005,0.0],[77.808179520531354,8.766002839285751,0.0],[77.808409558739541,8.766433836612235,0.0],[77.808509885463224,8.766792833767328,0.0]]]]}},
{"type":"Feature","properties":{"Tank_name":"sambanthankulam","id":10849},"geometry":{"type":"MultiPolygon","coordinates":[[[[77.809454922189545,8.755681800202913,0.0],[77.810043556732069,8.756590974138566,0.0],[77.811024816629228,8.756463589565016,0.0],[77.811384456954443,8.757023994147048,0.0],[77.811858958987699,8.757886011161322,0.0],[77.811929800534529,8.75858941539067,0.0],[77.812050995843535,8.759073823176434,0.0],[77.812303479385506,8.758446472864746,0.0],[77.812443112878327,8.757834601335718,0.0],[77.812501303102565,8.757259130948281,0.0],[77.81254560832862,8.756207620504751,0.0],[77.812296430768342,8.75534640362576,0.0],[77.812356061706865,8.754298774989051,0.0],[77.812501435423812,8.753696231505785,0.0],[77.813289961549657,8.753391972715066,0.0],[77.813793233612444,8.752762735757914,0.0],[77.813552485918109,8.752788834075369,0.0],[77.812939795058256,8.752855252276696,0.0],[77.812541557278735,8.753354150989711,0.0],[77.811953616682231,8.753479947400747,0.0],[77.811940191910978,8.752934525637169,0.0],[77.810742092550484,8.753305511949947,0.0],[77.810092019950432,8.753777961721113,0.0],[77.809600030925282,8.754580807458968,0.0],[77.809319384919363,8.755217149753236,0.0],[77.809454922189545,8.755681800202913,0.0]]]]}},
{"type":"Feature","properties":{"Tank_name":"kumaranerikulam","id":10850},"geometry":{"type":"MultiPolygon","coordinates":[[[[77.812051283044298,8.726175839984647,0.0],[77.812650842142403,8.72727341513554,0.0],[77.81316740714631,8.728223208931258,0.0],[77.813687498070578,8.728366087741653,0.0],[77.813924518300254,8.729157909343481,0.0],[77.814538567816115,8.729635296241616,0.0],[77.814562750414993,8.730158453082286,0.0],[77.81473591451757,8.730922743038564,0.0],[77.814647473477322,8.731955969463662,0.0],[77.814835376343439,8.731755372709836,0.0],[77.815083286043247,8.730291856486179,0.0],[77.814881652398114,8.729166981516663,0.0],[77.814611547085391,8.727721303252666,0.0],[77.814340375288594,8.726329200454231,0.0],[77.814240810295942,8.725553980780322,0.0],[77.813799035192105,8.725820197390942,0.0],[77.812051283044298,8.726175839984647,0.0]]]]}},
{"type":"Feature","properties":{"Tank_name":"mannarkulam","id":10851},"geometry":{"type":"MultiPolygon","coordinates":[[[[77.812051283044298,8.726175839984647,0.0],[77.813519792423421,8.725877019899929,0.0],[77.814125798345742,8.72533848415166,0.0],[77.813953896411078,8.724677954432011,0.0],[77.813104335015765,8.723829615570068,0.0],[77.81286380413836,8.722752402783788,0.0],[77.81323867526217,8.721361213376287,0.0],[77.813587454046456,8.719955290024911,0.0],[77.813390619308933,8.719151131047797,0.0],[77.813002452114731,8.719524656131329,0.0],[77.811811396604853,8.720899346912795,0.0],[77.811651823409434,8.721387045616806,0.0],[77.81088661705806,8.721744472430265,0.0],[77.809848962425775,8.722515552970867,0.0],[77.810089133640048,8.723967674222827,0.0],[77.810107269861021,8.724757035868373,0.0],[77.811269739700819,8.725218492346825,0.0],[77.811409229264768,8.725945147219969,0.0],[77.812091078914548,8.725722322046133,0.0],[77.812051283044298,8.726175839984647,0.0]]]]}},
{"type":"Feature","properties":{"Tank_name":"pottaikulam","id":10852},"geometry":{"type":"MultiPolygon","coordinates":[[[[77.813390619308933,8.719151131047797,0.0],[77.814094673030567,8.71867882550405,0.0],[77.814499760136016,8.718033689916483,0.0],[77.814356762800358,8.717344507290514,0.0],[77.813968919840022,8.717125092467963,0.0],[77.813607040152377,8.7171278646838,0.0],[77.813418541992831,8.717658570042319,0.0],[77.813427689497217,8.71841585152999,0.0],[77.813156317563198,8.719064650029877,0.0],[77.813390619308933,8.719151131047797,0.0]]]]}},
{"type":"Feature","properties":{"Tank_name":"paraikulam","id":10853},"geometry":{"type":"MultiPolygon","coordinates":[[[[77.809952662284772,8.709527118870193,0.0],[77.809193662040201,8.710723407736921,0.0],[77.809224827898376,8.712039360995862,0.0],[77.809501817704259,8.713181558510417,0.0],[77.810323792343425,8.714189031679604,0.0],[77.811409036336926,8.714436017311385,0.0],[77.812097161752988,8.714512962591421,0.0],[77.812383205045691,8.715224074111523,0.0],[77.81288742954203,8.715977489266541,0.0],[77.813187820032667,8.716808741558566,0.0],[77.813094118752105,8.717336176823398,0.0],[77.813607040152377,8.7171278646838,0.0],[77.814357652354886,8.716856520638567,0.0],[77.814417236913329,8.71582324120458,0.0],[77.814246410095905,8.714574257038331,0.0],[77.814132813780589,8.713583722832853,0.0],[77.813456585976951,8.712620878065268,0.0],[77.813083235773561,8.711687284869242,0.0],[77.812753136191759,8.710768122175985,0.0],[77.812465919883877,8.710064325748403,0.0],[77.812135167355436,8.709503976361971,0.0],[77.811645452437034,8.709101217580866,0.0],[77.810650346913022,8.709194409418766,0.0],[77.809952662284772,8.709527118870193,0.0]]]]}},
{"type":"Feature","properties":{"Tank_name":"thuthukuli","id":10854},"geometry":{"type":"MultiPolygon","coordinates":[[[[77.834807495752912,8.65295220708407,0.0],[77.838017677979096,8.651152542640785,0.0],[77.845172326212165,8.648216677936015,0.0],[77.845395939401413,8.645841442842844,0.0],[77.845428107336858,8.643902870540847,0.0],[77.843765809500653,8.641351617678524,0.0],[77.839878245759806,8.64267443116873,0.0],[77.834861565645525,8.641844744992104,0.0],[77.835652372998567,8.64542477534795,0.0],[77.834573788848672,8.648219376614957,0.0],[77.833828640471452,8.652201481193561,0.0],[77.834807495752912,8.65295220708407,0.0]]]]}},
{"type":"Feature","properties":{"Tank_name":"karungulam","id":10855},"geometry":{"type":"MultiPolygon","coordinates":[[[[77.844774683903921,8.63677153886972,0.0],[77.848101218241951,8.637867665833387,0.0],[77.852748335471944,8.636907305766524,0.0],[77.854501008650345,8.634954450343827,0.0],[77.854003476960145,8.631035909298509,0.0],[77.854345631722282,8.628485550278624,0.0],[77.85017968544166,8.624746283499592,0.0],[77.848840033717906,8.623165147102862,0.0],[77.847018159615502,8.623876606449397,0.0],[77.846843479053419,8.628112800014877,0.0],[77.846637579395932,8.631174067416138,0.0],[77.844592033959159,8.634147112286497,0.0],[77.843784913647909,8.635818364828109,0.0],[77.844774683903921,8.63677153886972,0.0]]]]}},
{"type":"Feature","properties":{"Tank_name":"pottaikulam","id":10856},"geometry":{"type":"MultiPolygon","coordinates":[[[[77.854345631722282,8.628485550278624,0.0],[77.855959597254667,8.626229095392615,0.0],[77.858038318972973,8.624078753752864,0.0],[77.859896723736981,8.622097317528615,0.0],[77.859916788600088,8.621537700749403,0.0],[77.858891011286801,8.620768879505221,0.0],[77.857171813992167,8.620906117688234,0.0],[77.849412587950397,8.622982414419234,0.0],[77.848840033717906,8.623165147102862,0.0],[77.85017968544166,8.624746283499592,0.0],[77.854345631722282,8.628485550278624,0.0]]]]}},
{"type":"Feature","properties":{"Tank_name":"vallakulam","id":10857},"geometry":{"type":"MultiPolygon","coordinates":[[[[77.851761576409515,8.610866437675369,0.0],[77.852915920702898,8.613032317076417,0.0],[77.854563409222251,8.614503956531973,0.0],[77.856510797095055,8.614220166178757,0.0],[77.857614869510186,8.614179738272538,0.0],[77.857803791484841,8.613587784379643,0.0],[77.858133032138838,8.612248905510185,0.0],[77.858345011062383,8.611143188225007,0.0],[77.857466152683941,8.611026952622709,0.0],[77.855826664548559,8.611015050147699,0.0],[77.854729773241786,8.610551060640965,0.0],[77.853569785610702,8.609807479331533,0.0],[77.852826203708233,8.60876646444153,0.0],[77.852260582344201,8.609590407624484,0.0],[77.851761576409515,8.610866437675369,0.0]]]]}},
{"type":"Feature","properties":{"Tank_name":"veppankulam","id":10858},"geometry":{"type":"MultiPolygon","coordinates":[[[[77.847313627567544,8.610625381388729,0.0],[77.848869318096789,8.61128781751418,0.0],[77.850462156695173,8.611185437933111,0.0],[77.851761576409515,8.610866437675369,0.0],[77.852588258359305,8.608766464475558,0.0],[77.851021400700645,8.610140059259221,0.0],[77.849569017675847,8.610433605418429,0.0],[77.848231184336626,8.610625147696471,0.0],[77.847313627567544,8.610625381388729,0.0]]]]}},
{"type":"Feature","properties":{"Tank_name":"nochikulam","id":10859},"geometry":{"type":"MultiPolygon","coordinates":[[[[77.800028682799237,8.700346448669931,0.0],[77.801967984663989,8.702632975440567,0.0],[77.80302457485287,8.704360715266501,0.0],[77.804425940674903,8.702019071752929,0.0],[77.80670458829654,8.697696692860786,0.0],[77.808705674086227,8.694386607897579,0.0],[77.810812532300417,8.693390269634328,0.0],[77.810928389103537,8.692496947107212,0.0],[77.81045772217405,8.690974076207596,0.0],[77.809022303365168,8.690535117172585,0.0],[77.806260104643755,8.69187582103693,0.0],[77.806201603417392,8.694035785501008,0.0],[77.804067336044383,8.696350103141153,0.0],[77.803075857052775,8.696969845171617,0.0],[77.800752771921736,8.69858126877681,0.0],[77.800028682799237,8.700346448669931,0.0]]]]}},
{"type":"Feature","properties":{"Tank_name":"kuthuparaikulam","id":10860},"geometry":{"type":"MultiPolygon","coordinates":[[[[77.799173650262077,8.704974250561829,0.0],[77.801469581574295,8.705247823215682,0.0],[77.802190272176929,8.706087248232334,0.0],[77.802209860685409,8.707817864084321,0.0],[77.803375662872796,8.708451555470662,0.0],[77.805538286486311,8.708510046581383,0.0],[77.805396575338349,8.708074074384811,0.0],[77.804367090688686,8.706926300978607,0.0],[77.803149189742541,8.705795711459682,0.0],[77.802322212148695,8.705103714470681,0.0],[77.801194148937796,8.704305476285349,0.0],[77.800011994585333,8.704220103804564,0.0],[77.799036140535151,8.704648723214135,0.0],[77.799173650262077,8.704974250561829,0.0]]]]}},
{"type":"Feature","properties":{"Tank_name":"uthamapandiyankulam","id":10861},"geometry":{"type":"MultiPolygon","coordinates":[[[[77.801837677994882,8.716696527640821,0.0],[77.802856670573235,8.717407625338174,0.0],[77.804083849899101,8.71742126130748,0.0],[77.803734690650785,8.717044748794152,0.0],[77.803829883151963,8.715790851868578,0.0],[77.803651693339091,8.714642320090103,0.0],[77.803300226957589,8.713344039469028,0.0],[77.803439766147406,8.712237876783428,0.0],[77.80297544268214,8.712665210382724,0.0],[77.802447076961954,8.713753304344323,0.0],[77.801127956910662,8.714278873618293,0.0],[77.801559112531251,8.715140819811813,0.0],[77.801836667544109,8.715985169129128,0.0],[77.801837677994882,8.716696527640821,0.0]]]]}},
{"type":"Feature","properties":{"Tank_name":"melasirukulam","id":10862},"geometry":{"type":"MultiPolygon","coordinates":[[[[77.800190997813559,8.72240678482189,0.0],[77.801657883886463,8.721719368889584,0.0],[77.803473076004309,8.721144804083478,0.0],[77.804545368746162,8.720881007251153,0.0],[77.804976274441273,8.719919313655218,0.0],[77.804797682122725,8.718986070006933,0.0],[77.804509507266928,8.718806135430597,0.0],[77.804081556766434,8.718942351129014,0.0],[77.802952687295871,8.71912145779813,0.0],[77.801645494051897,8.719620601549119,0.0],[77.800555544832307,8.720703204829139,0.0],[77.799888936828438,8.721729231117589,0.0],[77.800190997813559,8.72240678482189,0.0]]]]}},
{"type":"Feature","properties":{"Tank_name":"ariyakulam","id":10863},"geometry":{"type":"MultiPolygon","coordinates":[[[[77.796052221996277,8.726712247419472,0.0],[77.79695433925599,8.727859677369636,0.0],[77.798974391415598,8.728716276413619,0.0],[77.800021171102671,8.729456902795805,0.0],[77.800850543509682,8.730517187605656,0.0],[77.800812694084868,8.728666728328628,0.0],[77.800045927608011,8.727381724133476,0.0],[77.799547135475621,8.725750188974937,0.0],[77.798927746260105,8.724032309182673,0.0],[77.798515999293556,8.722978095031943,0.0],[77.798079186472449,8.722208257845452,0.0],[77.796699634278369,8.722368409879637,0.0],[77.795973949693504,8.722731777982933,0.0],[77.79566173409043,8.724299348011858,0.0],[77.795483827381972,8.725332295371933,0.0],[77.796052221996277,8.726712247419472,0.0]]]]}},
{"type":"Feature","properties":{"Tank_name":"uthirsankulam","id":10864},"geometry":{"type":"MultiPolygon","coordinates":[[[[77.802958874977875,8.731413520150031,0.0],[77.804189012735435,8.73202281852606,0.0],[77.805315497265326,8.732384164806712,0.0],[77.805947241463301,8.73352056717329,0.0],[77.805793655579862,8.734481517708053,0.0],[77.806887449161707,8.733644316156177,0.0],[77.807175985229222,8.733148288179814,0.0],[77.80708263311881,8.732879669648206,0.0],[77.806533675682672,8.731846570499126,0.0],[77.806037071500597,8.731309412825377,0.0],[77.805127267964423,8.730772360494294,0.0],[77.804705507306181,8.729822085907998,0.0],[77.803875325921979,8.729357141077063,0.0],[77.803099812831988,8.728820055015028,0.0],[77.803058991566886,8.729171366932055,0.0],[77.802926960713648,8.730762588352636,0.0],[77.802958874977875,8.731413520150031,0.0]]]]}},
{"type":"Feature","properties":{"Tank_name":"seetapanerkulam","id":10865},"geometry":{"type":"MultiPolygon","coordinates":[[[[77.803099139237275,8.738719734548368,0.0],[77.803495941028658,8.740297229554926,0.0],[77.803854530334192,8.741410210874466,0.0],[77.804101387729446,8.742021688261858,0.0],[77.805295754039321,8.7421663648334,0.0],[77.805586404455156,8.741018693459546,0.0],[77.805553461043431,8.739332208096119,0.0],[77.805375791834976,8.73789662714144,0.0],[77.805304724412849,8.737322394735781,0.0],[77.804373764535555,8.738086604116912,0.0],[77.803099139237275,8.738719734548368,0.0]]]]}},
{"type":"Feature","properties":{"Tank_name":"karunageriperikulam","id":10866},"geometry":{"type":"MultiPolygon","coordinates":[[[[77.802068298164059,8.734135086831229,0.0],[77.803148799096846,8.734459999701501,0.0],[77.804422525510091,8.73503840106927,0.0],[77.804438515882978,8.734658092553449,0.0],[77.804008109468455,8.734239313936255,0.0],[77.803075747138948,8.733462405419738,0.0],[77.802066598819778,8.7329390536994,0.0],[77.800871118660041,8.732799173310635,0.0],[77.801698294651686,8.73356747807909,0.0],[77.802068298164059,8.734135086831229,0.0]]]]}},
{"type":"Feature","properties":{"Tank_name":"marudur therkkukulam","id":10867},"geometry":{"type":"MultiPolygon","coordinates":[[[[77.80727242229095,8.750916119242332,0.0],[77.80848146871071,8.750908883730567,0.0],[77.809517383115761,8.750403370710499,0.0],[77.810306423423555,8.750039527043752,0.0],[77.810429120769413,8.748694198021191,0.0],[77.810371486349396,8.74734854042809,0.0],[77.810343301813262,8.746331849284395,0.0],[77.809652917863488,8.745852172757573,0.0],[77.810042201418,8.746630312549444,0.0],[77.810130715459138,8.747527508882024,0.0],[77.810098898988343,8.748484288283409,0.0],[77.809725499488579,8.749507111089887,0.0],[77.809314984460073,8.749828411348188,0.0],[77.808389982314026,8.749742182442114,0.0],[77.807324501888985,8.749453554668884,0.0],[77.806880065199394,8.750063170288774,0.0],[77.80727242229095,8.750916119242332,0.0]]]]}},
{"type":"Feature","properties":{"Tank_name":"pandarakulam","id":10868},"geometry":{"type":"MultiPolygon","coordinates":[[[[77.809540846893142,8.741426595135898,0.0],[77.809663221228874,8.743064178543817,0.0],[77.809889401553988,8.744425184204108,0.0],[77.809383304589232,8.74537326254862,0.0],[77.810225612627093,8.744956181031684,0.0],[77.810796985408786,8.744777814045728,0.0],[77.810678195203423,8.744000167288572,0.0],[77.810319682251745,8.742833368870967,0.0],[77.810141554034544,8.741636997489485,0.0],[77.810022325656433,8.741098559205584,0.0],[77.809540846893142,8.741426595135898,0.0]]]]}},
{"type":"Feature","properties":{"Tank_name":"alwanerikulam","id":10869},"geometry":{"type":"MultiPolygon","coordinates":[[[[77.811720524049591,8.740628291240526,0.0],[77.811965774558985,8.74233711510686,0.0],[77.812024682843642,8.743803567999464,0.0],[77.812479675221553,8.744990180301595,0.0],[77.81232334413744,8.745629704532677,0.0],[77.813109458699358,8.745738852658137,0.0],[77.812871265870015,8.744512471851047,0.0],[77.813322691374239,8.744184377341789,0.0],[77.81311340295899,8.743585974055128,0.0],[77.812964279431014,8.742957778601756,0.0],[77.81254641792998,8.741372257457511,0.0],[77.812278667474118,8.739876711990599,0.0],[77.811768838163104,8.739277762683468,0.0],[77.811340739758194,8.740140870663344,0.0],[77.811720524049591,8.740628291240526,0.0]]]]}},
{"type":"Feature","properties":{"Tank_name":"veppankulam","id":10870},"geometry":{"type":"MultiPolygon","coordinates":[[[[77.800419859337879,8.749154253783717,0.0],[77.8007773965723,8.750829376325161,0.0],[77.801257612220112,8.751189076392148,0.0],[77.801650226551189,8.750173163143053,0.0],[77.80216305927371,8.749157470876757,0.0],[77.80306604929622,8.74844150722633,0.0],[77.803157771387475,8.747604444529175,0.0],[77.802828500587637,8.746886211445586,0.0],[77.802917386535896,8.747574100956488,0.0],[77.802525724856793,8.748081698821654,0.0],[77.80182878839382,8.747905962109643,0.0],[77.801474744127589,8.747571442458637,0.0],[77.800366148286571,8.747578456337664,0.0],[77.799955542489641,8.747851334474884,0.0],[77.800419859337879,8.749154253783717,0.0]]]]}},
{"type":"Feature","properties":{"Tank_name":"Arasan kulam","id":10871},"geometry":{"type":"MultiPolygon","coordinates":[[[[77.798817085615497,8.754413881174324,0.0],[77.79860075930776,8.757582995280364,0.0],[77.799289524723079,8.758929820735482,0.0],[77.799699477202367,8.758522298703106,0.0],[77.799707800733884,8.75741322931869,0.0],[77.800046066809728,8.756180321255826,0.0],[77.799688013689888,8.755088004369505,0.0],[77.799903548907508,8.754302748921871,0.0],[77.799208479563205,8.754055793171686,0.0],[77.798817085615497,8.754413881174324,0.0]]]]}},
{"type":"Feature","properties":{"Tank_name":"Ramanerikulam","id":10872},"geometry":{"type":"MultiPolygon","coordinates":[[[[77.781798687782469,8.746677650122161,0.0],[77.78230127244943,8.745837701191805,0.0],[77.782733682400035,8.74424147576612,0.0],[77.783563924316738,8.742943350688158,0.0],[77.784396441038552,8.741399855198274,0.0],[77.785100978721175,8.740870040529455,0.0],[77.786198768989848,8.741353290237894,0.0],[77.787332604867657,8.741301380763648,0.0],[77.787403346171899,8.740437545720745,0.0],[77.786779384321292,8.74026974043662,0.0],[77.786173310997313,8.740145282436183,0.0],[77.785463436013202,8.739786209079332,0.0],[77.78468651535907,8.739393220025713,0.0],[77.783995149515832,8.739238667709088,0.0],[77.782260777926012,8.739743190949911,0.0],[77.782006585428746,8.741038792866767,0.0],[77.782152277864967,8.741984119672901,0.0],[77.782225454163893,8.743126293878735,0.0],[77.781707269085487,8.744145392560828,0.0],[77.781460348274464,8.744926108111779,0.0],[77.781447871678438,8.746293632785957,0.0],[77.781798687782469,8.746677650122161,0.0]]]]}},
{"type":"Feature","properties":{"Tank_name":"kallutayarkulam","id":10873},"geometry":{"type":"MultiPolygon","coordinates":[[[[77.791805309574684,8.752869770308482,0.0],[77.792979778795868,8.754833475461272,0.0],[77.793843529865981,8.755815843188346,0.0],[77.795862730684235,8.756106657016547,0.0],[77.797003355704092,8.75630043304691,0.0],[77.797811147543626,8.755679702989601,0.0],[77.79691027536812,8.755525228459398,0.0],[77.796190030516328,8.755198634376981,0.0],[77.794520794591634,8.754856443537594,0.0],[77.79435252166563,8.753663916505198,0.0],[77.794090648143353,8.752276018789896,0.0],[77.792914057896894,8.751436592824364,0.0],[77.791927339897086,8.751913165054333,0.0],[77.791805309574684,8.752869770308482,0.0]]]]}},
{"type":"Feature","properties":{"Tank_name":"Mellapattampacherikulam","id":10874},"geometry":{"type":"MultiPolygon","coordinates":[[[[77.778076581474551,8.765019498305328,0.0],[77.780000790522905,8.763732763902693,0.0],[77.780775006890821,8.762225913040808,0.0],[77.781450146653398,8.76124644504597,0.0],[77.782001803549306,8.759161729410215,0.0],[77.783089666430087,8.757246791996092,0.0],[77.784733892361714,8.755467984167293,0.0],[77.784632711672188,8.754944568228121,0.0],[77.784204017285688,8.754577766971373,0.0],[77.783481083504981,8.755413626455804,0.0],[77.782396424539101,8.756798976386849,0.0],[77.781478462560159,8.759021866495051,0.0],[77.780055409841779,8.76131555413712,0.0],[77.779234799159894,8.762916681878233,0.0],[77.777909420695906,8.764421160100436,0.0],[77.778076581474551,8.765019498305328,0.0]]]]}},
{"type":"Feature","properties":{"Tank_name":"Krishnaperikulam","id":10875},"geometry":{"type":"MultiPolygon","coordinates":[[[[77.784470976112459,8.754806183517713,0.0],[77.786417778872689,8.753385708135925,0.0],[77.787303437899126,8.751610022695683,0.0],[77.789246439220662,8.750678465140417,0.0],[77.790078366792983,8.750678156367332,0.0],[77.79002748063715,8.752100972644538,0.0],[77.790169479695621,8.753297280528447,0.0],[77.791370972975471,8.753682265692982,0.0],[77.791373100029702,8.752557990374472,0.0],[77.791160148551782,8.751248342381693,0.0],[77.791186538563508,8.749495773759083,0.0],[77.790827597236131,8.748586109687023,0.0],[77.78972206995762,8.748320908211944,0.0],[77.788399330915851,8.748485870368743,0.0],[77.786810376739368,8.749559317549389,0.0],[77.785365769893048,8.750585188208186,0.0],[77.784373927873602,8.753740860365536,0.0],[77.784470976112459,8.754806183517713,0.0]]]]}},
{"type":"Feature","properties":{"Tank_name":"udayarkulam","id":10876},"geometry":{"type":"MultiPolygon","coordinates":[[[[77.808000408428597,8.738347035676904,0.0],[77.807710650806499,8.739016292742049,0.0],[77.80834529393141,8.739074861635387,0.0],[77.808640923996606,8.73936304901269,0.0],[77.809171122697208,8.739765290821847,0.0],[77.809400567018713,8.740512042328985,0.0],[77.809785265022811,8.740512743185814,0.0],[77.809652170308851,8.739670483600237,0.0],[77.80942307810254,8.738732365316968,0.0],[77.809271383863518,8.737545610166602,0.0],[77.809253628618791,8.73674183411039,0.0],[77.809543839190965,8.735823798426157,0.0],[77.80975696896391,8.73498216910415,0.0],[77.810047669052906,8.733796218989221,0.0],[77.809856414076819,8.733202631409283,0.0],[77.809086399129171,8.733545691100927,0.0],[77.808027688170966,8.733983906229756,0.0],[77.808874122788126,8.734072267636146,0.0],[77.808950418665319,8.734272640114169,0.0],[77.808545681767654,8.734712047717146,0.0],[77.80803952727608,8.735364372814391,0.0],[77.808311445594555,8.736567885544916,0.0],[77.808649946279814,8.737330605697785,0.0],[77.808231719784715,8.738079543390741,0.0],[77.808000408428597,8.738347035676904,0.0]]]]}},
{"type":"Feature","properties":{"Tank_name":"Ariakulam","id":10877},"geometry":{"type":"MultiPolygon","coordinates":[[[[77.813076120816135,8.556833693621932,0.0],[77.815283329137372,8.55877082730524,0.0],[77.818735131227726,8.559037217135115,0.0],[77.821562659207061,8.558746955825265,0.0],[77.824493189490099,8.557357576726737,0.0],[77.82440799568181,8.555316287429925,0.0],[77.823694273620532,8.554492391825489,0.0],[77.822560035833675,8.555472665622899,0.0],[77.819623037279882,8.55707702249954,0.0],[77.818352160201172,8.555919182844038,0.0],[77.817393561876258,8.55513989489649,0.0],[77.816751164285662,8.557500928502218,0.0],[77.816395268058173,8.557768288616183,0.0],[77.815170728534227,8.557879961252675,0.0],[77.813765362187368,8.556098530657811,0.0],[77.81276200903757,8.555163347061608,0.0],[77.813076120816135,8.556833693621932,0.0]]]]}},
{"type":"Feature","properties":{"Tank_name":"veerakeralaperi","id":10878},"geometry":{"type":"MultiPolygon","coordinates":[[[[77.799315958187407,8.564179780437092,0.0],[77.801773790012945,8.564203738728185,0.0],[77.805902820562821,8.56415351990006,0.0],[77.807917865612225,8.563907170832385,0.0],[77.81025284223908,8.56395574331367,0.0],[77.811307566207887,8.5624558734342,0.0],[77.810913619981619,8.56196430105207,0.0],[77.809046846633848,8.562776036180571,0.0],[77.806835073093382,8.562948684444994,0.0],[77.805383890123863,8.562186961145459,0.0],[77.804030530054249,8.561081043817724,0.0],[77.801782965827002,8.560331205963875,0.0],[77.800293910442221,8.56054115472568,0.0],[77.799608275073425,8.562335934398769,0.0],[77.797913896295128,8.563393461380974,0.0],[77.799315958187407,8.564179780437092,0.0]]]]}},
{"type":"Feature","properties":{"Tank_name":"somakulam","id":10879},"geometry":{"type":"MultiPolygon","coordinates":[[[[77.815760150212228,8.590724201648261,0.0],[77.816355015409314,8.59024830949898,0.0],[77.816648472611504,8.589335334019339,0.0],[77.817007446631308,8.588318048008547,0.0],[77.81731377214706,8.587625487117595,0.0],[77.817574489984651,8.587036036666746,0.0],[77.817348266893376,8.586470481114782,0.0],[77.816979623928205,8.585548873749838,0.0],[77.816646941279302,8.584989363462123,0.0],[77.816325271875726,8.584448373695935,0.0],[77.815908867315088,8.5836453051927,0.0],[77.815670920777862,8.584031967538282,0.0],[77.81573040681387,8.584805291821489,0.0],[77.816207612900897,8.586068947613562,0.0],[77.816444245281332,8.587601159590594,0.0],[77.816295528512498,8.588701660043649,0.0],[77.815878107176601,8.589734370610969,0.0],[77.815760150212228,8.590724201648261,0.0]]]]}},
{"type":"Feature","properties":{"Tank_name":"devendiriperiya kulam","id":10881},"geometry":{"type":"MultiPolygon","coordinates":[[[[77.776053588259316,8.566241791284389,0.0],[77.778594595141826,8.568714144092747,0.0],[77.779898554204337,8.570601101007684,0.0],[77.780464783106055,8.572249623851686,0.0],[77.783419116660397,8.571676031074103,0.0],[77.782702438088009,8.569378282943903,0.0],[77.780045934623899,8.56747727453927,0.0],[77.780042375422283,8.565354605067574,0.0],[77.776950277042715,8.563249778809313,0.0],[77.77459359409157,8.561382935633896,0.0],[77.773877828875456,8.561339731414627,0.0],[77.775726050410015,8.564679980176964,0.0],[77.776053588259316,8.566241791284389,0.0]]]]}},
{"type":"Feature","properties":{"Tank_name":"seithunganallurkulam","id":10890},"geometry":{"type":"MultiPolygon","coordinates":[[[[77.833703871105016,8.666649572198043,0.0],[77.837537711633118,8.66432601655214,0.0],[77.8386041116526,8.661476055049786,0.0],[77.837958148403558,8.658873612779484,0.0],[77.833868573267296,8.657401646521173,0.0],[77.83154980976731,8.657376274605372,0.0],[77.83326834761759,8.661477413875916,0.0],[77.832926954383396,8.664607217110106,0.0],[77.83256640463388,8.665842724355453,0.0],[77.833703871105016,8.666649572198043,0.0]]]]}},
{"type":"Feature","properties":{"Tank_name":"muthalankurichi kulam","id":10891},"geometry":{"type":"MultiPolygon","coordinates":[[[[77.839672229201,8.683768355363405,0.0],[77.841388172959782,8.683240408731043,0.0],[77.84229332289604,8.681148868598408,0.0],[77.842657357005351,8.679175999397255,0.0],[77.843260536803413,8.677921176305253,0.0],[77.843863400855668,8.67684576020555,0.0],[77.843804339926493,8.676247629128611,0.0],[77.84304222671247,8.676146531868785,0.0],[77.840858435536902,8.676840582307857,0.0],[77.839773722735231,8.678513188715826,0.0],[77.838745749526467,8.682099581736415,0.0],[77.838804488482978,8.682877120971112,0.0],[77.839672229201,8.683768355363405,0.0]]]]}},
{"type":"Feature","properties":{"Tank_name":"iyyanarkulam","id":10892},"geometry":{"type":"MultiPolygon","coordinates":[[[[77.813796717843672,8.659916360373854,0.0],[77.817306423026878,8.662260130216843,0.0],[77.818948521137173,8.662210258921762,0.0],[77.8202717223528,8.661614586742781,0.0],[77.820936539169793,8.659522672443023,0.0],[77.820818598941329,8.658266605459731,0.0],[77.818718613847864,8.656800953783648,0.0],[77.816635801208804,8.655604322858144,0.0],[77.813951382673508,8.654050988653493,0.0],[77.81190652525666,8.652366190249458,0.0],[77.811529848789007,8.653077526857111,0.0],[77.81305908516066,8.65546676827679,0.0],[77.813416004335522,8.658512478386719,0.0],[77.813796717843672,8.659916360373854,0.0]]]]}},
{"type":"Feature","properties":{"Tank_name":"kollivaikulam","id":10893},"geometry":{"type":"MultiPolygon","coordinates":[[[[77.825683630222372,8.67968909584132,0.0],[77.827339589989677,8.684029351271061,0.0],[77.827682446221104,8.684831168174066,0.0],[77.82822505226008,8.683875280507996,0.0],[77.828711700735383,8.680586985608006,0.0],[77.828714144926209,8.679211526246313,0.0],[77.827248551799983,8.678851652200455,0.0],[77.825683630222372,8.67968909584132,0.0]]]]}},
{"type":"Feature","properties":{"Tank_name":"natturkulam","id":10894},"geometry":{"type":"MultiPolygon","coordinates":[[[[77.828256064409771,8.670031306609769,0.0],[77.830072478467244,8.673473533581465,0.0],[77.831182883286331,8.676584538273248,0.0],[77.831240759868507,8.677840498612094,0.0],[77.832084581688704,8.676466511667375,0.0],[77.832990289998293,8.674075982261865,0.0],[77.832933567808411,8.672162192331951,0.0],[77.831995609542233,8.670886909288786,0.0],[77.831401180583796,8.669783422826846,0.0],[77.830361027415179,8.667922330118218,0.0],[77.830244672365694,8.667164638088328,0.0],[77.828813464655298,8.668252168113922,0.0],[77.828222332703035,8.669471260997387,0.0],[77.828256064409771,8.670031306609769,0.0]]]]}},
{"type":"Feature","properties":{"Tank_name":"kuthukal kulam","id":10895},"geometry":{"type":"MultiPolygon","coordinates":[[[[77.783808761546112,8.66184718188255,0.0],[77.786190187943347,8.665200412306229,0.0],[77.789793524785736,8.666522777385296,0.0],[77.791838278415568,8.665749141788268,0.0],[77.793230678492762,8.66688887763708,0.0],[77.795681476395941,8.667370909802138,0.0],[77.795684148197083,8.665935656862947,0.0],[77.793744989615675,8.664491363355783,0.0],[77.793245523224201,8.66383940228857,0.0],[77.79118968492854,8.66224769174373,0.0],[77.789310933835026,8.661174514426573,0.0],[77.785399087772433,8.661022078337755,0.0],[77.783941731895496,8.660964912443069,0.0],[77.783808761546112,8.66184718188255,0.0]]]]}},
{"type":"Feature","properties":{"Tank_name":"sivanthi[patti","id":10929},"geometry":{"type":"MultiPolygon","coordinates":[[[[77.788073612334713,8.641782960872565,0.0],[77.791451045052085,8.645400891929455,0.0],[77.793539288463535,8.646251491092702,0.0],[77.794981859534829,8.646941330028122,0.0],[77.794927827342406,8.645841149288009,0.0],[77.794105229035878,8.644439515211049,0.0],[77.791991515019163,8.642814353333506,0.0],[77.790128501562336,8.64151421259011,0.0],[77.788182707828526,8.639973537528114,0.0],[77.788073612334713,8.641782960872565,0.0]]]]}},
{"type":"Feature","properties":{"Tank_name":"Sannathupudukudi kulam","id":11125},"geometry":{"type":"MultiPolygon","coordinates":[[[[77.766551366746455,8.87722254056448,0.0],[77.766790743781129,8.87818009813666,0.0],[77.766934527105249,8.878634976864047,0.0],[77.767463007614069,8.879329665002007,0.0],[77.769075361597729,8.879236021261454,0.0],[77.769509151877344,8.878734024777058,0.0],[77.76950999280848,8.878087883468146,0.0],[77.769679181318011,8.877513752382992,0.0],[77.770521915018662,8.877108005264544,0.0],[77.771773407399806,8.876942092048102,0.0],[77.772832580633391,8.876632341543869,0.0],[77.773097736832099,8.876273712129606,0.0],[77.773579674889859,8.875747840651071,0.0],[77.774639151424594,8.875198772927128,0.0],[77.775417186750261,8.875001077742809,0.0],[77.775659006920804,8.875124560208985,0.0],[77.776130298367391,8.875507327653398,0.0],[77.776443928792787,8.875153203680306,0.0],[77.776685569631027,8.874363779521099,0.0],[77.777456437443803,8.873694681275486,0.0],[77.778539415736233,8.873576393813794,0.0],[77.778780257279791,8.873409179112137,0.0],[77.77890121204257,8.872906775713258,0.0],[77.779098185476627,8.872065516005517,0.0],[77.779216070830017,8.871303779640401,0.0],[77.779360995332496,8.870873199903,0.0],[77.778566776538554,8.870991854692321,0.0],[77.777098467041995,8.871372898619779,0.0],[77.775557782451898,8.871897432064934,0.0],[77.774811316626298,8.87230331404192,0.0],[77.774065311659271,8.872350226685647,0.0],[77.77346374445689,8.872349459690808,0.0],[77.772693831269635,8.87227668298806,0.0],[77.771995951673233,8.872323652981599,0.0],[77.770575694694273,8.872752594534754,0.0],[77.770358508944653,8.873230939882728,0.0],[77.769924602224066,8.87382866257348,0.0],[77.769009749559856,8.874186453479696,0.0],[77.768262960347172,8.874831633293542,0.0],[77.767708702757275,8.875453128991454,0.0],[77.767275133206454,8.875787605461641,0.0],[77.766648809023934,8.876313281437959,0.0],[77.766551366746455,8.87722254056448,0.0]]]]}},
{"type":"Feature","properties":{"Tank_name":"Pilaiporuthan kulam","id":11127},"geometry":{"type":"MultiPolygon","coordinates":[[[[77.782584782763152,8.865645874809422,0.0],[77.782969507227875,8.865861737038731,0.0],[77.784204183348351,8.866046700738259,0.0],[77.784873558811654,8.866127302060789,0.0],[77.78556796531818,8.866080356105288,0.0],[77.786241650298123,8.866129055121329,0.0],[77.78686772047655,8.865770862300126,0.0],[77.786050082618331,8.865386948004641,0.0],[77.784943518946008,8.865146260272176,0.0],[77.784678834113791,8.865145930887721,0.0],[77.783956845787856,8.865240756520596,0.0],[77.783186732634448,8.865335520643971,0.0],[77.782681364611491,8.865382751712559,0.0],[77.782584782763152,8.865645874809422,0.0]]]]}},
{"type":"Feature","properties":{"Tank_name":"Gangaikondan kulam","id":11128},"geometry":{"type":"MultiPolygon","coordinates":[[[[77.77735446260921,8.853697604336126,0.0],[77.777643566836815,8.853410794208187,0.0],[77.778221590998555,8.852980760534503,0.0],[77.778944104120129,8.852455182687407,0.0],[77.779810193456044,8.852551996631258,0.0],[77.780748103705804,8.852936073868888,0.0],[77.7813016382363,8.852841042306254,0.0],[77.781662529654938,8.852865425293098,0.0],[77.781975388984293,8.852817954060137,0.0],[77.782264398410035,8.85260293383811,0.0],[77.78286620597359,8.852388303846027,0.0],[77.784045727630698,8.851982942139138,0.0],[77.784479374324064,8.85155271855306,0.0],[77.785129391891573,8.851266350846098,0.0],[77.785587037821387,8.850884018228243,0.0],[77.78626138442192,8.850382297006711,0.0],[77.786719447161545,8.849664925291405,0.0],[77.787297305980104,8.849354532961268,0.0],[77.787490662395072,8.848660764242062,0.0],[77.787877522106172,8.847153570001289,0.0],[77.788386084357697,8.844521753777462,0.0],[77.788363543505028,8.843301229422527,0.0],[77.788534829141398,8.841004034808739,0.0],[77.788657454969126,8.839137543484624,0.0],[77.788346454690952,8.837701281878861,0.0],[77.788347824722038,8.836600443120336,0.0],[77.788156652248958,8.835547229863174,0.0],[77.787940377370433,8.835331581624672,0.0],[77.787556038450958,8.834828550308591,0.0],[77.787100116833145,8.833846804023002,0.0],[77.786788678001088,8.832769510428172,0.0],[77.786476553447145,8.832242635991394,0.0],[77.786067920183186,8.831931023819967,0.0],[77.785587017539328,8.831691115719561,0.0],[77.784744914534755,8.831690072396247,0.0],[77.784022931780086,8.831832764231908,0.0],[77.783878541181579,8.831856516174964,0.0],[77.783493940648441,8.831568862486769,0.0],[77.783326452829968,8.830826783733565,0.0],[77.783230603918852,8.830515557537717,0.0],[77.782797343166536,8.830658606159473,0.0],[77.782676952733439,8.830730250150628,0.0],[77.78207533172079,8.830825225584386,0.0],[77.782050638165515,8.83132775211517,0.0],[77.782074064676081,8.83183033864648,0.0],[77.782241580470043,8.832548486550412,0.0],[77.78238506681916,8.833242673131771,0.0],[77.78231174018488,8.834151971071377,0.0],[77.781781116499374,8.835180354785066,0.0],[77.781587455748237,8.836113433423472,0.0],[77.780720828748841,8.836471319278568,0.0],[77.780215166798314,8.836781792871951,0.0],[77.779757624858263,8.837092326085934,0.0],[77.778697598239006,8.838167902887921,0.0],[77.778287717796815,8.83883746323599,0.0],[77.778167110706832,8.839076624245685,0.0],[77.777877744433113,8.839578816749979,0.0],[77.777540652516393,8.839769842247579,0.0],[77.776987228594919,8.839793075582824,0.0],[77.775808137724269,8.83988731094815,0.0],[77.775519196365082,8.84005446419717,0.0],[77.775494462051711,8.840580920782104,0.0],[77.775710181199216,8.841227338046103,0.0],[77.775829903045732,8.8416821836169,0.0],[77.776190171307121,8.842185195894373,0.0],[77.77635816840754,8.842520446015312,0.0],[77.776598134209522,8.843023305875862,0.0],[77.776982435045682,8.843550279107568,0.0],[77.777606857566141,8.844460455129656,0.0],[77.777846582313927,8.845154764143953,0.0],[77.778229515996486,8.846758641646636,0.0],[77.778468938621018,8.847692262619363,0.0],[77.778251931635481,8.848050958356499,0.0],[77.777602189789121,8.848121933151889,0.0],[77.776976447769613,8.848240799646582,0.0],[77.776999989467285,8.848647660845675,0.0],[77.776638185283062,8.849341210253117,0.0],[77.776132563307442,8.849603814587939,0.0],[77.776156012237294,8.850082469423707,0.0],[77.776491890684497,8.850848694600071,0.0],[77.776995985939223,8.851782650901058,0.0],[77.777259591624841,8.85262057793093,0.0],[77.77735446260921,8.853697604336126,0.0]]]]}}
]
}
